nct_id,brief_title,overall_status,phase,conditions,interventions,location_countries,lead_sponsor,lead_sponsor_norm,region_label,_cost_raw,enrollment_feasibility_score,_benefit_raw,_safety_raw,_benefit,_cost,_safety,_score,config_id,K,lambda_cost,lambda_safety,noise_sigma,seed
NCT04879563,Artificial Intelligence Supporting CAncer Patients Across Europe - the ASCAPE Project,"Active, not recruiting",Phase 2,"['Breast Cancer' 'Prostate Cancer' 'Quality of Life' 'Survivorship'
 'Toxicity']",['ASCAPE-based follow-up strategy'],['Greece' 'Spain' 'Sweden' 'United Kingdom'],Region Örebro County,Region Örebro County,Global / Multi-Region,2.0,1.0,0.6,0.0,0.6232366713619146,1.2760067521242582,0.0,-0.014766704700214461,K25_lc0.5_ls0.5_sig0.1_seed0,25,0.5,0.5,0.1,0
NCT01356290,"Antiangiogenic Therapy for Children with Recurrent Medulloblastoma, Ependymoma and ATRT",Recruiting,Phase 2,['Medulloblastoma Recurrent' 'Ependymoma Recurrent' 'ATRT Recurrent'],"['Bevacizumab' 'Thalidomide' 'Celecoxib' 'Fenofibric acid' 'Etoposide'
 'Cyclophosphamide' 'Etoposide phosphate' 'Cytarabine']","['Austria' 'Czechia' 'Denmark' 'France' 'Norway' 'Spain' 'Sweden'
 'United States']",Medical University of Vienna,Medical University of Vienna,Global / Multi-Region,2.0,1.0,0.6,0.0,0.8152813995113367,1.6827139343213724,0.0,-0.026075567649349485,K25_lc0.5_ls0.5_sig0.1_seed0,25,0.5,0.5,0.1,0
NCT05670106,"A Study to Evaluate the Efficacy, Safety, Pharmacokinetics and Dosimetry of [177Lu]Lu-PSMA-617 in Chinese Adult Male Patients With Progressive PSMA-Positive mCRPC","Active, not recruiting",Phase 2,['Metastatic Castration-Resistant Prostate Cancer (mCRPC)'],"['[177Lu]Lu-PSMA-617' 'Best supportive/best standard of care (BS/BSOC)'
 '68Ga-PSMA-11']",['China'],Novartis Pharmaceuticals,Novartis Pharmaceuticals,Global / Multi-Region,2.0,1.0,0.6,0.0,0.7524338040282234,1.581854890630875,0.0,-0.03849364128721411,K25_lc0.5_ls0.5_sig0.1_seed0,25,0.5,0.5,0.1,0
NCT06657391,Evaluation of Recombinant Humanized Anti-CD25 Monoclonal Antibody for Preventing Graft-versus-host Disease After Haploidentical/matched Unrelated Donor Hematopoietic Stem Cell Transplantation in Patients with Transfusion-dependent Thalassemia,Recruiting,Phase 2,['Transfusion Dependent Thalassemia'],['recombinant humanized anti-CD25 monoclonal antibody'],['China'],Rongrong Liu,Rongrong Liu,Global / Multi-Region,2.0,1.0,0.6,0.0,0.8054443336260464,1.6950473690621068,0.0,-0.04207935090500703,K25_lc0.5_ls0.5_sig0.1_seed0,25,0.5,0.5,0.1,0
NCT04948619,Immune Function and Response to Vaccination After Cancer Therapy in Pediatric Patients,Recruiting,Phase 2,['Pediatric Cancer'],['Vaccine'],['United States'],Wake Forest University Health Sciences,Wake Forest University Health Sciences,Global / Multi-Region,2.0,1.0,0.6,0.0,0.7534923081192648,1.5912101964742074,0.0,-0.04211279011783886,K25_lc0.5_ls0.5_sig0.1_seed0,25,0.5,0.5,0.1,0
NCT06168786,Cadonilimab Combined With Fruquintinib and SBRT as Athird-line and Posterior Line Treatment in Patients With MSS CRC,Recruiting,Phase 2,['Colorectal Cancer'],['Fruquintinib' 'Cadonilimab' 'SBRT'],['China'],Huazhong University of Science and Technology,Huazhong University of Science and Technology,Global / Multi-Region,2.0,1.0,0.6,0.0,0.7295993653739405,1.5493567125439083,0.0,-0.04507899089801359,K25_lc0.5_ls0.5_sig0.1_seed0,25,0.5,0.5,0.1,0
NCT05806931,Sequential TAS-OX Alternating With TAS-IRI Plus Bevacizumab for Late-Line Metastatic Colorectal Cancer,Recruiting,Phase 2,['Colon Cancer' 'Rectal Cancer'],"['TAS-102, oxaliplatin, irinotecan with bevacizumab']",['United States'],"Rutgers, The State University of New Jersey","Rutgers, The State University of New Jersey",Global / Multi-Region,2.0,1.0,0.6,0.0,0.7383767922886745,1.569945608957048,0.0,-0.046596012189849545,K25_lc0.5_ls0.5_sig0.1_seed0,25,0.5,0.5,0.1,0
NCT04698785,Efficacy of Regorafenib Combined With Best Supportive Care as Maintenance Treatment in High Grade Bone Sarcomas Patients,Recruiting,Phase 2,['Bone Sarcoma' 'Osteosarcoma'],['Treatment by regorafenib and best supportive care'],['France'],Centre Leon Berard,Centre Leon Berard,Global / Multi-Region,2.0,1.0,0.6,0.0,0.7374371033844402,1.5757303760601564,0.0,-0.05042808464563797,K25_lc0.5_ls0.5_sig0.1_seed0,25,0.5,0.5,0.1,0
NCT04202835,ATG Plus PTCy vs ATG for CGVHD Prophylaxis,"Active, not recruiting",Phase 2,['Acute Leukemia' 'Myelodysplasia' 'Chronic Graft-versus-host-disease'],['Cyclophosphamide' 'Anti-Thymocyte globulin (rabbit)'],['Australia' 'Canada'],McMaster University,McMaster University,Global / Multi-Region,2.0,1.0,0.6,0.0,0.7556874876523839,1.6155267409586782,0.0,-0.05207588282695519,K25_lc0.5_ls0.5_sig0.1_seed0,25,0.5,0.5,0.1,0
NCT05576896,Hydroxychloroquine in Combination With Encorafenib and Cetuximab or Panitumumab in the Treatment of Metastatic BRAF-mutated Colorectal Cancer Refractory,Recruiting,Phase 2,"['Stage IV Colorectal Cancer Positive for BRAF V600E Mutation'
 'Colorectal Cancer' 'Colorectal Cancer Stage IV']",['Hydroxychloroquine in Combination With Encorafenib and Cetuximab or Panitumumab'],['United States'],Northwestern University,Northwestern University,Global / Multi-Region,2.0,1.0,0.6,0.0,0.7867043274825442,1.680847137079668,0.0,-0.05371924105728987,K25_lc0.5_ls0.5_sig0.1_seed0,25,0.5,0.5,0.1,0
NCT06276868,"Darsilide Combined With AI, Trastuzumab and Patuzumab in the Neoadjuvant Treatment of HR+/HER2+ Breast Cancer",Recruiting,Phase 2,['Breast Cancer' 'HER2-positive Breast Cancer'],['Dalcilib+letrozole+HP treatment group'],['China'],Henan Cancer Hospital,Henan Cancer Hospital,Global / Multi-Region,2.0,1.0,0.6,0.0,0.8226600622273617,1.7614350698276728,0.0,-0.058057472686474765,K25_lc0.5_ls0.5_sig0.1_seed0,25,0.5,0.5,0.1,0
NCT06827977,A Study of Microbiome Transplantation for the Treatment of Constipation and/or Significant Bloating in Patients With Systemic Sclerosis,Recruiting,Phase 2,['Constipation' 'Bloating'],['PRIM-DJ2727' 'Placebo'],['United States'],"The University of Texas Health Science Center, Houston","The University of Texas Health Science Center, Houston",Global / Multi-Region,2.0,1.0,0.6,0.0,0.7109676625154144,1.5440163544614498,0.0,-0.06104051471531047,K25_lc0.5_ls0.5_sig0.1_seed0,25,0.5,0.5,0.1,0
NCT04220749,Radiotherapy vs. Trans-Oral Surgery for HPV-Negative Oropharyngeal Squamous Cell Carcinoma,Recruiting,Phase 2,['Head and Neck Cancer' 'Oropharyngeal Squamous Cell Carcinoma'],['Radiation' 'Trans-Oral Surgery (TOS) + Neck Dissection'],['Canada'],London Health Sciences Centre Research Institute OR Lawson Research Institute of St. Joseph's,London Health Sciences Centre Research Institute OR Lawson Research Institute of St. Joseph's,Global / Multi-Region,2.0,1.0,0.6,0.0,0.6850295392116407,1.510367865271909,0.0,-0.07015439342431384,K25_lc0.5_ls0.5_sig0.1_seed0,25,0.5,0.5,0.1,0
NCT06184009,Treatment of Newly Diagnosed High Risk Pediatric Acute Lymphoblastic Leukemia,Recruiting,Phase 2,['Pediatric Acute Lymphoblastic Leukemia'],"['ALL, High risk']",['South Korea'],Jae Wook Lee,Jae Wook Lee,Global / Multi-Region,2.0,1.0,0.6,0.0,0.8148524839154482,1.7764757714610626,0.0,-0.07338540181508313,K25_lc0.5_ls0.5_sig0.1_seed0,25,0.5,0.5,0.1,0
NCT05008900,Timing of Post-prostatectomy PSMA Imaging,Recruiting,Phase 2,['Prostate Cancer' 'Prostatectomy'],['Salvage radiotherapy'],['Canada'],"University Health Network, Toronto","University Health Network, Toronto",Global / Multi-Region,2.0,1.0,0.6,0.0,0.818391203891294,1.7839789489132434,0.0,-0.07359827056532764,K25_lc0.5_ls0.5_sig0.1_seed0,25,0.5,0.5,0.1,0
NCT05500326,Ivermectin Therapy for Scabies Infection in Children Younger Than 5 Years of Age (ITCHY Study),Recruiting,Phase 2,['Scabies; Itch' 'Scabies'],['Ivermectin Tablets'],['Laos'],Murdoch Childrens Research Institute,Murdoch Childrens Research Institute,Global / Multi-Region,2.0,1.0,0.6,0.0,0.7246752892010989,1.5986944708155848,0.0,-0.07467194620669348,K25_lc0.5_ls0.5_sig0.1_seed0,25,0.5,0.5,0.1,0
NCT04886531,"Trial of Pre-operative Neratinib and Endocrine Therapy With Trastuzumab in ER-Positive, HER-2 Positive Breast Cancers",Recruiting,Phase 2,"['Breast Cancer' 'HER2-positive Breast Cancer' 'ER Positive Breast Cancer'
 'PR-Positive Breast Cancer']",['Neratinib' 'Letrozole (L) or Anastrozole (A)' 'Trastuzumab'],['United States'],Ruth O'Regan,Ruth O'Regan,Global / Multi-Region,2.0,1.0,0.6,0.0,0.7189573133558567,1.5876386246787284,0.0,-0.07486199898350754,K25_lc0.5_ls0.5_sig0.1_seed0,25,0.5,0.5,0.1,0
NCT04904588,HLA-Mismatched Unrelated Donor Hematopoietic Cell Transplantation With Post-Transplantation Cyclophosphamide,"Active, not recruiting",Phase 2,"['Acute Lymphoblastic Leukemia' 'Acute Myelogenous Leukemia'
 'Mixed Phenotype Acute Leukemia' 'Acute Leukemia'
 'Myelodysplastic Syndromes' 'Chronic Myelogenous Leukemia'
 'Chronic Lymphocytic Leukemia' 'Lymphoma']","['Busulfan' 'Busulfan' 'Fludarabine' 'Total-body irradiation'
 'Cyclophosphamide' 'Melphalan'
 'PBSC Hematopoietic Stem Cell Transplantation (HSCT)'
 'Bone Marrow Hematopoietic Stem Cell Transplantation'
 'Post-transplant Cyclophosphamide' 'Mesna' 'Tacrolimus'
 'Mycophenolate Mofetil' 'Patient-Reported Outcomes']",['United States'],Center for International Blood and Marrow Transplant Research,Center for International Blood and Marrow Transplant Research,Global / Multi-Region,2.0,1.0,0.6,0.0,0.7140391464598336,1.5830803738556276,0.0,-0.07750104046798023,K25_lc0.5_ls0.5_sig0.1_seed0,25,0.5,0.5,0.1,0
NCT07160608,Safety and Efficacy of Tarperprumig in Adult Participants With Anti-Neutrophil Cytoplasmic Antibody (ANCA)-Associated Vasculitis,Recruiting,Phase 2,['Anti-Neutrophil Cytoplasmic Antibody-Associated Vasculitis'],['Placebo' 'Tarperprumig'],"['Argentina' 'Australia' 'Brazil' 'Canada' 'China' 'France' 'Germany'
 'Italy' 'Poland' 'South Korea' 'Spain' 'Taiwan' 'Turkey (Türkiye)'
 'United Kingdom']","Alexion Pharmaceuticals, Inc.","Alexion Pharmaceuticals, Inc.",Global / Multi-Region,2.0,1.0,0.6,0.0,0.8060825104785201,1.7676668160900018,0.0,-0.07775089756648079,K25_lc0.5_ls0.5_sig0.1_seed0,25,0.5,0.5,0.1,0
NCT04565925,Sildenafil for Treatment of Urinary Incontinence in Patients With Spinal Cord Injuries,Recruiting,Phase 2,['Spinal Cord Injuries' 'Urinary Incontinence'],['Sildenafil Citrate' 'Placebo'],['United States'],"The University of Texas Medical Branch, Galveston","The University of Texas Medical Branch, Galveston",Global / Multi-Region,2.0,1.0,0.6,0.0,0.6253328881201504,1.4091291749475818,0.0,-0.0792316993536405,K25_lc0.5_ls0.5_sig0.1_seed0,25,0.5,0.5,0.1,0
NCT06465823,Efficacy of Bumetanide to Improve Cognitive Functions in Down Syndrome,Recruiting,Phase 2,['Down Syndrome'],['Bumetanide' 'Placebo'],['Italy'],Stefano Vicari,Stefano Vicari,Global / Multi-Region,2.0,1.0,0.6,0.0,0.6994582477939811,1.5596128505314857,0.0,-0.0803481774717617,K25_lc0.5_ls0.5_sig0.1_seed0,25,0.5,0.5,0.1,0
NCT06462378,Proton Therapy for Locally Advanced Cervical Cancer,Recruiting,Phase 2,['Cervical Cancer' 'Proton Therapy' 'Radiotherapy Side Effect'],['Proton therapy'],['Denmark'],University of Aarhus,University of Aarhus,Global / Multi-Region,2.0,1.0,0.6,0.0,0.6936288277196364,1.5482532573474133,0.0,-0.08049780095407022,K25_lc0.5_ls0.5_sig0.1_seed0,25,0.5,0.5,0.1,0
NCT06353685,De-Escalation Postoperative Radiotherapy for Oral Squamous Cell Carcinoma With pCR/MPR.,Recruiting,Phase 2,['De-escalated Radiotherapy; Head and Neck Cancer'],"['Continuous, hyperfractionated, accelerated radiotherapy(CHART)']",['China'],Sun Yat-Sen Memorial Hospital of Sun Yat-Sen University,Sun Yat-Sen Memorial Hospital of Sun Yat-Sen University,Global / Multi-Region,2.0,1.0,0.6,0.0,0.7276211289836679,1.6183994336411658,0.0,-0.08157858783691496,K25_lc0.5_ls0.5_sig0.1_seed0,25,0.5,0.5,0.1,0
NCT05647473,"Efficacy, Safety and Response Predictors of Adjuvant Astragalus for Cognition in Orthostatic Hypotension",Recruiting,Phase 2,['Orthostatic Hypotension' 'Alzheimer Disease'],"['Routine treatment' 'add-on low dose Astragalus'
 'add-on high dose Astragalus']",['China'],Fujian Medical University Union Hospital,Fujian Medical University Union Hospital,Global / Multi-Region,2.0,1.0,0.6,0.0,0.6807553993574953,1.5298648166141093,0.0,-0.08417700894955937,K25_lc0.5_ls0.5_sig0.1_seed0,25,0.5,0.5,0.1,0
NCT06793371,"AMBER-HFpEF: Assessment of CK-4021586 in a Multi-Center, Blinded Evaluation of Safety and Tolerability Results in HFpEF",Recruiting,Phase 2,['Symptomatic Heart Failure With Preserved Ejection Fraction (HFpEF)'],"['CK-4021586 (150 mg, 300 mg, 450 mg, and 600 mg)'
 'Placebo to match CK-4021586']",['United States'],Cytokinetics,Cytokinetics,Global / Multi-Region,2.0,1.0,0.6,0.0,0.8054272331369577,1.7843588858387864,0.0,-0.08675220978243547,K25_lc0.5_ls0.5_sig0.1_seed0,25,0.5,0.5,0.1,0
NCT04879563,Artificial Intelligence Supporting CAncer Patients Across Europe - the ASCAPE Project,"Active, not recruiting",Phase 2,"['Breast Cancer' 'Prostate Cancer' 'Quality of Life' 'Survivorship'
 'Toxicity']",['ASCAPE-based follow-up strategy'],['Greece' 'Spain' 'Sweden' 'United Kingdom'],Region Örebro County,Region Örebro County,Global / Multi-Region,2.0,1.0,0.6,0.0,0.6232366713619146,1.2760067521242582,0.0,-0.014766704700214461,K25_lc0.5_ls1_sig0.1_seed0,25,0.5,1.0,0.1,0
NCT01356290,"Antiangiogenic Therapy for Children with Recurrent Medulloblastoma, Ependymoma and ATRT",Recruiting,Phase 2,['Medulloblastoma Recurrent' 'Ependymoma Recurrent' 'ATRT Recurrent'],"['Bevacizumab' 'Thalidomide' 'Celecoxib' 'Fenofibric acid' 'Etoposide'
 'Cyclophosphamide' 'Etoposide phosphate' 'Cytarabine']","['Austria' 'Czechia' 'Denmark' 'France' 'Norway' 'Spain' 'Sweden'
 'United States']",Medical University of Vienna,Medical University of Vienna,Global / Multi-Region,2.0,1.0,0.6,0.0,0.8152813995113367,1.6827139343213724,0.0,-0.026075567649349485,K25_lc0.5_ls1_sig0.1_seed0,25,0.5,1.0,0.1,0
NCT05670106,"A Study to Evaluate the Efficacy, Safety, Pharmacokinetics and Dosimetry of [177Lu]Lu-PSMA-617 in Chinese Adult Male Patients With Progressive PSMA-Positive mCRPC","Active, not recruiting",Phase 2,['Metastatic Castration-Resistant Prostate Cancer (mCRPC)'],"['[177Lu]Lu-PSMA-617' 'Best supportive/best standard of care (BS/BSOC)'
 '68Ga-PSMA-11']",['China'],Novartis Pharmaceuticals,Novartis Pharmaceuticals,Global / Multi-Region,2.0,1.0,0.6,0.0,0.7524338040282234,1.581854890630875,0.0,-0.03849364128721411,K25_lc0.5_ls1_sig0.1_seed0,25,0.5,1.0,0.1,0
NCT06657391,Evaluation of Recombinant Humanized Anti-CD25 Monoclonal Antibody for Preventing Graft-versus-host Disease After Haploidentical/matched Unrelated Donor Hematopoietic Stem Cell Transplantation in Patients with Transfusion-dependent Thalassemia,Recruiting,Phase 2,['Transfusion Dependent Thalassemia'],['recombinant humanized anti-CD25 monoclonal antibody'],['China'],Rongrong Liu,Rongrong Liu,Global / Multi-Region,2.0,1.0,0.6,0.0,0.8054443336260464,1.6950473690621068,0.0,-0.04207935090500703,K25_lc0.5_ls1_sig0.1_seed0,25,0.5,1.0,0.1,0
NCT04948619,Immune Function and Response to Vaccination After Cancer Therapy in Pediatric Patients,Recruiting,Phase 2,['Pediatric Cancer'],['Vaccine'],['United States'],Wake Forest University Health Sciences,Wake Forest University Health Sciences,Global / Multi-Region,2.0,1.0,0.6,0.0,0.7534923081192648,1.5912101964742074,0.0,-0.04211279011783886,K25_lc0.5_ls1_sig0.1_seed0,25,0.5,1.0,0.1,0
NCT06168786,Cadonilimab Combined With Fruquintinib and SBRT as Athird-line and Posterior Line Treatment in Patients With MSS CRC,Recruiting,Phase 2,['Colorectal Cancer'],['Fruquintinib' 'Cadonilimab' 'SBRT'],['China'],Huazhong University of Science and Technology,Huazhong University of Science and Technology,Global / Multi-Region,2.0,1.0,0.6,0.0,0.7295993653739405,1.5493567125439083,0.0,-0.04507899089801359,K25_lc0.5_ls1_sig0.1_seed0,25,0.5,1.0,0.1,0
NCT05806931,Sequential TAS-OX Alternating With TAS-IRI Plus Bevacizumab for Late-Line Metastatic Colorectal Cancer,Recruiting,Phase 2,['Colon Cancer' 'Rectal Cancer'],"['TAS-102, oxaliplatin, irinotecan with bevacizumab']",['United States'],"Rutgers, The State University of New Jersey","Rutgers, The State University of New Jersey",Global / Multi-Region,2.0,1.0,0.6,0.0,0.7383767922886745,1.569945608957048,0.0,-0.046596012189849545,K25_lc0.5_ls1_sig0.1_seed0,25,0.5,1.0,0.1,0
NCT04698785,Efficacy of Regorafenib Combined With Best Supportive Care as Maintenance Treatment in High Grade Bone Sarcomas Patients,Recruiting,Phase 2,['Bone Sarcoma' 'Osteosarcoma'],['Treatment by regorafenib and best supportive care'],['France'],Centre Leon Berard,Centre Leon Berard,Global / Multi-Region,2.0,1.0,0.6,0.0,0.7374371033844402,1.5757303760601564,0.0,-0.05042808464563797,K25_lc0.5_ls1_sig0.1_seed0,25,0.5,1.0,0.1,0
NCT04202835,ATG Plus PTCy vs ATG for CGVHD Prophylaxis,"Active, not recruiting",Phase 2,['Acute Leukemia' 'Myelodysplasia' 'Chronic Graft-versus-host-disease'],['Cyclophosphamide' 'Anti-Thymocyte globulin (rabbit)'],['Australia' 'Canada'],McMaster University,McMaster University,Global / Multi-Region,2.0,1.0,0.6,0.0,0.7556874876523839,1.6155267409586782,0.0,-0.05207588282695519,K25_lc0.5_ls1_sig0.1_seed0,25,0.5,1.0,0.1,0
NCT05576896,Hydroxychloroquine in Combination With Encorafenib and Cetuximab or Panitumumab in the Treatment of Metastatic BRAF-mutated Colorectal Cancer Refractory,Recruiting,Phase 2,"['Stage IV Colorectal Cancer Positive for BRAF V600E Mutation'
 'Colorectal Cancer' 'Colorectal Cancer Stage IV']",['Hydroxychloroquine in Combination With Encorafenib and Cetuximab or Panitumumab'],['United States'],Northwestern University,Northwestern University,Global / Multi-Region,2.0,1.0,0.6,0.0,0.7867043274825442,1.680847137079668,0.0,-0.05371924105728987,K25_lc0.5_ls1_sig0.1_seed0,25,0.5,1.0,0.1,0
NCT06276868,"Darsilide Combined With AI, Trastuzumab and Patuzumab in the Neoadjuvant Treatment of HR+/HER2+ Breast Cancer",Recruiting,Phase 2,['Breast Cancer' 'HER2-positive Breast Cancer'],['Dalcilib+letrozole+HP treatment group'],['China'],Henan Cancer Hospital,Henan Cancer Hospital,Global / Multi-Region,2.0,1.0,0.6,0.0,0.8226600622273617,1.7614350698276728,0.0,-0.058057472686474765,K25_lc0.5_ls1_sig0.1_seed0,25,0.5,1.0,0.1,0
NCT06827977,A Study of Microbiome Transplantation for the Treatment of Constipation and/or Significant Bloating in Patients With Systemic Sclerosis,Recruiting,Phase 2,['Constipation' 'Bloating'],['PRIM-DJ2727' 'Placebo'],['United States'],"The University of Texas Health Science Center, Houston","The University of Texas Health Science Center, Houston",Global / Multi-Region,2.0,1.0,0.6,0.0,0.7109676625154144,1.5440163544614498,0.0,-0.06104051471531047,K25_lc0.5_ls1_sig0.1_seed0,25,0.5,1.0,0.1,0
NCT04220749,Radiotherapy vs. Trans-Oral Surgery for HPV-Negative Oropharyngeal Squamous Cell Carcinoma,Recruiting,Phase 2,['Head and Neck Cancer' 'Oropharyngeal Squamous Cell Carcinoma'],['Radiation' 'Trans-Oral Surgery (TOS) + Neck Dissection'],['Canada'],London Health Sciences Centre Research Institute OR Lawson Research Institute of St. Joseph's,London Health Sciences Centre Research Institute OR Lawson Research Institute of St. Joseph's,Global / Multi-Region,2.0,1.0,0.6,0.0,0.6850295392116407,1.510367865271909,0.0,-0.07015439342431384,K25_lc0.5_ls1_sig0.1_seed0,25,0.5,1.0,0.1,0
NCT06184009,Treatment of Newly Diagnosed High Risk Pediatric Acute Lymphoblastic Leukemia,Recruiting,Phase 2,['Pediatric Acute Lymphoblastic Leukemia'],"['ALL, High risk']",['South Korea'],Jae Wook Lee,Jae Wook Lee,Global / Multi-Region,2.0,1.0,0.6,0.0,0.8148524839154482,1.7764757714610626,0.0,-0.07338540181508313,K25_lc0.5_ls1_sig0.1_seed0,25,0.5,1.0,0.1,0
NCT05008900,Timing of Post-prostatectomy PSMA Imaging,Recruiting,Phase 2,['Prostate Cancer' 'Prostatectomy'],['Salvage radiotherapy'],['Canada'],"University Health Network, Toronto","University Health Network, Toronto",Global / Multi-Region,2.0,1.0,0.6,0.0,0.818391203891294,1.7839789489132434,0.0,-0.07359827056532764,K25_lc0.5_ls1_sig0.1_seed0,25,0.5,1.0,0.1,0
NCT05500326,Ivermectin Therapy for Scabies Infection in Children Younger Than 5 Years of Age (ITCHY Study),Recruiting,Phase 2,['Scabies; Itch' 'Scabies'],['Ivermectin Tablets'],['Laos'],Murdoch Childrens Research Institute,Murdoch Childrens Research Institute,Global / Multi-Region,2.0,1.0,0.6,0.0,0.7246752892010989,1.5986944708155848,0.0,-0.07467194620669348,K25_lc0.5_ls1_sig0.1_seed0,25,0.5,1.0,0.1,0
NCT04886531,"Trial of Pre-operative Neratinib and Endocrine Therapy With Trastuzumab in ER-Positive, HER-2 Positive Breast Cancers",Recruiting,Phase 2,"['Breast Cancer' 'HER2-positive Breast Cancer' 'ER Positive Breast Cancer'
 'PR-Positive Breast Cancer']",['Neratinib' 'Letrozole (L) or Anastrozole (A)' 'Trastuzumab'],['United States'],Ruth O'Regan,Ruth O'Regan,Global / Multi-Region,2.0,1.0,0.6,0.0,0.7189573133558567,1.5876386246787284,0.0,-0.07486199898350754,K25_lc0.5_ls1_sig0.1_seed0,25,0.5,1.0,0.1,0
NCT04904588,HLA-Mismatched Unrelated Donor Hematopoietic Cell Transplantation With Post-Transplantation Cyclophosphamide,"Active, not recruiting",Phase 2,"['Acute Lymphoblastic Leukemia' 'Acute Myelogenous Leukemia'
 'Mixed Phenotype Acute Leukemia' 'Acute Leukemia'
 'Myelodysplastic Syndromes' 'Chronic Myelogenous Leukemia'
 'Chronic Lymphocytic Leukemia' 'Lymphoma']","['Busulfan' 'Busulfan' 'Fludarabine' 'Total-body irradiation'
 'Cyclophosphamide' 'Melphalan'
 'PBSC Hematopoietic Stem Cell Transplantation (HSCT)'
 'Bone Marrow Hematopoietic Stem Cell Transplantation'
 'Post-transplant Cyclophosphamide' 'Mesna' 'Tacrolimus'
 'Mycophenolate Mofetil' 'Patient-Reported Outcomes']",['United States'],Center for International Blood and Marrow Transplant Research,Center for International Blood and Marrow Transplant Research,Global / Multi-Region,2.0,1.0,0.6,0.0,0.7140391464598336,1.5830803738556276,0.0,-0.07750104046798023,K25_lc0.5_ls1_sig0.1_seed0,25,0.5,1.0,0.1,0
NCT07160608,Safety and Efficacy of Tarperprumig in Adult Participants With Anti-Neutrophil Cytoplasmic Antibody (ANCA)-Associated Vasculitis,Recruiting,Phase 2,['Anti-Neutrophil Cytoplasmic Antibody-Associated Vasculitis'],['Placebo' 'Tarperprumig'],"['Argentina' 'Australia' 'Brazil' 'Canada' 'China' 'France' 'Germany'
 'Italy' 'Poland' 'South Korea' 'Spain' 'Taiwan' 'Turkey (Türkiye)'
 'United Kingdom']","Alexion Pharmaceuticals, Inc.","Alexion Pharmaceuticals, Inc.",Global / Multi-Region,2.0,1.0,0.6,0.0,0.8060825104785201,1.7676668160900018,0.0,-0.07775089756648079,K25_lc0.5_ls1_sig0.1_seed0,25,0.5,1.0,0.1,0
NCT04565925,Sildenafil for Treatment of Urinary Incontinence in Patients With Spinal Cord Injuries,Recruiting,Phase 2,['Spinal Cord Injuries' 'Urinary Incontinence'],['Sildenafil Citrate' 'Placebo'],['United States'],"The University of Texas Medical Branch, Galveston","The University of Texas Medical Branch, Galveston",Global / Multi-Region,2.0,1.0,0.6,0.0,0.6253328881201504,1.4091291749475818,0.0,-0.0792316993536405,K25_lc0.5_ls1_sig0.1_seed0,25,0.5,1.0,0.1,0
NCT06465823,Efficacy of Bumetanide to Improve Cognitive Functions in Down Syndrome,Recruiting,Phase 2,['Down Syndrome'],['Bumetanide' 'Placebo'],['Italy'],Stefano Vicari,Stefano Vicari,Global / Multi-Region,2.0,1.0,0.6,0.0,0.6994582477939811,1.5596128505314857,0.0,-0.0803481774717617,K25_lc0.5_ls1_sig0.1_seed0,25,0.5,1.0,0.1,0
NCT06462378,Proton Therapy for Locally Advanced Cervical Cancer,Recruiting,Phase 2,['Cervical Cancer' 'Proton Therapy' 'Radiotherapy Side Effect'],['Proton therapy'],['Denmark'],University of Aarhus,University of Aarhus,Global / Multi-Region,2.0,1.0,0.6,0.0,0.6936288277196364,1.5482532573474133,0.0,-0.08049780095407022,K25_lc0.5_ls1_sig0.1_seed0,25,0.5,1.0,0.1,0
NCT06353685,De-Escalation Postoperative Radiotherapy for Oral Squamous Cell Carcinoma With pCR/MPR.,Recruiting,Phase 2,['De-escalated Radiotherapy; Head and Neck Cancer'],"['Continuous, hyperfractionated, accelerated radiotherapy(CHART)']",['China'],Sun Yat-Sen Memorial Hospital of Sun Yat-Sen University,Sun Yat-Sen Memorial Hospital of Sun Yat-Sen University,Global / Multi-Region,2.0,1.0,0.6,0.0,0.7276211289836679,1.6183994336411658,0.0,-0.08157858783691496,K25_lc0.5_ls1_sig0.1_seed0,25,0.5,1.0,0.1,0
NCT05647473,"Efficacy, Safety and Response Predictors of Adjuvant Astragalus for Cognition in Orthostatic Hypotension",Recruiting,Phase 2,['Orthostatic Hypotension' 'Alzheimer Disease'],"['Routine treatment' 'add-on low dose Astragalus'
 'add-on high dose Astragalus']",['China'],Fujian Medical University Union Hospital,Fujian Medical University Union Hospital,Global / Multi-Region,2.0,1.0,0.6,0.0,0.6807553993574953,1.5298648166141093,0.0,-0.08417700894955937,K25_lc0.5_ls1_sig0.1_seed0,25,0.5,1.0,0.1,0
NCT06793371,"AMBER-HFpEF: Assessment of CK-4021586 in a Multi-Center, Blinded Evaluation of Safety and Tolerability Results in HFpEF",Recruiting,Phase 2,['Symptomatic Heart Failure With Preserved Ejection Fraction (HFpEF)'],"['CK-4021586 (150 mg, 300 mg, 450 mg, and 600 mg)'
 'Placebo to match CK-4021586']",['United States'],Cytokinetics,Cytokinetics,Global / Multi-Region,2.0,1.0,0.6,0.0,0.8054272331369577,1.7843588858387864,0.0,-0.08675220978243547,K25_lc0.5_ls1_sig0.1_seed0,25,0.5,1.0,0.1,0
NCT04879563,Artificial Intelligence Supporting CAncer Patients Across Europe - the ASCAPE Project,"Active, not recruiting",Phase 2,"['Breast Cancer' 'Prostate Cancer' 'Quality of Life' 'Survivorship'
 'Toxicity']",['ASCAPE-based follow-up strategy'],['Greece' 'Spain' 'Sweden' 'United Kingdom'],Region Örebro County,Region Örebro County,Global / Multi-Region,2.0,1.0,0.6,0.0,0.6232366713619146,1.2760067521242582,0.0,-0.014766704700214461,K25_lc0.5_ls2_sig0.1_seed0,25,0.5,2.0,0.1,0
NCT01356290,"Antiangiogenic Therapy for Children with Recurrent Medulloblastoma, Ependymoma and ATRT",Recruiting,Phase 2,['Medulloblastoma Recurrent' 'Ependymoma Recurrent' 'ATRT Recurrent'],"['Bevacizumab' 'Thalidomide' 'Celecoxib' 'Fenofibric acid' 'Etoposide'
 'Cyclophosphamide' 'Etoposide phosphate' 'Cytarabine']","['Austria' 'Czechia' 'Denmark' 'France' 'Norway' 'Spain' 'Sweden'
 'United States']",Medical University of Vienna,Medical University of Vienna,Global / Multi-Region,2.0,1.0,0.6,0.0,0.8152813995113367,1.6827139343213724,0.0,-0.026075567649349485,K25_lc0.5_ls2_sig0.1_seed0,25,0.5,2.0,0.1,0
NCT05670106,"A Study to Evaluate the Efficacy, Safety, Pharmacokinetics and Dosimetry of [177Lu]Lu-PSMA-617 in Chinese Adult Male Patients With Progressive PSMA-Positive mCRPC","Active, not recruiting",Phase 2,['Metastatic Castration-Resistant Prostate Cancer (mCRPC)'],"['[177Lu]Lu-PSMA-617' 'Best supportive/best standard of care (BS/BSOC)'
 '68Ga-PSMA-11']",['China'],Novartis Pharmaceuticals,Novartis Pharmaceuticals,Global / Multi-Region,2.0,1.0,0.6,0.0,0.7524338040282234,1.581854890630875,0.0,-0.03849364128721411,K25_lc0.5_ls2_sig0.1_seed0,25,0.5,2.0,0.1,0
NCT06657391,Evaluation of Recombinant Humanized Anti-CD25 Monoclonal Antibody for Preventing Graft-versus-host Disease After Haploidentical/matched Unrelated Donor Hematopoietic Stem Cell Transplantation in Patients with Transfusion-dependent Thalassemia,Recruiting,Phase 2,['Transfusion Dependent Thalassemia'],['recombinant humanized anti-CD25 monoclonal antibody'],['China'],Rongrong Liu,Rongrong Liu,Global / Multi-Region,2.0,1.0,0.6,0.0,0.8054443336260464,1.6950473690621068,0.0,-0.04207935090500703,K25_lc0.5_ls2_sig0.1_seed0,25,0.5,2.0,0.1,0
NCT04948619,Immune Function and Response to Vaccination After Cancer Therapy in Pediatric Patients,Recruiting,Phase 2,['Pediatric Cancer'],['Vaccine'],['United States'],Wake Forest University Health Sciences,Wake Forest University Health Sciences,Global / Multi-Region,2.0,1.0,0.6,0.0,0.7534923081192648,1.5912101964742074,0.0,-0.04211279011783886,K25_lc0.5_ls2_sig0.1_seed0,25,0.5,2.0,0.1,0
NCT06168786,Cadonilimab Combined With Fruquintinib and SBRT as Athird-line and Posterior Line Treatment in Patients With MSS CRC,Recruiting,Phase 2,['Colorectal Cancer'],['Fruquintinib' 'Cadonilimab' 'SBRT'],['China'],Huazhong University of Science and Technology,Huazhong University of Science and Technology,Global / Multi-Region,2.0,1.0,0.6,0.0,0.7295993653739405,1.5493567125439083,0.0,-0.04507899089801359,K25_lc0.5_ls2_sig0.1_seed0,25,0.5,2.0,0.1,0
NCT05806931,Sequential TAS-OX Alternating With TAS-IRI Plus Bevacizumab for Late-Line Metastatic Colorectal Cancer,Recruiting,Phase 2,['Colon Cancer' 'Rectal Cancer'],"['TAS-102, oxaliplatin, irinotecan with bevacizumab']",['United States'],"Rutgers, The State University of New Jersey","Rutgers, The State University of New Jersey",Global / Multi-Region,2.0,1.0,0.6,0.0,0.7383767922886745,1.569945608957048,0.0,-0.046596012189849545,K25_lc0.5_ls2_sig0.1_seed0,25,0.5,2.0,0.1,0
NCT04698785,Efficacy of Regorafenib Combined With Best Supportive Care as Maintenance Treatment in High Grade Bone Sarcomas Patients,Recruiting,Phase 2,['Bone Sarcoma' 'Osteosarcoma'],['Treatment by regorafenib and best supportive care'],['France'],Centre Leon Berard,Centre Leon Berard,Global / Multi-Region,2.0,1.0,0.6,0.0,0.7374371033844402,1.5757303760601564,0.0,-0.05042808464563797,K25_lc0.5_ls2_sig0.1_seed0,25,0.5,2.0,0.1,0
NCT04202835,ATG Plus PTCy vs ATG for CGVHD Prophylaxis,"Active, not recruiting",Phase 2,['Acute Leukemia' 'Myelodysplasia' 'Chronic Graft-versus-host-disease'],['Cyclophosphamide' 'Anti-Thymocyte globulin (rabbit)'],['Australia' 'Canada'],McMaster University,McMaster University,Global / Multi-Region,2.0,1.0,0.6,0.0,0.7556874876523839,1.6155267409586782,0.0,-0.05207588282695519,K25_lc0.5_ls2_sig0.1_seed0,25,0.5,2.0,0.1,0
NCT05576896,Hydroxychloroquine in Combination With Encorafenib and Cetuximab or Panitumumab in the Treatment of Metastatic BRAF-mutated Colorectal Cancer Refractory,Recruiting,Phase 2,"['Stage IV Colorectal Cancer Positive for BRAF V600E Mutation'
 'Colorectal Cancer' 'Colorectal Cancer Stage IV']",['Hydroxychloroquine in Combination With Encorafenib and Cetuximab or Panitumumab'],['United States'],Northwestern University,Northwestern University,Global / Multi-Region,2.0,1.0,0.6,0.0,0.7867043274825442,1.680847137079668,0.0,-0.05371924105728987,K25_lc0.5_ls2_sig0.1_seed0,25,0.5,2.0,0.1,0
NCT06276868,"Darsilide Combined With AI, Trastuzumab and Patuzumab in the Neoadjuvant Treatment of HR+/HER2+ Breast Cancer",Recruiting,Phase 2,['Breast Cancer' 'HER2-positive Breast Cancer'],['Dalcilib+letrozole+HP treatment group'],['China'],Henan Cancer Hospital,Henan Cancer Hospital,Global / Multi-Region,2.0,1.0,0.6,0.0,0.8226600622273617,1.7614350698276728,0.0,-0.058057472686474765,K25_lc0.5_ls2_sig0.1_seed0,25,0.5,2.0,0.1,0
NCT06827977,A Study of Microbiome Transplantation for the Treatment of Constipation and/or Significant Bloating in Patients With Systemic Sclerosis,Recruiting,Phase 2,['Constipation' 'Bloating'],['PRIM-DJ2727' 'Placebo'],['United States'],"The University of Texas Health Science Center, Houston","The University of Texas Health Science Center, Houston",Global / Multi-Region,2.0,1.0,0.6,0.0,0.7109676625154144,1.5440163544614498,0.0,-0.06104051471531047,K25_lc0.5_ls2_sig0.1_seed0,25,0.5,2.0,0.1,0
NCT04220749,Radiotherapy vs. Trans-Oral Surgery for HPV-Negative Oropharyngeal Squamous Cell Carcinoma,Recruiting,Phase 2,['Head and Neck Cancer' 'Oropharyngeal Squamous Cell Carcinoma'],['Radiation' 'Trans-Oral Surgery (TOS) + Neck Dissection'],['Canada'],London Health Sciences Centre Research Institute OR Lawson Research Institute of St. Joseph's,London Health Sciences Centre Research Institute OR Lawson Research Institute of St. Joseph's,Global / Multi-Region,2.0,1.0,0.6,0.0,0.6850295392116407,1.510367865271909,0.0,-0.07015439342431384,K25_lc0.5_ls2_sig0.1_seed0,25,0.5,2.0,0.1,0
NCT06184009,Treatment of Newly Diagnosed High Risk Pediatric Acute Lymphoblastic Leukemia,Recruiting,Phase 2,['Pediatric Acute Lymphoblastic Leukemia'],"['ALL, High risk']",['South Korea'],Jae Wook Lee,Jae Wook Lee,Global / Multi-Region,2.0,1.0,0.6,0.0,0.8148524839154482,1.7764757714610626,0.0,-0.07338540181508313,K25_lc0.5_ls2_sig0.1_seed0,25,0.5,2.0,0.1,0
NCT05008900,Timing of Post-prostatectomy PSMA Imaging,Recruiting,Phase 2,['Prostate Cancer' 'Prostatectomy'],['Salvage radiotherapy'],['Canada'],"University Health Network, Toronto","University Health Network, Toronto",Global / Multi-Region,2.0,1.0,0.6,0.0,0.818391203891294,1.7839789489132434,0.0,-0.07359827056532764,K25_lc0.5_ls2_sig0.1_seed0,25,0.5,2.0,0.1,0
NCT05500326,Ivermectin Therapy for Scabies Infection in Children Younger Than 5 Years of Age (ITCHY Study),Recruiting,Phase 2,['Scabies; Itch' 'Scabies'],['Ivermectin Tablets'],['Laos'],Murdoch Childrens Research Institute,Murdoch Childrens Research Institute,Global / Multi-Region,2.0,1.0,0.6,0.0,0.7246752892010989,1.5986944708155848,0.0,-0.07467194620669348,K25_lc0.5_ls2_sig0.1_seed0,25,0.5,2.0,0.1,0
NCT04886531,"Trial of Pre-operative Neratinib and Endocrine Therapy With Trastuzumab in ER-Positive, HER-2 Positive Breast Cancers",Recruiting,Phase 2,"['Breast Cancer' 'HER2-positive Breast Cancer' 'ER Positive Breast Cancer'
 'PR-Positive Breast Cancer']",['Neratinib' 'Letrozole (L) or Anastrozole (A)' 'Trastuzumab'],['United States'],Ruth O'Regan,Ruth O'Regan,Global / Multi-Region,2.0,1.0,0.6,0.0,0.7189573133558567,1.5876386246787284,0.0,-0.07486199898350754,K25_lc0.5_ls2_sig0.1_seed0,25,0.5,2.0,0.1,0
NCT04904588,HLA-Mismatched Unrelated Donor Hematopoietic Cell Transplantation With Post-Transplantation Cyclophosphamide,"Active, not recruiting",Phase 2,"['Acute Lymphoblastic Leukemia' 'Acute Myelogenous Leukemia'
 'Mixed Phenotype Acute Leukemia' 'Acute Leukemia'
 'Myelodysplastic Syndromes' 'Chronic Myelogenous Leukemia'
 'Chronic Lymphocytic Leukemia' 'Lymphoma']","['Busulfan' 'Busulfan' 'Fludarabine' 'Total-body irradiation'
 'Cyclophosphamide' 'Melphalan'
 'PBSC Hematopoietic Stem Cell Transplantation (HSCT)'
 'Bone Marrow Hematopoietic Stem Cell Transplantation'
 'Post-transplant Cyclophosphamide' 'Mesna' 'Tacrolimus'
 'Mycophenolate Mofetil' 'Patient-Reported Outcomes']",['United States'],Center for International Blood and Marrow Transplant Research,Center for International Blood and Marrow Transplant Research,Global / Multi-Region,2.0,1.0,0.6,0.0,0.7140391464598336,1.5830803738556276,0.0,-0.07750104046798023,K25_lc0.5_ls2_sig0.1_seed0,25,0.5,2.0,0.1,0
NCT07160608,Safety and Efficacy of Tarperprumig in Adult Participants With Anti-Neutrophil Cytoplasmic Antibody (ANCA)-Associated Vasculitis,Recruiting,Phase 2,['Anti-Neutrophil Cytoplasmic Antibody-Associated Vasculitis'],['Placebo' 'Tarperprumig'],"['Argentina' 'Australia' 'Brazil' 'Canada' 'China' 'France' 'Germany'
 'Italy' 'Poland' 'South Korea' 'Spain' 'Taiwan' 'Turkey (Türkiye)'
 'United Kingdom']","Alexion Pharmaceuticals, Inc.","Alexion Pharmaceuticals, Inc.",Global / Multi-Region,2.0,1.0,0.6,0.0,0.8060825104785201,1.7676668160900018,0.0,-0.07775089756648079,K25_lc0.5_ls2_sig0.1_seed0,25,0.5,2.0,0.1,0
NCT04565925,Sildenafil for Treatment of Urinary Incontinence in Patients With Spinal Cord Injuries,Recruiting,Phase 2,['Spinal Cord Injuries' 'Urinary Incontinence'],['Sildenafil Citrate' 'Placebo'],['United States'],"The University of Texas Medical Branch, Galveston","The University of Texas Medical Branch, Galveston",Global / Multi-Region,2.0,1.0,0.6,0.0,0.6253328881201504,1.4091291749475818,0.0,-0.0792316993536405,K25_lc0.5_ls2_sig0.1_seed0,25,0.5,2.0,0.1,0
NCT06465823,Efficacy of Bumetanide to Improve Cognitive Functions in Down Syndrome,Recruiting,Phase 2,['Down Syndrome'],['Bumetanide' 'Placebo'],['Italy'],Stefano Vicari,Stefano Vicari,Global / Multi-Region,2.0,1.0,0.6,0.0,0.6994582477939811,1.5596128505314857,0.0,-0.0803481774717617,K25_lc0.5_ls2_sig0.1_seed0,25,0.5,2.0,0.1,0
NCT06462378,Proton Therapy for Locally Advanced Cervical Cancer,Recruiting,Phase 2,['Cervical Cancer' 'Proton Therapy' 'Radiotherapy Side Effect'],['Proton therapy'],['Denmark'],University of Aarhus,University of Aarhus,Global / Multi-Region,2.0,1.0,0.6,0.0,0.6936288277196364,1.5482532573474133,0.0,-0.08049780095407022,K25_lc0.5_ls2_sig0.1_seed0,25,0.5,2.0,0.1,0
NCT06353685,De-Escalation Postoperative Radiotherapy for Oral Squamous Cell Carcinoma With pCR/MPR.,Recruiting,Phase 2,['De-escalated Radiotherapy; Head and Neck Cancer'],"['Continuous, hyperfractionated, accelerated radiotherapy(CHART)']",['China'],Sun Yat-Sen Memorial Hospital of Sun Yat-Sen University,Sun Yat-Sen Memorial Hospital of Sun Yat-Sen University,Global / Multi-Region,2.0,1.0,0.6,0.0,0.7276211289836679,1.6183994336411658,0.0,-0.08157858783691496,K25_lc0.5_ls2_sig0.1_seed0,25,0.5,2.0,0.1,0
NCT05647473,"Efficacy, Safety and Response Predictors of Adjuvant Astragalus for Cognition in Orthostatic Hypotension",Recruiting,Phase 2,['Orthostatic Hypotension' 'Alzheimer Disease'],"['Routine treatment' 'add-on low dose Astragalus'
 'add-on high dose Astragalus']",['China'],Fujian Medical University Union Hospital,Fujian Medical University Union Hospital,Global / Multi-Region,2.0,1.0,0.6,0.0,0.6807553993574953,1.5298648166141093,0.0,-0.08417700894955937,K25_lc0.5_ls2_sig0.1_seed0,25,0.5,2.0,0.1,0
NCT06793371,"AMBER-HFpEF: Assessment of CK-4021586 in a Multi-Center, Blinded Evaluation of Safety and Tolerability Results in HFpEF",Recruiting,Phase 2,['Symptomatic Heart Failure With Preserved Ejection Fraction (HFpEF)'],"['CK-4021586 (150 mg, 300 mg, 450 mg, and 600 mg)'
 'Placebo to match CK-4021586']",['United States'],Cytokinetics,Cytokinetics,Global / Multi-Region,2.0,1.0,0.6,0.0,0.8054272331369577,1.7843588858387864,0.0,-0.08675220978243547,K25_lc0.5_ls2_sig0.1_seed0,25,0.5,2.0,0.1,0
NCT04879563,Artificial Intelligence Supporting CAncer Patients Across Europe - the ASCAPE Project,"Active, not recruiting",Phase 2,"['Breast Cancer' 'Prostate Cancer' 'Quality of Life' 'Survivorship'
 'Toxicity']",['ASCAPE-based follow-up strategy'],['Greece' 'Spain' 'Sweden' 'United Kingdom'],Region Örebro County,Region Örebro County,Global / Multi-Region,2.0,1.0,0.6,0.0,0.6232366713619146,1.2760067521242582,0.0,-0.014766704700214461,K50_lc0.5_ls0.5_sig0.1_seed0,50,0.5,0.5,0.1,0
NCT01356290,"Antiangiogenic Therapy for Children with Recurrent Medulloblastoma, Ependymoma and ATRT",Recruiting,Phase 2,['Medulloblastoma Recurrent' 'Ependymoma Recurrent' 'ATRT Recurrent'],"['Bevacizumab' 'Thalidomide' 'Celecoxib' 'Fenofibric acid' 'Etoposide'
 'Cyclophosphamide' 'Etoposide phosphate' 'Cytarabine']","['Austria' 'Czechia' 'Denmark' 'France' 'Norway' 'Spain' 'Sweden'
 'United States']",Medical University of Vienna,Medical University of Vienna,Global / Multi-Region,2.0,1.0,0.6,0.0,0.8152813995113367,1.6827139343213724,0.0,-0.026075567649349485,K50_lc0.5_ls0.5_sig0.1_seed0,50,0.5,0.5,0.1,0
NCT05670106,"A Study to Evaluate the Efficacy, Safety, Pharmacokinetics and Dosimetry of [177Lu]Lu-PSMA-617 in Chinese Adult Male Patients With Progressive PSMA-Positive mCRPC","Active, not recruiting",Phase 2,['Metastatic Castration-Resistant Prostate Cancer (mCRPC)'],"['[177Lu]Lu-PSMA-617' 'Best supportive/best standard of care (BS/BSOC)'
 '68Ga-PSMA-11']",['China'],Novartis Pharmaceuticals,Novartis Pharmaceuticals,Global / Multi-Region,2.0,1.0,0.6,0.0,0.7524338040282234,1.581854890630875,0.0,-0.03849364128721411,K50_lc0.5_ls0.5_sig0.1_seed0,50,0.5,0.5,0.1,0
NCT06657391,Evaluation of Recombinant Humanized Anti-CD25 Monoclonal Antibody for Preventing Graft-versus-host Disease After Haploidentical/matched Unrelated Donor Hematopoietic Stem Cell Transplantation in Patients with Transfusion-dependent Thalassemia,Recruiting,Phase 2,['Transfusion Dependent Thalassemia'],['recombinant humanized anti-CD25 monoclonal antibody'],['China'],Rongrong Liu,Rongrong Liu,Global / Multi-Region,2.0,1.0,0.6,0.0,0.8054443336260464,1.6950473690621068,0.0,-0.04207935090500703,K50_lc0.5_ls0.5_sig0.1_seed0,50,0.5,0.5,0.1,0
NCT04948619,Immune Function and Response to Vaccination After Cancer Therapy in Pediatric Patients,Recruiting,Phase 2,['Pediatric Cancer'],['Vaccine'],['United States'],Wake Forest University Health Sciences,Wake Forest University Health Sciences,Global / Multi-Region,2.0,1.0,0.6,0.0,0.7534923081192648,1.5912101964742074,0.0,-0.04211279011783886,K50_lc0.5_ls0.5_sig0.1_seed0,50,0.5,0.5,0.1,0
NCT06168786,Cadonilimab Combined With Fruquintinib and SBRT as Athird-line and Posterior Line Treatment in Patients With MSS CRC,Recruiting,Phase 2,['Colorectal Cancer'],['Fruquintinib' 'Cadonilimab' 'SBRT'],['China'],Huazhong University of Science and Technology,Huazhong University of Science and Technology,Global / Multi-Region,2.0,1.0,0.6,0.0,0.7295993653739405,1.5493567125439083,0.0,-0.04507899089801359,K50_lc0.5_ls0.5_sig0.1_seed0,50,0.5,0.5,0.1,0
NCT05806931,Sequential TAS-OX Alternating With TAS-IRI Plus Bevacizumab for Late-Line Metastatic Colorectal Cancer,Recruiting,Phase 2,['Colon Cancer' 'Rectal Cancer'],"['TAS-102, oxaliplatin, irinotecan with bevacizumab']",['United States'],"Rutgers, The State University of New Jersey","Rutgers, The State University of New Jersey",Global / Multi-Region,2.0,1.0,0.6,0.0,0.7383767922886745,1.569945608957048,0.0,-0.046596012189849545,K50_lc0.5_ls0.5_sig0.1_seed0,50,0.5,0.5,0.1,0
NCT04698785,Efficacy of Regorafenib Combined With Best Supportive Care as Maintenance Treatment in High Grade Bone Sarcomas Patients,Recruiting,Phase 2,['Bone Sarcoma' 'Osteosarcoma'],['Treatment by regorafenib and best supportive care'],['France'],Centre Leon Berard,Centre Leon Berard,Global / Multi-Region,2.0,1.0,0.6,0.0,0.7374371033844402,1.5757303760601564,0.0,-0.05042808464563797,K50_lc0.5_ls0.5_sig0.1_seed0,50,0.5,0.5,0.1,0
NCT04202835,ATG Plus PTCy vs ATG for CGVHD Prophylaxis,"Active, not recruiting",Phase 2,['Acute Leukemia' 'Myelodysplasia' 'Chronic Graft-versus-host-disease'],['Cyclophosphamide' 'Anti-Thymocyte globulin (rabbit)'],['Australia' 'Canada'],McMaster University,McMaster University,Global / Multi-Region,2.0,1.0,0.6,0.0,0.7556874876523839,1.6155267409586782,0.0,-0.05207588282695519,K50_lc0.5_ls0.5_sig0.1_seed0,50,0.5,0.5,0.1,0
NCT05576896,Hydroxychloroquine in Combination With Encorafenib and Cetuximab or Panitumumab in the Treatment of Metastatic BRAF-mutated Colorectal Cancer Refractory,Recruiting,Phase 2,"['Stage IV Colorectal Cancer Positive for BRAF V600E Mutation'
 'Colorectal Cancer' 'Colorectal Cancer Stage IV']",['Hydroxychloroquine in Combination With Encorafenib and Cetuximab or Panitumumab'],['United States'],Northwestern University,Northwestern University,Global / Multi-Region,2.0,1.0,0.6,0.0,0.7867043274825442,1.680847137079668,0.0,-0.05371924105728987,K50_lc0.5_ls0.5_sig0.1_seed0,50,0.5,0.5,0.1,0
NCT06276868,"Darsilide Combined With AI, Trastuzumab and Patuzumab in the Neoadjuvant Treatment of HR+/HER2+ Breast Cancer",Recruiting,Phase 2,['Breast Cancer' 'HER2-positive Breast Cancer'],['Dalcilib+letrozole+HP treatment group'],['China'],Henan Cancer Hospital,Henan Cancer Hospital,Global / Multi-Region,2.0,1.0,0.6,0.0,0.8226600622273617,1.7614350698276728,0.0,-0.058057472686474765,K50_lc0.5_ls0.5_sig0.1_seed0,50,0.5,0.5,0.1,0
NCT06827977,A Study of Microbiome Transplantation for the Treatment of Constipation and/or Significant Bloating in Patients With Systemic Sclerosis,Recruiting,Phase 2,['Constipation' 'Bloating'],['PRIM-DJ2727' 'Placebo'],['United States'],"The University of Texas Health Science Center, Houston","The University of Texas Health Science Center, Houston",Global / Multi-Region,2.0,1.0,0.6,0.0,0.7109676625154144,1.5440163544614498,0.0,-0.06104051471531047,K50_lc0.5_ls0.5_sig0.1_seed0,50,0.5,0.5,0.1,0
NCT04220749,Radiotherapy vs. Trans-Oral Surgery for HPV-Negative Oropharyngeal Squamous Cell Carcinoma,Recruiting,Phase 2,['Head and Neck Cancer' 'Oropharyngeal Squamous Cell Carcinoma'],['Radiation' 'Trans-Oral Surgery (TOS) + Neck Dissection'],['Canada'],London Health Sciences Centre Research Institute OR Lawson Research Institute of St. Joseph's,London Health Sciences Centre Research Institute OR Lawson Research Institute of St. Joseph's,Global / Multi-Region,2.0,1.0,0.6,0.0,0.6850295392116407,1.510367865271909,0.0,-0.07015439342431384,K50_lc0.5_ls0.5_sig0.1_seed0,50,0.5,0.5,0.1,0
NCT06184009,Treatment of Newly Diagnosed High Risk Pediatric Acute Lymphoblastic Leukemia,Recruiting,Phase 2,['Pediatric Acute Lymphoblastic Leukemia'],"['ALL, High risk']",['South Korea'],Jae Wook Lee,Jae Wook Lee,Global / Multi-Region,2.0,1.0,0.6,0.0,0.8148524839154482,1.7764757714610626,0.0,-0.07338540181508313,K50_lc0.5_ls0.5_sig0.1_seed0,50,0.5,0.5,0.1,0
NCT05008900,Timing of Post-prostatectomy PSMA Imaging,Recruiting,Phase 2,['Prostate Cancer' 'Prostatectomy'],['Salvage radiotherapy'],['Canada'],"University Health Network, Toronto","University Health Network, Toronto",Global / Multi-Region,2.0,1.0,0.6,0.0,0.818391203891294,1.7839789489132434,0.0,-0.07359827056532764,K50_lc0.5_ls0.5_sig0.1_seed0,50,0.5,0.5,0.1,0
NCT05500326,Ivermectin Therapy for Scabies Infection in Children Younger Than 5 Years of Age (ITCHY Study),Recruiting,Phase 2,['Scabies; Itch' 'Scabies'],['Ivermectin Tablets'],['Laos'],Murdoch Childrens Research Institute,Murdoch Childrens Research Institute,Global / Multi-Region,2.0,1.0,0.6,0.0,0.7246752892010989,1.5986944708155848,0.0,-0.07467194620669348,K50_lc0.5_ls0.5_sig0.1_seed0,50,0.5,0.5,0.1,0
NCT04886531,"Trial of Pre-operative Neratinib and Endocrine Therapy With Trastuzumab in ER-Positive, HER-2 Positive Breast Cancers",Recruiting,Phase 2,"['Breast Cancer' 'HER2-positive Breast Cancer' 'ER Positive Breast Cancer'
 'PR-Positive Breast Cancer']",['Neratinib' 'Letrozole (L) or Anastrozole (A)' 'Trastuzumab'],['United States'],Ruth O'Regan,Ruth O'Regan,Global / Multi-Region,2.0,1.0,0.6,0.0,0.7189573133558567,1.5876386246787284,0.0,-0.07486199898350754,K50_lc0.5_ls0.5_sig0.1_seed0,50,0.5,0.5,0.1,0
NCT04904588,HLA-Mismatched Unrelated Donor Hematopoietic Cell Transplantation With Post-Transplantation Cyclophosphamide,"Active, not recruiting",Phase 2,"['Acute Lymphoblastic Leukemia' 'Acute Myelogenous Leukemia'
 'Mixed Phenotype Acute Leukemia' 'Acute Leukemia'
 'Myelodysplastic Syndromes' 'Chronic Myelogenous Leukemia'
 'Chronic Lymphocytic Leukemia' 'Lymphoma']","['Busulfan' 'Busulfan' 'Fludarabine' 'Total-body irradiation'
 'Cyclophosphamide' 'Melphalan'
 'PBSC Hematopoietic Stem Cell Transplantation (HSCT)'
 'Bone Marrow Hematopoietic Stem Cell Transplantation'
 'Post-transplant Cyclophosphamide' 'Mesna' 'Tacrolimus'
 'Mycophenolate Mofetil' 'Patient-Reported Outcomes']",['United States'],Center for International Blood and Marrow Transplant Research,Center for International Blood and Marrow Transplant Research,Global / Multi-Region,2.0,1.0,0.6,0.0,0.7140391464598336,1.5830803738556276,0.0,-0.07750104046798023,K50_lc0.5_ls0.5_sig0.1_seed0,50,0.5,0.5,0.1,0
NCT07160608,Safety and Efficacy of Tarperprumig in Adult Participants With Anti-Neutrophil Cytoplasmic Antibody (ANCA)-Associated Vasculitis,Recruiting,Phase 2,['Anti-Neutrophil Cytoplasmic Antibody-Associated Vasculitis'],['Placebo' 'Tarperprumig'],"['Argentina' 'Australia' 'Brazil' 'Canada' 'China' 'France' 'Germany'
 'Italy' 'Poland' 'South Korea' 'Spain' 'Taiwan' 'Turkey (Türkiye)'
 'United Kingdom']","Alexion Pharmaceuticals, Inc.","Alexion Pharmaceuticals, Inc.",Global / Multi-Region,2.0,1.0,0.6,0.0,0.8060825104785201,1.7676668160900018,0.0,-0.07775089756648079,K50_lc0.5_ls0.5_sig0.1_seed0,50,0.5,0.5,0.1,0
NCT04565925,Sildenafil for Treatment of Urinary Incontinence in Patients With Spinal Cord Injuries,Recruiting,Phase 2,['Spinal Cord Injuries' 'Urinary Incontinence'],['Sildenafil Citrate' 'Placebo'],['United States'],"The University of Texas Medical Branch, Galveston","The University of Texas Medical Branch, Galveston",Global / Multi-Region,2.0,1.0,0.6,0.0,0.6253328881201504,1.4091291749475818,0.0,-0.0792316993536405,K50_lc0.5_ls0.5_sig0.1_seed0,50,0.5,0.5,0.1,0
NCT06465823,Efficacy of Bumetanide to Improve Cognitive Functions in Down Syndrome,Recruiting,Phase 2,['Down Syndrome'],['Bumetanide' 'Placebo'],['Italy'],Stefano Vicari,Stefano Vicari,Global / Multi-Region,2.0,1.0,0.6,0.0,0.6994582477939811,1.5596128505314857,0.0,-0.0803481774717617,K50_lc0.5_ls0.5_sig0.1_seed0,50,0.5,0.5,0.1,0
NCT06462378,Proton Therapy for Locally Advanced Cervical Cancer,Recruiting,Phase 2,['Cervical Cancer' 'Proton Therapy' 'Radiotherapy Side Effect'],['Proton therapy'],['Denmark'],University of Aarhus,University of Aarhus,Global / Multi-Region,2.0,1.0,0.6,0.0,0.6936288277196364,1.5482532573474133,0.0,-0.08049780095407022,K50_lc0.5_ls0.5_sig0.1_seed0,50,0.5,0.5,0.1,0
NCT06353685,De-Escalation Postoperative Radiotherapy for Oral Squamous Cell Carcinoma With pCR/MPR.,Recruiting,Phase 2,['De-escalated Radiotherapy; Head and Neck Cancer'],"['Continuous, hyperfractionated, accelerated radiotherapy(CHART)']",['China'],Sun Yat-Sen Memorial Hospital of Sun Yat-Sen University,Sun Yat-Sen Memorial Hospital of Sun Yat-Sen University,Global / Multi-Region,2.0,1.0,0.6,0.0,0.7276211289836679,1.6183994336411658,0.0,-0.08157858783691496,K50_lc0.5_ls0.5_sig0.1_seed0,50,0.5,0.5,0.1,0
NCT05647473,"Efficacy, Safety and Response Predictors of Adjuvant Astragalus for Cognition in Orthostatic Hypotension",Recruiting,Phase 2,['Orthostatic Hypotension' 'Alzheimer Disease'],"['Routine treatment' 'add-on low dose Astragalus'
 'add-on high dose Astragalus']",['China'],Fujian Medical University Union Hospital,Fujian Medical University Union Hospital,Global / Multi-Region,2.0,1.0,0.6,0.0,0.6807553993574953,1.5298648166141093,0.0,-0.08417700894955937,K50_lc0.5_ls0.5_sig0.1_seed0,50,0.5,0.5,0.1,0
NCT06793371,"AMBER-HFpEF: Assessment of CK-4021586 in a Multi-Center, Blinded Evaluation of Safety and Tolerability Results in HFpEF",Recruiting,Phase 2,['Symptomatic Heart Failure With Preserved Ejection Fraction (HFpEF)'],"['CK-4021586 (150 mg, 300 mg, 450 mg, and 600 mg)'
 'Placebo to match CK-4021586']",['United States'],Cytokinetics,Cytokinetics,Global / Multi-Region,2.0,1.0,0.6,0.0,0.8054272331369577,1.7843588858387864,0.0,-0.08675220978243547,K50_lc0.5_ls0.5_sig0.1_seed0,50,0.5,0.5,0.1,0
NCT04028063,Doxorubicin Plus Dual Checkpoint Blockade for Soft Tissue Sarcomas,Recruiting,Phase 2,['Metastatic Soft Tissue Sarcoma' 'Advanced Soft Tissue Sarcoma'],['Balstilimab' 'Zalifrelimab' 'Doxorubicin' 'Botensilimab'],['United States'],"University of Colorado, Denver","University of Colorado, Denver",Global / Multi-Region,2.0,1.0,0.6,0.0,0.7723865520469796,1.7291690784830045,0.0,-0.09219798719452266,K50_lc0.5_ls0.5_sig0.1_seed0,50,0.5,0.5,0.1,0
NCT05835479,Rezafungin for Treatment of Pneumocystis Pneumonia in HIV Adults,Recruiting,Phase 2,['Pneumocystis Pneumonia'],['Co-Trimoxazole' 'Rezafungin Acetate / Co Trimoxazole'],['South Africa'],Mundipharma Research Limited,Mundipharma Research Limited,Global / Multi-Region,2.0,1.0,0.6,0.0,0.721006862890249,1.6283820563532114,0.0,-0.09318416528635676,K50_lc0.5_ls0.5_sig0.1_seed0,50,0.5,0.5,0.1,0
NCT05066334,Efficacy of Intradiscal Injection of Autologous BM-MSC in Subjects With Chronic LBP Due to Multilevel Lumbar IDD,Recruiting,Phase 2,['Intervertebral Disc Degeneration' 'Chronic Low-back Pain'],['Autologous BM-MSC' 'Sham'],['Italy'],Fondazione Policlinico Universitario Campus Bio-Medico,Fondazione Policlinico Universitario Campus Bio-Medico,Global / Multi-Region,2.0,1.0,0.6,0.0,0.72455027678263,1.638248535473946,0.0,-0.09457399095434305,K50_lc0.5_ls0.5_sig0.1_seed0,50,0.5,0.5,0.1,0
NCT05371223,Combined Nabpaclitaxel Pressurized IntraPeritoneal Aerosol Chemotherapy With Systemic Nabpaclitaxel-Gemcitabine Chemotherapy for Pancreatic Cancer Peritoneal Metastases,Recruiting,Phase 2,['Peritoneal Carcinomatosis' 'Pancreas Neoplasm'],['Combined Nabpaclitaxel Pressurized IntraPeritoneal Aerosol Chemotherapy With Systemic Nabpaclitaxel-Gemcitabine'],['Italy'],Fondazione Policlinico Universitario Agostino Gemelli IRCCS,Fondazione Policlinico Universitario Agostino Gemelli IRCCS,Global / Multi-Region,2.0,1.0,0.6,0.0,0.6942108104680919,1.5820304980410405,0.0,-0.09680443855242837,K50_lc0.5_ls0.5_sig0.1_seed0,50,0.5,0.5,0.1,0
NCT06684600,Study of Dalpiciclib Isethionate Plus Pyrotinib Maleate in the Treatment of Advanced Esophageal Squamous Cell Carcinoma,Recruiting,Phase 2,['Esophageal Squamous Cell Carcinoma'],['Dalpiciclib + Pyrotinib'],['China'],Peking University,Peking University,Global / Multi-Region,2.0,1.0,0.6,0.0,0.7443085836529729,1.6823983895994234,0.0,-0.0968906111467388,K50_lc0.5_ls0.5_sig0.1_seed0,50,0.5,0.5,0.1,0
NCT06620848,A Study of HRS-4642 Monotherapy or in Combination With Adebrelimab in the Treatment of Advanced Biliary Tract Tumors.,Recruiting,Phase 2,['Biliary Tract Cancer'],['HRS-4642 monotherapy' 'HRS-4642 and adebrelimab combination therapy'],['China'],Shanghai Zhongshan Hospital,Shanghai Zhongshan Hospital,Global / Multi-Region,2.0,1.0,0.6,0.0,0.7612650808348236,1.721562106596397,0.0,-0.09951597246337496,K50_lc0.5_ls0.5_sig0.1_seed0,50,0.5,0.5,0.1,0
NCT06232655,Cladribine Venetoclax in Monocytic AML,Recruiting,Phase 2,['Acute Myeloid Leukemia'],['Cladribine' 'Venetoclax' 'Azacitidine'],['United States'],"University of Colorado, Denver","University of Colorado, Denver",Global / Multi-Region,2.0,1.0,0.6,0.0,0.6092361656246152,1.4191386042770704,0.0,-0.10033313651391995,K50_lc0.5_ls0.5_sig0.1_seed0,50,0.5,0.5,0.1,0
NCT04237103,Combination of Methotrexate and Phototherapy Versus Phototherapy in Adults with Progressive Vitiligo,Recruiting,Phase 2,['Vitiligo'],['Methotrexate' 'Placebos'],['France'],"University Hospital, Bordeaux","University Hospital, Bordeaux",Global / Multi-Region,2.0,1.0,0.6,0.0,0.7712845978581271,1.745279510181021,0.0,-0.10135515723238342,K50_lc0.5_ls0.5_sig0.1_seed0,50,0.5,0.5,0.1,0
NCT06850597,Efficacy and Safety of Dimethyl Fumarate Among Patients with Mild Cognitive Impairment and Dementia Due to Alzheimer's Disease,Recruiting,Phase 2,"['MCI' ""MCI-AD, Early Stage Alzheimer's Disease"" ""Alzheimer's Disease""]",['dimethyl fumarate'],['Poland'],Medical University of Lodz,Medical University of Lodz,Global / Multi-Region,2.0,1.0,0.6,0.0,0.8394863275794241,1.8819033048387008,0.0,-0.10146532483992632,K50_lc0.5_ls0.5_sig0.1_seed0,50,0.5,0.5,0.1,0
NCT03215719,Adaptive Treatment De-escalation in Favorable Risk HPV-Positive Oropharyngeal Carcinoma,Recruiting,Phase 2,"['Oropharyngeal Carcinoma'
 'HPV Positive Oropharyngeal Squamous Cell Carcinoma']",['Standard Radiation Treatment' 'Dose-Deescalated Treatment' 'Cisplatinum'],['United States'],NYU Langone Health,NYU Langone Health,Global / Multi-Region,2.0,1.0,0.6,0.0,0.660285324792756,1.5285393329067092,0.0,-0.10398434166059856,K50_lc0.5_ls0.5_sig0.1_seed0,50,0.5,0.5,0.1,0
NCT06678620,Phase II Clinical Trial of 24-valent Pneumococcal Polysaccharide Conjugate Vaccine,Recruiting,Phase 2,['Pneumococcal Infectious Disease'],"['Reinovax PCV24 formulation 1' 'Reinovax PCV24 formulation 2'
 'Reinovax PCV24 formulation 3' 'PPSV23']",['China'],"Shanghai Reinovax Biologics Co.,LTD","Shanghai Reinovax Biologics Co.,LTD",Global / Multi-Region,2.0,1.0,0.6,0.0,0.6241038610495349,1.4584269019756544,0.0,-0.10510958993829234,K50_lc0.5_ls0.5_sig0.1_seed0,50,0.5,0.5,0.1,0
NCT02877394,Use of a Squatting Assist Device in Patients With Constipation,Recruiting,Phase 2,['Constipation'],['Squatting Assist Device' 'Sham Squatting Assist Device'],['United States'],Mayo Clinic,Mayo Clinic,Global / Multi-Region,2.0,1.0,0.6,0.0,0.7479320021018502,1.707696906701184,0.0,-0.10591645124874183,K50_lc0.5_ls0.5_sig0.1_seed0,50,0.5,0.5,0.1,0
NCT05751018,Phase II Clinical Study of Pyrotinib in First-line Treatment of Primary HER2-amplified/Mutated Advanced Non-small Cell Lung Cancer,Recruiting,Phase 2,['Non-small Cell Lung Cancer'],['Pyrotinib'],['China'],Peking Union Medical College Hospital,Peking Union Medical College Hospital,Global / Multi-Region,2.0,1.0,0.6,0.0,0.6641830835267462,1.540755438336282,0.0,-0.10619463564139486,K50_lc0.5_ls0.5_sig0.1_seed0,50,0.5,0.5,0.1,0
NCT06001125,Methotrexate for Immune Related Arthritis or Arthralgias (IMPACT 2.1),Recruiting,Phase 2,['Arthritis' 'Arthralgia'],['Methotrexate'],['Canada'],AHS Cancer Control Alberta,AHS Cancer Control Alberta,Global / Multi-Region,2.0,1.0,0.6,0.0,0.6689271380530649,1.5505403583385593,0.0,-0.10634304111621473,K50_lc0.5_ls0.5_sig0.1_seed0,50,0.5,0.5,0.1,0
NCT06390956,Pirtobrutinib in Combination With Rituximab in Adults With Untreated Marginal Zone Lymphoma (PIONEER-MZL),Recruiting,Phase 2,['Marginal Zone Lymphoma'],['Pirtobrutinib'],['United States'],University of Utah,University of Utah,Global / Multi-Region,2.0,1.0,0.6,0.0,0.675314195471855,1.5660628113125152,0.0,-0.10771721018440261,K50_lc0.5_ls0.5_sig0.1_seed0,50,0.5,0.5,0.1,0
NCT03414229,"A Study of Epacadostat, an IDO1 Inhibitor, in Combination With Pembrolizumab in Patients With Metastatic and/or Locally Advanced Sarcoma","Active, not recruiting",Phase 2,['Sarcoma'],['Epacadostat' 'Pembrolizumab'],['United States'],Memorial Sloan Kettering Cancer Center,Memorial Sloan Kettering Cancer Center,Global / Multi-Region,2.0,1.0,0.6,0.0,0.7602032984351701,1.7359245587727523,0.0,-0.10775898095120606,K50_lc0.5_ls0.5_sig0.1_seed0,50,0.5,0.5,0.1,0
NCT05636293,"Double Blind, Placebo-controlled Trial to Establish Safety and Efficacy of Ritlecitinib in Celiac Disease Patients in Remission",Recruiting,Phase 2,['Celiac Disease'],['Ritlecitinib' 'Placebo' 'Gluten'],['United States'],Massachusetts General Hospital,Massachusetts General Hospital,Global / Multi-Region,2.0,1.0,0.6,0.0,0.6750443948419332,1.566662107901742,0.0,-0.10828665910893776,K50_lc0.5_ls0.5_sig0.1_seed0,50,0.5,0.5,0.1,0
NCT06551272,Microbiota Modification for Immuno-oncology in Hepatocellular Carcinoma,Recruiting,Phase 2,['Hepatocellular Carcinoma'],['EXL01'],['France'],Center Eugene Marquis,Center Eugene Marquis,Global / Multi-Region,2.0,1.0,0.6,0.0,0.7555418931803087,1.7285817243878958,0.0,-0.10874896901363917,K50_lc0.5_ls0.5_sig0.1_seed0,50,0.5,0.5,0.1,0
NCT05287126,A Study to Evaluate Etrasimod Treatment in Adolescents With Ulcerative Colitis,Recruiting,Phase 2,['Ulcerative Colitis'],['Etrasimod'],['Austria' 'Belgium' 'Japan' 'Poland' 'Slovakia' 'Spain' 'United States'],Pfizer,Pfizer,Global / Multi-Region,2.0,1.0,0.6,0.0,0.6916473001652497,1.6024665704324892,0.0,-0.10958598505099493,K50_lc0.5_ls0.5_sig0.1_seed0,50,0.5,0.5,0.1,0
NCT05660954,Cabozantinib In Advanced Radioactive-Iodine Refractory Differentiated Thyroid Cancer.,"Active, not recruiting",Phase 2,['Differentiated Thyroid Cancer'],['Cabozantinib'],['Spain'],Grupo Espanol de Tumores Neuroendocrinos,Grupo Espanol de Tumores Neuroendocrinos,Global / Multi-Region,2.0,1.0,0.6,0.0,0.7558055057652652,1.7314263355533521,0.0,-0.10990766201141089,K50_lc0.5_ls0.5_sig0.1_seed0,50,0.5,0.5,0.1,0
NCT07047183,Clinical Study of Venetoclax Combined With Azacitidine as Bridging Therapy Prior to Hematopoietic Stem Cell Transplantation in Patients With Higher-Risk Myelodysplastic Syndromes,Recruiting,Phase 2,['Myelodysplastic Neoplasms' 'Transplantation'],['VEN (Venetoclax)'],['China'],Yehui Tan,Yehui Tan,Global / Multi-Region,2.0,1.0,0.6,0.0,0.6665794674682425,1.5542889951199637,0.0,-0.11056503009173935,K50_lc0.5_ls0.5_sig0.1_seed0,50,0.5,0.5,0.1,0
NCT06262048,Prevention of Post Operative Urinary Retention After Thoracic Surgery Trial,Recruiting,Phase 2,['Urinary Retention Postoperative'],['Tamsulosin Hydrochloride' 'Placebo'],['Canada'],London Health Sciences Centre Research Institute OR Lawson Research Institute of St. Joseph's,London Health Sciences Centre Research Institute OR Lawson Research Institute of St. Joseph's,Global / Multi-Region,2.0,1.0,0.6,0.0,0.693978564121554,1.6112580057141157,0.0,-0.11165043873550384,K50_lc0.5_ls0.5_sig0.1_seed0,50,0.5,0.5,0.1,0
NCT03405155,Nivolumab in Treating Patients With Stage IIB-IIC Melanoma That Can Be Removed by Surgery,"Active, not recruiting",Phase 2,['Melanoma (Skin)'],['Nivolumab'],['United States'],Sidney Kimmel Cancer Center at Thomas Jefferson University,Sidney Kimmel Cancer Center at Thomas Jefferson University,Global / Multi-Region,2.0,1.0,0.6,0.0,0.7152971136024499,1.6561161734644936,0.0,-0.11276097312979694,K50_lc0.5_ls0.5_sig0.1_seed0,50,0.5,0.5,0.1,0
NCT03599960,Combination Chemotherapy in Patients With Newly Diagnosed BPDCN,"Active, not recruiting",Phase 2,['Blastic Plasmacytoid Dendritic Cell Neoplasm (BPDCN)'],['Chemotherapy'],['France'],Centre Hospitalier Universitaire de Besancon,Centre Hospitalier Universitaire de Besancon,Global / Multi-Region,2.0,1.0,0.6,0.0,0.6788430027015562,1.5909109153449215,0.0,-0.11661245497090456,K50_lc0.5_ls0.5_sig0.1_seed0,50,0.5,0.5,0.1,0
NCT05726032,Empagliflozin in Patients With Cirrhosis and Ascites,Recruiting,Phase 2,['Cirrhosis' 'Liver Failure'],['Empagliflozin 10 MG' 'Matching Placebo'],['United States'],Yale University,Yale University,Global / Multi-Region,2.0,1.0,0.6,0.0,0.6701218251412323,1.574195870998616,0.0,-0.11697611035807565,K50_lc0.5_ls0.5_sig0.1_seed0,50,0.5,0.5,0.1,0
NCT04879563,Artificial Intelligence Supporting CAncer Patients Across Europe - the ASCAPE Project,"Active, not recruiting",Phase 2,"['Breast Cancer' 'Prostate Cancer' 'Quality of Life' 'Survivorship'
 'Toxicity']",['ASCAPE-based follow-up strategy'],['Greece' 'Spain' 'Sweden' 'United Kingdom'],Region Örebro County,Region Örebro County,Global / Multi-Region,2.0,1.0,0.6,0.0,0.6232366713619146,1.2760067521242582,0.0,-0.014766704700214461,K50_lc0.5_ls1_sig0.1_seed0,50,0.5,1.0,0.1,0
NCT01356290,"Antiangiogenic Therapy for Children with Recurrent Medulloblastoma, Ependymoma and ATRT",Recruiting,Phase 2,['Medulloblastoma Recurrent' 'Ependymoma Recurrent' 'ATRT Recurrent'],"['Bevacizumab' 'Thalidomide' 'Celecoxib' 'Fenofibric acid' 'Etoposide'
 'Cyclophosphamide' 'Etoposide phosphate' 'Cytarabine']","['Austria' 'Czechia' 'Denmark' 'France' 'Norway' 'Spain' 'Sweden'
 'United States']",Medical University of Vienna,Medical University of Vienna,Global / Multi-Region,2.0,1.0,0.6,0.0,0.8152813995113367,1.6827139343213724,0.0,-0.026075567649349485,K50_lc0.5_ls1_sig0.1_seed0,50,0.5,1.0,0.1,0
NCT05670106,"A Study to Evaluate the Efficacy, Safety, Pharmacokinetics and Dosimetry of [177Lu]Lu-PSMA-617 in Chinese Adult Male Patients With Progressive PSMA-Positive mCRPC","Active, not recruiting",Phase 2,['Metastatic Castration-Resistant Prostate Cancer (mCRPC)'],"['[177Lu]Lu-PSMA-617' 'Best supportive/best standard of care (BS/BSOC)'
 '68Ga-PSMA-11']",['China'],Novartis Pharmaceuticals,Novartis Pharmaceuticals,Global / Multi-Region,2.0,1.0,0.6,0.0,0.7524338040282234,1.581854890630875,0.0,-0.03849364128721411,K50_lc0.5_ls1_sig0.1_seed0,50,0.5,1.0,0.1,0
NCT06657391,Evaluation of Recombinant Humanized Anti-CD25 Monoclonal Antibody for Preventing Graft-versus-host Disease After Haploidentical/matched Unrelated Donor Hematopoietic Stem Cell Transplantation in Patients with Transfusion-dependent Thalassemia,Recruiting,Phase 2,['Transfusion Dependent Thalassemia'],['recombinant humanized anti-CD25 monoclonal antibody'],['China'],Rongrong Liu,Rongrong Liu,Global / Multi-Region,2.0,1.0,0.6,0.0,0.8054443336260464,1.6950473690621068,0.0,-0.04207935090500703,K50_lc0.5_ls1_sig0.1_seed0,50,0.5,1.0,0.1,0
NCT04948619,Immune Function and Response to Vaccination After Cancer Therapy in Pediatric Patients,Recruiting,Phase 2,['Pediatric Cancer'],['Vaccine'],['United States'],Wake Forest University Health Sciences,Wake Forest University Health Sciences,Global / Multi-Region,2.0,1.0,0.6,0.0,0.7534923081192648,1.5912101964742074,0.0,-0.04211279011783886,K50_lc0.5_ls1_sig0.1_seed0,50,0.5,1.0,0.1,0
NCT06168786,Cadonilimab Combined With Fruquintinib and SBRT as Athird-line and Posterior Line Treatment in Patients With MSS CRC,Recruiting,Phase 2,['Colorectal Cancer'],['Fruquintinib' 'Cadonilimab' 'SBRT'],['China'],Huazhong University of Science and Technology,Huazhong University of Science and Technology,Global / Multi-Region,2.0,1.0,0.6,0.0,0.7295993653739405,1.5493567125439083,0.0,-0.04507899089801359,K50_lc0.5_ls1_sig0.1_seed0,50,0.5,1.0,0.1,0
NCT05806931,Sequential TAS-OX Alternating With TAS-IRI Plus Bevacizumab for Late-Line Metastatic Colorectal Cancer,Recruiting,Phase 2,['Colon Cancer' 'Rectal Cancer'],"['TAS-102, oxaliplatin, irinotecan with bevacizumab']",['United States'],"Rutgers, The State University of New Jersey","Rutgers, The State University of New Jersey",Global / Multi-Region,2.0,1.0,0.6,0.0,0.7383767922886745,1.569945608957048,0.0,-0.046596012189849545,K50_lc0.5_ls1_sig0.1_seed0,50,0.5,1.0,0.1,0
NCT04698785,Efficacy of Regorafenib Combined With Best Supportive Care as Maintenance Treatment in High Grade Bone Sarcomas Patients,Recruiting,Phase 2,['Bone Sarcoma' 'Osteosarcoma'],['Treatment by regorafenib and best supportive care'],['France'],Centre Leon Berard,Centre Leon Berard,Global / Multi-Region,2.0,1.0,0.6,0.0,0.7374371033844402,1.5757303760601564,0.0,-0.05042808464563797,K50_lc0.5_ls1_sig0.1_seed0,50,0.5,1.0,0.1,0
NCT04202835,ATG Plus PTCy vs ATG for CGVHD Prophylaxis,"Active, not recruiting",Phase 2,['Acute Leukemia' 'Myelodysplasia' 'Chronic Graft-versus-host-disease'],['Cyclophosphamide' 'Anti-Thymocyte globulin (rabbit)'],['Australia' 'Canada'],McMaster University,McMaster University,Global / Multi-Region,2.0,1.0,0.6,0.0,0.7556874876523839,1.6155267409586782,0.0,-0.05207588282695519,K50_lc0.5_ls1_sig0.1_seed0,50,0.5,1.0,0.1,0
NCT05576896,Hydroxychloroquine in Combination With Encorafenib and Cetuximab or Panitumumab in the Treatment of Metastatic BRAF-mutated Colorectal Cancer Refractory,Recruiting,Phase 2,"['Stage IV Colorectal Cancer Positive for BRAF V600E Mutation'
 'Colorectal Cancer' 'Colorectal Cancer Stage IV']",['Hydroxychloroquine in Combination With Encorafenib and Cetuximab or Panitumumab'],['United States'],Northwestern University,Northwestern University,Global / Multi-Region,2.0,1.0,0.6,0.0,0.7867043274825442,1.680847137079668,0.0,-0.05371924105728987,K50_lc0.5_ls1_sig0.1_seed0,50,0.5,1.0,0.1,0
NCT06276868,"Darsilide Combined With AI, Trastuzumab and Patuzumab in the Neoadjuvant Treatment of HR+/HER2+ Breast Cancer",Recruiting,Phase 2,['Breast Cancer' 'HER2-positive Breast Cancer'],['Dalcilib+letrozole+HP treatment group'],['China'],Henan Cancer Hospital,Henan Cancer Hospital,Global / Multi-Region,2.0,1.0,0.6,0.0,0.8226600622273617,1.7614350698276728,0.0,-0.058057472686474765,K50_lc0.5_ls1_sig0.1_seed0,50,0.5,1.0,0.1,0
NCT06827977,A Study of Microbiome Transplantation for the Treatment of Constipation and/or Significant Bloating in Patients With Systemic Sclerosis,Recruiting,Phase 2,['Constipation' 'Bloating'],['PRIM-DJ2727' 'Placebo'],['United States'],"The University of Texas Health Science Center, Houston","The University of Texas Health Science Center, Houston",Global / Multi-Region,2.0,1.0,0.6,0.0,0.7109676625154144,1.5440163544614498,0.0,-0.06104051471531047,K50_lc0.5_ls1_sig0.1_seed0,50,0.5,1.0,0.1,0
NCT04220749,Radiotherapy vs. Trans-Oral Surgery for HPV-Negative Oropharyngeal Squamous Cell Carcinoma,Recruiting,Phase 2,['Head and Neck Cancer' 'Oropharyngeal Squamous Cell Carcinoma'],['Radiation' 'Trans-Oral Surgery (TOS) + Neck Dissection'],['Canada'],London Health Sciences Centre Research Institute OR Lawson Research Institute of St. Joseph's,London Health Sciences Centre Research Institute OR Lawson Research Institute of St. Joseph's,Global / Multi-Region,2.0,1.0,0.6,0.0,0.6850295392116407,1.510367865271909,0.0,-0.07015439342431384,K50_lc0.5_ls1_sig0.1_seed0,50,0.5,1.0,0.1,0
NCT06184009,Treatment of Newly Diagnosed High Risk Pediatric Acute Lymphoblastic Leukemia,Recruiting,Phase 2,['Pediatric Acute Lymphoblastic Leukemia'],"['ALL, High risk']",['South Korea'],Jae Wook Lee,Jae Wook Lee,Global / Multi-Region,2.0,1.0,0.6,0.0,0.8148524839154482,1.7764757714610626,0.0,-0.07338540181508313,K50_lc0.5_ls1_sig0.1_seed0,50,0.5,1.0,0.1,0
NCT05008900,Timing of Post-prostatectomy PSMA Imaging,Recruiting,Phase 2,['Prostate Cancer' 'Prostatectomy'],['Salvage radiotherapy'],['Canada'],"University Health Network, Toronto","University Health Network, Toronto",Global / Multi-Region,2.0,1.0,0.6,0.0,0.818391203891294,1.7839789489132434,0.0,-0.07359827056532764,K50_lc0.5_ls1_sig0.1_seed0,50,0.5,1.0,0.1,0
NCT05500326,Ivermectin Therapy for Scabies Infection in Children Younger Than 5 Years of Age (ITCHY Study),Recruiting,Phase 2,['Scabies; Itch' 'Scabies'],['Ivermectin Tablets'],['Laos'],Murdoch Childrens Research Institute,Murdoch Childrens Research Institute,Global / Multi-Region,2.0,1.0,0.6,0.0,0.7246752892010989,1.5986944708155848,0.0,-0.07467194620669348,K50_lc0.5_ls1_sig0.1_seed0,50,0.5,1.0,0.1,0
NCT04886531,"Trial of Pre-operative Neratinib and Endocrine Therapy With Trastuzumab in ER-Positive, HER-2 Positive Breast Cancers",Recruiting,Phase 2,"['Breast Cancer' 'HER2-positive Breast Cancer' 'ER Positive Breast Cancer'
 'PR-Positive Breast Cancer']",['Neratinib' 'Letrozole (L) or Anastrozole (A)' 'Trastuzumab'],['United States'],Ruth O'Regan,Ruth O'Regan,Global / Multi-Region,2.0,1.0,0.6,0.0,0.7189573133558567,1.5876386246787284,0.0,-0.07486199898350754,K50_lc0.5_ls1_sig0.1_seed0,50,0.5,1.0,0.1,0
NCT04904588,HLA-Mismatched Unrelated Donor Hematopoietic Cell Transplantation With Post-Transplantation Cyclophosphamide,"Active, not recruiting",Phase 2,"['Acute Lymphoblastic Leukemia' 'Acute Myelogenous Leukemia'
 'Mixed Phenotype Acute Leukemia' 'Acute Leukemia'
 'Myelodysplastic Syndromes' 'Chronic Myelogenous Leukemia'
 'Chronic Lymphocytic Leukemia' 'Lymphoma']","['Busulfan' 'Busulfan' 'Fludarabine' 'Total-body irradiation'
 'Cyclophosphamide' 'Melphalan'
 'PBSC Hematopoietic Stem Cell Transplantation (HSCT)'
 'Bone Marrow Hematopoietic Stem Cell Transplantation'
 'Post-transplant Cyclophosphamide' 'Mesna' 'Tacrolimus'
 'Mycophenolate Mofetil' 'Patient-Reported Outcomes']",['United States'],Center for International Blood and Marrow Transplant Research,Center for International Blood and Marrow Transplant Research,Global / Multi-Region,2.0,1.0,0.6,0.0,0.7140391464598336,1.5830803738556276,0.0,-0.07750104046798023,K50_lc0.5_ls1_sig0.1_seed0,50,0.5,1.0,0.1,0
NCT07160608,Safety and Efficacy of Tarperprumig in Adult Participants With Anti-Neutrophil Cytoplasmic Antibody (ANCA)-Associated Vasculitis,Recruiting,Phase 2,['Anti-Neutrophil Cytoplasmic Antibody-Associated Vasculitis'],['Placebo' 'Tarperprumig'],"['Argentina' 'Australia' 'Brazil' 'Canada' 'China' 'France' 'Germany'
 'Italy' 'Poland' 'South Korea' 'Spain' 'Taiwan' 'Turkey (Türkiye)'
 'United Kingdom']","Alexion Pharmaceuticals, Inc.","Alexion Pharmaceuticals, Inc.",Global / Multi-Region,2.0,1.0,0.6,0.0,0.8060825104785201,1.7676668160900018,0.0,-0.07775089756648079,K50_lc0.5_ls1_sig0.1_seed0,50,0.5,1.0,0.1,0
NCT04565925,Sildenafil for Treatment of Urinary Incontinence in Patients With Spinal Cord Injuries,Recruiting,Phase 2,['Spinal Cord Injuries' 'Urinary Incontinence'],['Sildenafil Citrate' 'Placebo'],['United States'],"The University of Texas Medical Branch, Galveston","The University of Texas Medical Branch, Galveston",Global / Multi-Region,2.0,1.0,0.6,0.0,0.6253328881201504,1.4091291749475818,0.0,-0.0792316993536405,K50_lc0.5_ls1_sig0.1_seed0,50,0.5,1.0,0.1,0
NCT06465823,Efficacy of Bumetanide to Improve Cognitive Functions in Down Syndrome,Recruiting,Phase 2,['Down Syndrome'],['Bumetanide' 'Placebo'],['Italy'],Stefano Vicari,Stefano Vicari,Global / Multi-Region,2.0,1.0,0.6,0.0,0.6994582477939811,1.5596128505314857,0.0,-0.0803481774717617,K50_lc0.5_ls1_sig0.1_seed0,50,0.5,1.0,0.1,0
NCT06462378,Proton Therapy for Locally Advanced Cervical Cancer,Recruiting,Phase 2,['Cervical Cancer' 'Proton Therapy' 'Radiotherapy Side Effect'],['Proton therapy'],['Denmark'],University of Aarhus,University of Aarhus,Global / Multi-Region,2.0,1.0,0.6,0.0,0.6936288277196364,1.5482532573474133,0.0,-0.08049780095407022,K50_lc0.5_ls1_sig0.1_seed0,50,0.5,1.0,0.1,0
NCT06353685,De-Escalation Postoperative Radiotherapy for Oral Squamous Cell Carcinoma With pCR/MPR.,Recruiting,Phase 2,['De-escalated Radiotherapy; Head and Neck Cancer'],"['Continuous, hyperfractionated, accelerated radiotherapy(CHART)']",['China'],Sun Yat-Sen Memorial Hospital of Sun Yat-Sen University,Sun Yat-Sen Memorial Hospital of Sun Yat-Sen University,Global / Multi-Region,2.0,1.0,0.6,0.0,0.7276211289836679,1.6183994336411658,0.0,-0.08157858783691496,K50_lc0.5_ls1_sig0.1_seed0,50,0.5,1.0,0.1,0
NCT05647473,"Efficacy, Safety and Response Predictors of Adjuvant Astragalus for Cognition in Orthostatic Hypotension",Recruiting,Phase 2,['Orthostatic Hypotension' 'Alzheimer Disease'],"['Routine treatment' 'add-on low dose Astragalus'
 'add-on high dose Astragalus']",['China'],Fujian Medical University Union Hospital,Fujian Medical University Union Hospital,Global / Multi-Region,2.0,1.0,0.6,0.0,0.6807553993574953,1.5298648166141093,0.0,-0.08417700894955937,K50_lc0.5_ls1_sig0.1_seed0,50,0.5,1.0,0.1,0
NCT06793371,"AMBER-HFpEF: Assessment of CK-4021586 in a Multi-Center, Blinded Evaluation of Safety and Tolerability Results in HFpEF",Recruiting,Phase 2,['Symptomatic Heart Failure With Preserved Ejection Fraction (HFpEF)'],"['CK-4021586 (150 mg, 300 mg, 450 mg, and 600 mg)'
 'Placebo to match CK-4021586']",['United States'],Cytokinetics,Cytokinetics,Global / Multi-Region,2.0,1.0,0.6,0.0,0.8054272331369577,1.7843588858387864,0.0,-0.08675220978243547,K50_lc0.5_ls1_sig0.1_seed0,50,0.5,1.0,0.1,0
NCT04028063,Doxorubicin Plus Dual Checkpoint Blockade for Soft Tissue Sarcomas,Recruiting,Phase 2,['Metastatic Soft Tissue Sarcoma' 'Advanced Soft Tissue Sarcoma'],['Balstilimab' 'Zalifrelimab' 'Doxorubicin' 'Botensilimab'],['United States'],"University of Colorado, Denver","University of Colorado, Denver",Global / Multi-Region,2.0,1.0,0.6,0.0,0.7723865520469796,1.7291690784830045,0.0,-0.09219798719452266,K50_lc0.5_ls1_sig0.1_seed0,50,0.5,1.0,0.1,0
NCT05835479,Rezafungin for Treatment of Pneumocystis Pneumonia in HIV Adults,Recruiting,Phase 2,['Pneumocystis Pneumonia'],['Co-Trimoxazole' 'Rezafungin Acetate / Co Trimoxazole'],['South Africa'],Mundipharma Research Limited,Mundipharma Research Limited,Global / Multi-Region,2.0,1.0,0.6,0.0,0.721006862890249,1.6283820563532114,0.0,-0.09318416528635676,K50_lc0.5_ls1_sig0.1_seed0,50,0.5,1.0,0.1,0
NCT05066334,Efficacy of Intradiscal Injection of Autologous BM-MSC in Subjects With Chronic LBP Due to Multilevel Lumbar IDD,Recruiting,Phase 2,['Intervertebral Disc Degeneration' 'Chronic Low-back Pain'],['Autologous BM-MSC' 'Sham'],['Italy'],Fondazione Policlinico Universitario Campus Bio-Medico,Fondazione Policlinico Universitario Campus Bio-Medico,Global / Multi-Region,2.0,1.0,0.6,0.0,0.72455027678263,1.638248535473946,0.0,-0.09457399095434305,K50_lc0.5_ls1_sig0.1_seed0,50,0.5,1.0,0.1,0
NCT05371223,Combined Nabpaclitaxel Pressurized IntraPeritoneal Aerosol Chemotherapy With Systemic Nabpaclitaxel-Gemcitabine Chemotherapy for Pancreatic Cancer Peritoneal Metastases,Recruiting,Phase 2,['Peritoneal Carcinomatosis' 'Pancreas Neoplasm'],['Combined Nabpaclitaxel Pressurized IntraPeritoneal Aerosol Chemotherapy With Systemic Nabpaclitaxel-Gemcitabine'],['Italy'],Fondazione Policlinico Universitario Agostino Gemelli IRCCS,Fondazione Policlinico Universitario Agostino Gemelli IRCCS,Global / Multi-Region,2.0,1.0,0.6,0.0,0.6942108104680919,1.5820304980410405,0.0,-0.09680443855242837,K50_lc0.5_ls1_sig0.1_seed0,50,0.5,1.0,0.1,0
NCT06684600,Study of Dalpiciclib Isethionate Plus Pyrotinib Maleate in the Treatment of Advanced Esophageal Squamous Cell Carcinoma,Recruiting,Phase 2,['Esophageal Squamous Cell Carcinoma'],['Dalpiciclib + Pyrotinib'],['China'],Peking University,Peking University,Global / Multi-Region,2.0,1.0,0.6,0.0,0.7443085836529729,1.6823983895994234,0.0,-0.0968906111467388,K50_lc0.5_ls1_sig0.1_seed0,50,0.5,1.0,0.1,0
NCT06620848,A Study of HRS-4642 Monotherapy or in Combination With Adebrelimab in the Treatment of Advanced Biliary Tract Tumors.,Recruiting,Phase 2,['Biliary Tract Cancer'],['HRS-4642 monotherapy' 'HRS-4642 and adebrelimab combination therapy'],['China'],Shanghai Zhongshan Hospital,Shanghai Zhongshan Hospital,Global / Multi-Region,2.0,1.0,0.6,0.0,0.7612650808348236,1.721562106596397,0.0,-0.09951597246337496,K50_lc0.5_ls1_sig0.1_seed0,50,0.5,1.0,0.1,0
NCT06232655,Cladribine Venetoclax in Monocytic AML,Recruiting,Phase 2,['Acute Myeloid Leukemia'],['Cladribine' 'Venetoclax' 'Azacitidine'],['United States'],"University of Colorado, Denver","University of Colorado, Denver",Global / Multi-Region,2.0,1.0,0.6,0.0,0.6092361656246152,1.4191386042770704,0.0,-0.10033313651391995,K50_lc0.5_ls1_sig0.1_seed0,50,0.5,1.0,0.1,0
NCT04237103,Combination of Methotrexate and Phototherapy Versus Phototherapy in Adults with Progressive Vitiligo,Recruiting,Phase 2,['Vitiligo'],['Methotrexate' 'Placebos'],['France'],"University Hospital, Bordeaux","University Hospital, Bordeaux",Global / Multi-Region,2.0,1.0,0.6,0.0,0.7712845978581271,1.745279510181021,0.0,-0.10135515723238342,K50_lc0.5_ls1_sig0.1_seed0,50,0.5,1.0,0.1,0
NCT06850597,Efficacy and Safety of Dimethyl Fumarate Among Patients with Mild Cognitive Impairment and Dementia Due to Alzheimer's Disease,Recruiting,Phase 2,"['MCI' ""MCI-AD, Early Stage Alzheimer's Disease"" ""Alzheimer's Disease""]",['dimethyl fumarate'],['Poland'],Medical University of Lodz,Medical University of Lodz,Global / Multi-Region,2.0,1.0,0.6,0.0,0.8394863275794241,1.8819033048387008,0.0,-0.10146532483992632,K50_lc0.5_ls1_sig0.1_seed0,50,0.5,1.0,0.1,0
NCT03215719,Adaptive Treatment De-escalation in Favorable Risk HPV-Positive Oropharyngeal Carcinoma,Recruiting,Phase 2,"['Oropharyngeal Carcinoma'
 'HPV Positive Oropharyngeal Squamous Cell Carcinoma']",['Standard Radiation Treatment' 'Dose-Deescalated Treatment' 'Cisplatinum'],['United States'],NYU Langone Health,NYU Langone Health,Global / Multi-Region,2.0,1.0,0.6,0.0,0.660285324792756,1.5285393329067092,0.0,-0.10398434166059856,K50_lc0.5_ls1_sig0.1_seed0,50,0.5,1.0,0.1,0
NCT06678620,Phase II Clinical Trial of 24-valent Pneumococcal Polysaccharide Conjugate Vaccine,Recruiting,Phase 2,['Pneumococcal Infectious Disease'],"['Reinovax PCV24 formulation 1' 'Reinovax PCV24 formulation 2'
 'Reinovax PCV24 formulation 3' 'PPSV23']",['China'],"Shanghai Reinovax Biologics Co.,LTD","Shanghai Reinovax Biologics Co.,LTD",Global / Multi-Region,2.0,1.0,0.6,0.0,0.6241038610495349,1.4584269019756544,0.0,-0.10510958993829234,K50_lc0.5_ls1_sig0.1_seed0,50,0.5,1.0,0.1,0
NCT02877394,Use of a Squatting Assist Device in Patients With Constipation,Recruiting,Phase 2,['Constipation'],['Squatting Assist Device' 'Sham Squatting Assist Device'],['United States'],Mayo Clinic,Mayo Clinic,Global / Multi-Region,2.0,1.0,0.6,0.0,0.7479320021018502,1.707696906701184,0.0,-0.10591645124874183,K50_lc0.5_ls1_sig0.1_seed0,50,0.5,1.0,0.1,0
NCT05751018,Phase II Clinical Study of Pyrotinib in First-line Treatment of Primary HER2-amplified/Mutated Advanced Non-small Cell Lung Cancer,Recruiting,Phase 2,['Non-small Cell Lung Cancer'],['Pyrotinib'],['China'],Peking Union Medical College Hospital,Peking Union Medical College Hospital,Global / Multi-Region,2.0,1.0,0.6,0.0,0.6641830835267462,1.540755438336282,0.0,-0.10619463564139486,K50_lc0.5_ls1_sig0.1_seed0,50,0.5,1.0,0.1,0
NCT06001125,Methotrexate for Immune Related Arthritis or Arthralgias (IMPACT 2.1),Recruiting,Phase 2,['Arthritis' 'Arthralgia'],['Methotrexate'],['Canada'],AHS Cancer Control Alberta,AHS Cancer Control Alberta,Global / Multi-Region,2.0,1.0,0.6,0.0,0.6689271380530649,1.5505403583385593,0.0,-0.10634304111621473,K50_lc0.5_ls1_sig0.1_seed0,50,0.5,1.0,0.1,0
NCT06390956,Pirtobrutinib in Combination With Rituximab in Adults With Untreated Marginal Zone Lymphoma (PIONEER-MZL),Recruiting,Phase 2,['Marginal Zone Lymphoma'],['Pirtobrutinib'],['United States'],University of Utah,University of Utah,Global / Multi-Region,2.0,1.0,0.6,0.0,0.675314195471855,1.5660628113125152,0.0,-0.10771721018440261,K50_lc0.5_ls1_sig0.1_seed0,50,0.5,1.0,0.1,0
NCT03414229,"A Study of Epacadostat, an IDO1 Inhibitor, in Combination With Pembrolizumab in Patients With Metastatic and/or Locally Advanced Sarcoma","Active, not recruiting",Phase 2,['Sarcoma'],['Epacadostat' 'Pembrolizumab'],['United States'],Memorial Sloan Kettering Cancer Center,Memorial Sloan Kettering Cancer Center,Global / Multi-Region,2.0,1.0,0.6,0.0,0.7602032984351701,1.7359245587727523,0.0,-0.10775898095120606,K50_lc0.5_ls1_sig0.1_seed0,50,0.5,1.0,0.1,0
NCT05636293,"Double Blind, Placebo-controlled Trial to Establish Safety and Efficacy of Ritlecitinib in Celiac Disease Patients in Remission",Recruiting,Phase 2,['Celiac Disease'],['Ritlecitinib' 'Placebo' 'Gluten'],['United States'],Massachusetts General Hospital,Massachusetts General Hospital,Global / Multi-Region,2.0,1.0,0.6,0.0,0.6750443948419332,1.566662107901742,0.0,-0.10828665910893776,K50_lc0.5_ls1_sig0.1_seed0,50,0.5,1.0,0.1,0
NCT06551272,Microbiota Modification for Immuno-oncology in Hepatocellular Carcinoma,Recruiting,Phase 2,['Hepatocellular Carcinoma'],['EXL01'],['France'],Center Eugene Marquis,Center Eugene Marquis,Global / Multi-Region,2.0,1.0,0.6,0.0,0.7555418931803087,1.7285817243878958,0.0,-0.10874896901363917,K50_lc0.5_ls1_sig0.1_seed0,50,0.5,1.0,0.1,0
NCT05287126,A Study to Evaluate Etrasimod Treatment in Adolescents With Ulcerative Colitis,Recruiting,Phase 2,['Ulcerative Colitis'],['Etrasimod'],['Austria' 'Belgium' 'Japan' 'Poland' 'Slovakia' 'Spain' 'United States'],Pfizer,Pfizer,Global / Multi-Region,2.0,1.0,0.6,0.0,0.6916473001652497,1.6024665704324892,0.0,-0.10958598505099493,K50_lc0.5_ls1_sig0.1_seed0,50,0.5,1.0,0.1,0
NCT05660954,Cabozantinib In Advanced Radioactive-Iodine Refractory Differentiated Thyroid Cancer.,"Active, not recruiting",Phase 2,['Differentiated Thyroid Cancer'],['Cabozantinib'],['Spain'],Grupo Espanol de Tumores Neuroendocrinos,Grupo Espanol de Tumores Neuroendocrinos,Global / Multi-Region,2.0,1.0,0.6,0.0,0.7558055057652652,1.7314263355533521,0.0,-0.10990766201141089,K50_lc0.5_ls1_sig0.1_seed0,50,0.5,1.0,0.1,0
NCT07047183,Clinical Study of Venetoclax Combined With Azacitidine as Bridging Therapy Prior to Hematopoietic Stem Cell Transplantation in Patients With Higher-Risk Myelodysplastic Syndromes,Recruiting,Phase 2,['Myelodysplastic Neoplasms' 'Transplantation'],['VEN (Venetoclax)'],['China'],Yehui Tan,Yehui Tan,Global / Multi-Region,2.0,1.0,0.6,0.0,0.6665794674682425,1.5542889951199637,0.0,-0.11056503009173935,K50_lc0.5_ls1_sig0.1_seed0,50,0.5,1.0,0.1,0
NCT06262048,Prevention of Post Operative Urinary Retention After Thoracic Surgery Trial,Recruiting,Phase 2,['Urinary Retention Postoperative'],['Tamsulosin Hydrochloride' 'Placebo'],['Canada'],London Health Sciences Centre Research Institute OR Lawson Research Institute of St. Joseph's,London Health Sciences Centre Research Institute OR Lawson Research Institute of St. Joseph's,Global / Multi-Region,2.0,1.0,0.6,0.0,0.693978564121554,1.6112580057141157,0.0,-0.11165043873550384,K50_lc0.5_ls1_sig0.1_seed0,50,0.5,1.0,0.1,0
NCT03405155,Nivolumab in Treating Patients With Stage IIB-IIC Melanoma That Can Be Removed by Surgery,"Active, not recruiting",Phase 2,['Melanoma (Skin)'],['Nivolumab'],['United States'],Sidney Kimmel Cancer Center at Thomas Jefferson University,Sidney Kimmel Cancer Center at Thomas Jefferson University,Global / Multi-Region,2.0,1.0,0.6,0.0,0.7152971136024499,1.6561161734644936,0.0,-0.11276097312979694,K50_lc0.5_ls1_sig0.1_seed0,50,0.5,1.0,0.1,0
NCT03599960,Combination Chemotherapy in Patients With Newly Diagnosed BPDCN,"Active, not recruiting",Phase 2,['Blastic Plasmacytoid Dendritic Cell Neoplasm (BPDCN)'],['Chemotherapy'],['France'],Centre Hospitalier Universitaire de Besancon,Centre Hospitalier Universitaire de Besancon,Global / Multi-Region,2.0,1.0,0.6,0.0,0.6788430027015562,1.5909109153449215,0.0,-0.11661245497090456,K50_lc0.5_ls1_sig0.1_seed0,50,0.5,1.0,0.1,0
NCT05726032,Empagliflozin in Patients With Cirrhosis and Ascites,Recruiting,Phase 2,['Cirrhosis' 'Liver Failure'],['Empagliflozin 10 MG' 'Matching Placebo'],['United States'],Yale University,Yale University,Global / Multi-Region,2.0,1.0,0.6,0.0,0.6701218251412323,1.574195870998616,0.0,-0.11697611035807565,K50_lc0.5_ls1_sig0.1_seed0,50,0.5,1.0,0.1,0
NCT04879563,Artificial Intelligence Supporting CAncer Patients Across Europe - the ASCAPE Project,"Active, not recruiting",Phase 2,"['Breast Cancer' 'Prostate Cancer' 'Quality of Life' 'Survivorship'
 'Toxicity']",['ASCAPE-based follow-up strategy'],['Greece' 'Spain' 'Sweden' 'United Kingdom'],Region Örebro County,Region Örebro County,Global / Multi-Region,2.0,1.0,0.6,0.0,0.6232366713619146,1.2760067521242582,0.0,-0.014766704700214461,K50_lc0.5_ls2_sig0.1_seed0,50,0.5,2.0,0.1,0
NCT01356290,"Antiangiogenic Therapy for Children with Recurrent Medulloblastoma, Ependymoma and ATRT",Recruiting,Phase 2,['Medulloblastoma Recurrent' 'Ependymoma Recurrent' 'ATRT Recurrent'],"['Bevacizumab' 'Thalidomide' 'Celecoxib' 'Fenofibric acid' 'Etoposide'
 'Cyclophosphamide' 'Etoposide phosphate' 'Cytarabine']","['Austria' 'Czechia' 'Denmark' 'France' 'Norway' 'Spain' 'Sweden'
 'United States']",Medical University of Vienna,Medical University of Vienna,Global / Multi-Region,2.0,1.0,0.6,0.0,0.8152813995113367,1.6827139343213724,0.0,-0.026075567649349485,K50_lc0.5_ls2_sig0.1_seed0,50,0.5,2.0,0.1,0
NCT05670106,"A Study to Evaluate the Efficacy, Safety, Pharmacokinetics and Dosimetry of [177Lu]Lu-PSMA-617 in Chinese Adult Male Patients With Progressive PSMA-Positive mCRPC","Active, not recruiting",Phase 2,['Metastatic Castration-Resistant Prostate Cancer (mCRPC)'],"['[177Lu]Lu-PSMA-617' 'Best supportive/best standard of care (BS/BSOC)'
 '68Ga-PSMA-11']",['China'],Novartis Pharmaceuticals,Novartis Pharmaceuticals,Global / Multi-Region,2.0,1.0,0.6,0.0,0.7524338040282234,1.581854890630875,0.0,-0.03849364128721411,K50_lc0.5_ls2_sig0.1_seed0,50,0.5,2.0,0.1,0
NCT06657391,Evaluation of Recombinant Humanized Anti-CD25 Monoclonal Antibody for Preventing Graft-versus-host Disease After Haploidentical/matched Unrelated Donor Hematopoietic Stem Cell Transplantation in Patients with Transfusion-dependent Thalassemia,Recruiting,Phase 2,['Transfusion Dependent Thalassemia'],['recombinant humanized anti-CD25 monoclonal antibody'],['China'],Rongrong Liu,Rongrong Liu,Global / Multi-Region,2.0,1.0,0.6,0.0,0.8054443336260464,1.6950473690621068,0.0,-0.04207935090500703,K50_lc0.5_ls2_sig0.1_seed0,50,0.5,2.0,0.1,0
NCT04948619,Immune Function and Response to Vaccination After Cancer Therapy in Pediatric Patients,Recruiting,Phase 2,['Pediatric Cancer'],['Vaccine'],['United States'],Wake Forest University Health Sciences,Wake Forest University Health Sciences,Global / Multi-Region,2.0,1.0,0.6,0.0,0.7534923081192648,1.5912101964742074,0.0,-0.04211279011783886,K50_lc0.5_ls2_sig0.1_seed0,50,0.5,2.0,0.1,0
NCT06168786,Cadonilimab Combined With Fruquintinib and SBRT as Athird-line and Posterior Line Treatment in Patients With MSS CRC,Recruiting,Phase 2,['Colorectal Cancer'],['Fruquintinib' 'Cadonilimab' 'SBRT'],['China'],Huazhong University of Science and Technology,Huazhong University of Science and Technology,Global / Multi-Region,2.0,1.0,0.6,0.0,0.7295993653739405,1.5493567125439083,0.0,-0.04507899089801359,K50_lc0.5_ls2_sig0.1_seed0,50,0.5,2.0,0.1,0
NCT05806931,Sequential TAS-OX Alternating With TAS-IRI Plus Bevacizumab for Late-Line Metastatic Colorectal Cancer,Recruiting,Phase 2,['Colon Cancer' 'Rectal Cancer'],"['TAS-102, oxaliplatin, irinotecan with bevacizumab']",['United States'],"Rutgers, The State University of New Jersey","Rutgers, The State University of New Jersey",Global / Multi-Region,2.0,1.0,0.6,0.0,0.7383767922886745,1.569945608957048,0.0,-0.046596012189849545,K50_lc0.5_ls2_sig0.1_seed0,50,0.5,2.0,0.1,0
NCT04698785,Efficacy of Regorafenib Combined With Best Supportive Care as Maintenance Treatment in High Grade Bone Sarcomas Patients,Recruiting,Phase 2,['Bone Sarcoma' 'Osteosarcoma'],['Treatment by regorafenib and best supportive care'],['France'],Centre Leon Berard,Centre Leon Berard,Global / Multi-Region,2.0,1.0,0.6,0.0,0.7374371033844402,1.5757303760601564,0.0,-0.05042808464563797,K50_lc0.5_ls2_sig0.1_seed0,50,0.5,2.0,0.1,0
NCT04202835,ATG Plus PTCy vs ATG for CGVHD Prophylaxis,"Active, not recruiting",Phase 2,['Acute Leukemia' 'Myelodysplasia' 'Chronic Graft-versus-host-disease'],['Cyclophosphamide' 'Anti-Thymocyte globulin (rabbit)'],['Australia' 'Canada'],McMaster University,McMaster University,Global / Multi-Region,2.0,1.0,0.6,0.0,0.7556874876523839,1.6155267409586782,0.0,-0.05207588282695519,K50_lc0.5_ls2_sig0.1_seed0,50,0.5,2.0,0.1,0
NCT05576896,Hydroxychloroquine in Combination With Encorafenib and Cetuximab or Panitumumab in the Treatment of Metastatic BRAF-mutated Colorectal Cancer Refractory,Recruiting,Phase 2,"['Stage IV Colorectal Cancer Positive for BRAF V600E Mutation'
 'Colorectal Cancer' 'Colorectal Cancer Stage IV']",['Hydroxychloroquine in Combination With Encorafenib and Cetuximab or Panitumumab'],['United States'],Northwestern University,Northwestern University,Global / Multi-Region,2.0,1.0,0.6,0.0,0.7867043274825442,1.680847137079668,0.0,-0.05371924105728987,K50_lc0.5_ls2_sig0.1_seed0,50,0.5,2.0,0.1,0
NCT06276868,"Darsilide Combined With AI, Trastuzumab and Patuzumab in the Neoadjuvant Treatment of HR+/HER2+ Breast Cancer",Recruiting,Phase 2,['Breast Cancer' 'HER2-positive Breast Cancer'],['Dalcilib+letrozole+HP treatment group'],['China'],Henan Cancer Hospital,Henan Cancer Hospital,Global / Multi-Region,2.0,1.0,0.6,0.0,0.8226600622273617,1.7614350698276728,0.0,-0.058057472686474765,K50_lc0.5_ls2_sig0.1_seed0,50,0.5,2.0,0.1,0
NCT06827977,A Study of Microbiome Transplantation for the Treatment of Constipation and/or Significant Bloating in Patients With Systemic Sclerosis,Recruiting,Phase 2,['Constipation' 'Bloating'],['PRIM-DJ2727' 'Placebo'],['United States'],"The University of Texas Health Science Center, Houston","The University of Texas Health Science Center, Houston",Global / Multi-Region,2.0,1.0,0.6,0.0,0.7109676625154144,1.5440163544614498,0.0,-0.06104051471531047,K50_lc0.5_ls2_sig0.1_seed0,50,0.5,2.0,0.1,0
NCT04220749,Radiotherapy vs. Trans-Oral Surgery for HPV-Negative Oropharyngeal Squamous Cell Carcinoma,Recruiting,Phase 2,['Head and Neck Cancer' 'Oropharyngeal Squamous Cell Carcinoma'],['Radiation' 'Trans-Oral Surgery (TOS) + Neck Dissection'],['Canada'],London Health Sciences Centre Research Institute OR Lawson Research Institute of St. Joseph's,London Health Sciences Centre Research Institute OR Lawson Research Institute of St. Joseph's,Global / Multi-Region,2.0,1.0,0.6,0.0,0.6850295392116407,1.510367865271909,0.0,-0.07015439342431384,K50_lc0.5_ls2_sig0.1_seed0,50,0.5,2.0,0.1,0
NCT06184009,Treatment of Newly Diagnosed High Risk Pediatric Acute Lymphoblastic Leukemia,Recruiting,Phase 2,['Pediatric Acute Lymphoblastic Leukemia'],"['ALL, High risk']",['South Korea'],Jae Wook Lee,Jae Wook Lee,Global / Multi-Region,2.0,1.0,0.6,0.0,0.8148524839154482,1.7764757714610626,0.0,-0.07338540181508313,K50_lc0.5_ls2_sig0.1_seed0,50,0.5,2.0,0.1,0
NCT05008900,Timing of Post-prostatectomy PSMA Imaging,Recruiting,Phase 2,['Prostate Cancer' 'Prostatectomy'],['Salvage radiotherapy'],['Canada'],"University Health Network, Toronto","University Health Network, Toronto",Global / Multi-Region,2.0,1.0,0.6,0.0,0.818391203891294,1.7839789489132434,0.0,-0.07359827056532764,K50_lc0.5_ls2_sig0.1_seed0,50,0.5,2.0,0.1,0
NCT05500326,Ivermectin Therapy for Scabies Infection in Children Younger Than 5 Years of Age (ITCHY Study),Recruiting,Phase 2,['Scabies; Itch' 'Scabies'],['Ivermectin Tablets'],['Laos'],Murdoch Childrens Research Institute,Murdoch Childrens Research Institute,Global / Multi-Region,2.0,1.0,0.6,0.0,0.7246752892010989,1.5986944708155848,0.0,-0.07467194620669348,K50_lc0.5_ls2_sig0.1_seed0,50,0.5,2.0,0.1,0
NCT04886531,"Trial of Pre-operative Neratinib and Endocrine Therapy With Trastuzumab in ER-Positive, HER-2 Positive Breast Cancers",Recruiting,Phase 2,"['Breast Cancer' 'HER2-positive Breast Cancer' 'ER Positive Breast Cancer'
 'PR-Positive Breast Cancer']",['Neratinib' 'Letrozole (L) or Anastrozole (A)' 'Trastuzumab'],['United States'],Ruth O'Regan,Ruth O'Regan,Global / Multi-Region,2.0,1.0,0.6,0.0,0.7189573133558567,1.5876386246787284,0.0,-0.07486199898350754,K50_lc0.5_ls2_sig0.1_seed0,50,0.5,2.0,0.1,0
NCT04904588,HLA-Mismatched Unrelated Donor Hematopoietic Cell Transplantation With Post-Transplantation Cyclophosphamide,"Active, not recruiting",Phase 2,"['Acute Lymphoblastic Leukemia' 'Acute Myelogenous Leukemia'
 'Mixed Phenotype Acute Leukemia' 'Acute Leukemia'
 'Myelodysplastic Syndromes' 'Chronic Myelogenous Leukemia'
 'Chronic Lymphocytic Leukemia' 'Lymphoma']","['Busulfan' 'Busulfan' 'Fludarabine' 'Total-body irradiation'
 'Cyclophosphamide' 'Melphalan'
 'PBSC Hematopoietic Stem Cell Transplantation (HSCT)'
 'Bone Marrow Hematopoietic Stem Cell Transplantation'
 'Post-transplant Cyclophosphamide' 'Mesna' 'Tacrolimus'
 'Mycophenolate Mofetil' 'Patient-Reported Outcomes']",['United States'],Center for International Blood and Marrow Transplant Research,Center for International Blood and Marrow Transplant Research,Global / Multi-Region,2.0,1.0,0.6,0.0,0.7140391464598336,1.5830803738556276,0.0,-0.07750104046798023,K50_lc0.5_ls2_sig0.1_seed0,50,0.5,2.0,0.1,0
NCT07160608,Safety and Efficacy of Tarperprumig in Adult Participants With Anti-Neutrophil Cytoplasmic Antibody (ANCA)-Associated Vasculitis,Recruiting,Phase 2,['Anti-Neutrophil Cytoplasmic Antibody-Associated Vasculitis'],['Placebo' 'Tarperprumig'],"['Argentina' 'Australia' 'Brazil' 'Canada' 'China' 'France' 'Germany'
 'Italy' 'Poland' 'South Korea' 'Spain' 'Taiwan' 'Turkey (Türkiye)'
 'United Kingdom']","Alexion Pharmaceuticals, Inc.","Alexion Pharmaceuticals, Inc.",Global / Multi-Region,2.0,1.0,0.6,0.0,0.8060825104785201,1.7676668160900018,0.0,-0.07775089756648079,K50_lc0.5_ls2_sig0.1_seed0,50,0.5,2.0,0.1,0
NCT04565925,Sildenafil for Treatment of Urinary Incontinence in Patients With Spinal Cord Injuries,Recruiting,Phase 2,['Spinal Cord Injuries' 'Urinary Incontinence'],['Sildenafil Citrate' 'Placebo'],['United States'],"The University of Texas Medical Branch, Galveston","The University of Texas Medical Branch, Galveston",Global / Multi-Region,2.0,1.0,0.6,0.0,0.6253328881201504,1.4091291749475818,0.0,-0.0792316993536405,K50_lc0.5_ls2_sig0.1_seed0,50,0.5,2.0,0.1,0
NCT06465823,Efficacy of Bumetanide to Improve Cognitive Functions in Down Syndrome,Recruiting,Phase 2,['Down Syndrome'],['Bumetanide' 'Placebo'],['Italy'],Stefano Vicari,Stefano Vicari,Global / Multi-Region,2.0,1.0,0.6,0.0,0.6994582477939811,1.5596128505314857,0.0,-0.0803481774717617,K50_lc0.5_ls2_sig0.1_seed0,50,0.5,2.0,0.1,0
NCT06462378,Proton Therapy for Locally Advanced Cervical Cancer,Recruiting,Phase 2,['Cervical Cancer' 'Proton Therapy' 'Radiotherapy Side Effect'],['Proton therapy'],['Denmark'],University of Aarhus,University of Aarhus,Global / Multi-Region,2.0,1.0,0.6,0.0,0.6936288277196364,1.5482532573474133,0.0,-0.08049780095407022,K50_lc0.5_ls2_sig0.1_seed0,50,0.5,2.0,0.1,0
NCT06353685,De-Escalation Postoperative Radiotherapy for Oral Squamous Cell Carcinoma With pCR/MPR.,Recruiting,Phase 2,['De-escalated Radiotherapy; Head and Neck Cancer'],"['Continuous, hyperfractionated, accelerated radiotherapy(CHART)']",['China'],Sun Yat-Sen Memorial Hospital of Sun Yat-Sen University,Sun Yat-Sen Memorial Hospital of Sun Yat-Sen University,Global / Multi-Region,2.0,1.0,0.6,0.0,0.7276211289836679,1.6183994336411658,0.0,-0.08157858783691496,K50_lc0.5_ls2_sig0.1_seed0,50,0.5,2.0,0.1,0
NCT05647473,"Efficacy, Safety and Response Predictors of Adjuvant Astragalus for Cognition in Orthostatic Hypotension",Recruiting,Phase 2,['Orthostatic Hypotension' 'Alzheimer Disease'],"['Routine treatment' 'add-on low dose Astragalus'
 'add-on high dose Astragalus']",['China'],Fujian Medical University Union Hospital,Fujian Medical University Union Hospital,Global / Multi-Region,2.0,1.0,0.6,0.0,0.6807553993574953,1.5298648166141093,0.0,-0.08417700894955937,K50_lc0.5_ls2_sig0.1_seed0,50,0.5,2.0,0.1,0
NCT06793371,"AMBER-HFpEF: Assessment of CK-4021586 in a Multi-Center, Blinded Evaluation of Safety and Tolerability Results in HFpEF",Recruiting,Phase 2,['Symptomatic Heart Failure With Preserved Ejection Fraction (HFpEF)'],"['CK-4021586 (150 mg, 300 mg, 450 mg, and 600 mg)'
 'Placebo to match CK-4021586']",['United States'],Cytokinetics,Cytokinetics,Global / Multi-Region,2.0,1.0,0.6,0.0,0.8054272331369577,1.7843588858387864,0.0,-0.08675220978243547,K50_lc0.5_ls2_sig0.1_seed0,50,0.5,2.0,0.1,0
NCT04028063,Doxorubicin Plus Dual Checkpoint Blockade for Soft Tissue Sarcomas,Recruiting,Phase 2,['Metastatic Soft Tissue Sarcoma' 'Advanced Soft Tissue Sarcoma'],['Balstilimab' 'Zalifrelimab' 'Doxorubicin' 'Botensilimab'],['United States'],"University of Colorado, Denver","University of Colorado, Denver",Global / Multi-Region,2.0,1.0,0.6,0.0,0.7723865520469796,1.7291690784830045,0.0,-0.09219798719452266,K50_lc0.5_ls2_sig0.1_seed0,50,0.5,2.0,0.1,0
NCT05835479,Rezafungin for Treatment of Pneumocystis Pneumonia in HIV Adults,Recruiting,Phase 2,['Pneumocystis Pneumonia'],['Co-Trimoxazole' 'Rezafungin Acetate / Co Trimoxazole'],['South Africa'],Mundipharma Research Limited,Mundipharma Research Limited,Global / Multi-Region,2.0,1.0,0.6,0.0,0.721006862890249,1.6283820563532114,0.0,-0.09318416528635676,K50_lc0.5_ls2_sig0.1_seed0,50,0.5,2.0,0.1,0
NCT05066334,Efficacy of Intradiscal Injection of Autologous BM-MSC in Subjects With Chronic LBP Due to Multilevel Lumbar IDD,Recruiting,Phase 2,['Intervertebral Disc Degeneration' 'Chronic Low-back Pain'],['Autologous BM-MSC' 'Sham'],['Italy'],Fondazione Policlinico Universitario Campus Bio-Medico,Fondazione Policlinico Universitario Campus Bio-Medico,Global / Multi-Region,2.0,1.0,0.6,0.0,0.72455027678263,1.638248535473946,0.0,-0.09457399095434305,K50_lc0.5_ls2_sig0.1_seed0,50,0.5,2.0,0.1,0
NCT05371223,Combined Nabpaclitaxel Pressurized IntraPeritoneal Aerosol Chemotherapy With Systemic Nabpaclitaxel-Gemcitabine Chemotherapy for Pancreatic Cancer Peritoneal Metastases,Recruiting,Phase 2,['Peritoneal Carcinomatosis' 'Pancreas Neoplasm'],['Combined Nabpaclitaxel Pressurized IntraPeritoneal Aerosol Chemotherapy With Systemic Nabpaclitaxel-Gemcitabine'],['Italy'],Fondazione Policlinico Universitario Agostino Gemelli IRCCS,Fondazione Policlinico Universitario Agostino Gemelli IRCCS,Global / Multi-Region,2.0,1.0,0.6,0.0,0.6942108104680919,1.5820304980410405,0.0,-0.09680443855242837,K50_lc0.5_ls2_sig0.1_seed0,50,0.5,2.0,0.1,0
NCT06684600,Study of Dalpiciclib Isethionate Plus Pyrotinib Maleate in the Treatment of Advanced Esophageal Squamous Cell Carcinoma,Recruiting,Phase 2,['Esophageal Squamous Cell Carcinoma'],['Dalpiciclib + Pyrotinib'],['China'],Peking University,Peking University,Global / Multi-Region,2.0,1.0,0.6,0.0,0.7443085836529729,1.6823983895994234,0.0,-0.0968906111467388,K50_lc0.5_ls2_sig0.1_seed0,50,0.5,2.0,0.1,0
NCT06620848,A Study of HRS-4642 Monotherapy or in Combination With Adebrelimab in the Treatment of Advanced Biliary Tract Tumors.,Recruiting,Phase 2,['Biliary Tract Cancer'],['HRS-4642 monotherapy' 'HRS-4642 and adebrelimab combination therapy'],['China'],Shanghai Zhongshan Hospital,Shanghai Zhongshan Hospital,Global / Multi-Region,2.0,1.0,0.6,0.0,0.7612650808348236,1.721562106596397,0.0,-0.09951597246337496,K50_lc0.5_ls2_sig0.1_seed0,50,0.5,2.0,0.1,0
NCT06232655,Cladribine Venetoclax in Monocytic AML,Recruiting,Phase 2,['Acute Myeloid Leukemia'],['Cladribine' 'Venetoclax' 'Azacitidine'],['United States'],"University of Colorado, Denver","University of Colorado, Denver",Global / Multi-Region,2.0,1.0,0.6,0.0,0.6092361656246152,1.4191386042770704,0.0,-0.10033313651391995,K50_lc0.5_ls2_sig0.1_seed0,50,0.5,2.0,0.1,0
NCT04237103,Combination of Methotrexate and Phototherapy Versus Phototherapy in Adults with Progressive Vitiligo,Recruiting,Phase 2,['Vitiligo'],['Methotrexate' 'Placebos'],['France'],"University Hospital, Bordeaux","University Hospital, Bordeaux",Global / Multi-Region,2.0,1.0,0.6,0.0,0.7712845978581271,1.745279510181021,0.0,-0.10135515723238342,K50_lc0.5_ls2_sig0.1_seed0,50,0.5,2.0,0.1,0
NCT06850597,Efficacy and Safety of Dimethyl Fumarate Among Patients with Mild Cognitive Impairment and Dementia Due to Alzheimer's Disease,Recruiting,Phase 2,"['MCI' ""MCI-AD, Early Stage Alzheimer's Disease"" ""Alzheimer's Disease""]",['dimethyl fumarate'],['Poland'],Medical University of Lodz,Medical University of Lodz,Global / Multi-Region,2.0,1.0,0.6,0.0,0.8394863275794241,1.8819033048387008,0.0,-0.10146532483992632,K50_lc0.5_ls2_sig0.1_seed0,50,0.5,2.0,0.1,0
NCT03215719,Adaptive Treatment De-escalation in Favorable Risk HPV-Positive Oropharyngeal Carcinoma,Recruiting,Phase 2,"['Oropharyngeal Carcinoma'
 'HPV Positive Oropharyngeal Squamous Cell Carcinoma']",['Standard Radiation Treatment' 'Dose-Deescalated Treatment' 'Cisplatinum'],['United States'],NYU Langone Health,NYU Langone Health,Global / Multi-Region,2.0,1.0,0.6,0.0,0.660285324792756,1.5285393329067092,0.0,-0.10398434166059856,K50_lc0.5_ls2_sig0.1_seed0,50,0.5,2.0,0.1,0
NCT06678620,Phase II Clinical Trial of 24-valent Pneumococcal Polysaccharide Conjugate Vaccine,Recruiting,Phase 2,['Pneumococcal Infectious Disease'],"['Reinovax PCV24 formulation 1' 'Reinovax PCV24 formulation 2'
 'Reinovax PCV24 formulation 3' 'PPSV23']",['China'],"Shanghai Reinovax Biologics Co.,LTD","Shanghai Reinovax Biologics Co.,LTD",Global / Multi-Region,2.0,1.0,0.6,0.0,0.6241038610495349,1.4584269019756544,0.0,-0.10510958993829234,K50_lc0.5_ls2_sig0.1_seed0,50,0.5,2.0,0.1,0
NCT02877394,Use of a Squatting Assist Device in Patients With Constipation,Recruiting,Phase 2,['Constipation'],['Squatting Assist Device' 'Sham Squatting Assist Device'],['United States'],Mayo Clinic,Mayo Clinic,Global / Multi-Region,2.0,1.0,0.6,0.0,0.7479320021018502,1.707696906701184,0.0,-0.10591645124874183,K50_lc0.5_ls2_sig0.1_seed0,50,0.5,2.0,0.1,0
NCT05751018,Phase II Clinical Study of Pyrotinib in First-line Treatment of Primary HER2-amplified/Mutated Advanced Non-small Cell Lung Cancer,Recruiting,Phase 2,['Non-small Cell Lung Cancer'],['Pyrotinib'],['China'],Peking Union Medical College Hospital,Peking Union Medical College Hospital,Global / Multi-Region,2.0,1.0,0.6,0.0,0.6641830835267462,1.540755438336282,0.0,-0.10619463564139486,K50_lc0.5_ls2_sig0.1_seed0,50,0.5,2.0,0.1,0
NCT06001125,Methotrexate for Immune Related Arthritis or Arthralgias (IMPACT 2.1),Recruiting,Phase 2,['Arthritis' 'Arthralgia'],['Methotrexate'],['Canada'],AHS Cancer Control Alberta,AHS Cancer Control Alberta,Global / Multi-Region,2.0,1.0,0.6,0.0,0.6689271380530649,1.5505403583385593,0.0,-0.10634304111621473,K50_lc0.5_ls2_sig0.1_seed0,50,0.5,2.0,0.1,0
NCT06390956,Pirtobrutinib in Combination With Rituximab in Adults With Untreated Marginal Zone Lymphoma (PIONEER-MZL),Recruiting,Phase 2,['Marginal Zone Lymphoma'],['Pirtobrutinib'],['United States'],University of Utah,University of Utah,Global / Multi-Region,2.0,1.0,0.6,0.0,0.675314195471855,1.5660628113125152,0.0,-0.10771721018440261,K50_lc0.5_ls2_sig0.1_seed0,50,0.5,2.0,0.1,0
NCT03414229,"A Study of Epacadostat, an IDO1 Inhibitor, in Combination With Pembrolizumab in Patients With Metastatic and/or Locally Advanced Sarcoma","Active, not recruiting",Phase 2,['Sarcoma'],['Epacadostat' 'Pembrolizumab'],['United States'],Memorial Sloan Kettering Cancer Center,Memorial Sloan Kettering Cancer Center,Global / Multi-Region,2.0,1.0,0.6,0.0,0.7602032984351701,1.7359245587727523,0.0,-0.10775898095120606,K50_lc0.5_ls2_sig0.1_seed0,50,0.5,2.0,0.1,0
NCT05636293,"Double Blind, Placebo-controlled Trial to Establish Safety and Efficacy of Ritlecitinib in Celiac Disease Patients in Remission",Recruiting,Phase 2,['Celiac Disease'],['Ritlecitinib' 'Placebo' 'Gluten'],['United States'],Massachusetts General Hospital,Massachusetts General Hospital,Global / Multi-Region,2.0,1.0,0.6,0.0,0.6750443948419332,1.566662107901742,0.0,-0.10828665910893776,K50_lc0.5_ls2_sig0.1_seed0,50,0.5,2.0,0.1,0
NCT06551272,Microbiota Modification for Immuno-oncology in Hepatocellular Carcinoma,Recruiting,Phase 2,['Hepatocellular Carcinoma'],['EXL01'],['France'],Center Eugene Marquis,Center Eugene Marquis,Global / Multi-Region,2.0,1.0,0.6,0.0,0.7555418931803087,1.7285817243878958,0.0,-0.10874896901363917,K50_lc0.5_ls2_sig0.1_seed0,50,0.5,2.0,0.1,0
NCT05287126,A Study to Evaluate Etrasimod Treatment in Adolescents With Ulcerative Colitis,Recruiting,Phase 2,['Ulcerative Colitis'],['Etrasimod'],['Austria' 'Belgium' 'Japan' 'Poland' 'Slovakia' 'Spain' 'United States'],Pfizer,Pfizer,Global / Multi-Region,2.0,1.0,0.6,0.0,0.6916473001652497,1.6024665704324892,0.0,-0.10958598505099493,K50_lc0.5_ls2_sig0.1_seed0,50,0.5,2.0,0.1,0
NCT05660954,Cabozantinib In Advanced Radioactive-Iodine Refractory Differentiated Thyroid Cancer.,"Active, not recruiting",Phase 2,['Differentiated Thyroid Cancer'],['Cabozantinib'],['Spain'],Grupo Espanol de Tumores Neuroendocrinos,Grupo Espanol de Tumores Neuroendocrinos,Global / Multi-Region,2.0,1.0,0.6,0.0,0.7558055057652652,1.7314263355533521,0.0,-0.10990766201141089,K50_lc0.5_ls2_sig0.1_seed0,50,0.5,2.0,0.1,0
NCT07047183,Clinical Study of Venetoclax Combined With Azacitidine as Bridging Therapy Prior to Hematopoietic Stem Cell Transplantation in Patients With Higher-Risk Myelodysplastic Syndromes,Recruiting,Phase 2,['Myelodysplastic Neoplasms' 'Transplantation'],['VEN (Venetoclax)'],['China'],Yehui Tan,Yehui Tan,Global / Multi-Region,2.0,1.0,0.6,0.0,0.6665794674682425,1.5542889951199637,0.0,-0.11056503009173935,K50_lc0.5_ls2_sig0.1_seed0,50,0.5,2.0,0.1,0
NCT06262048,Prevention of Post Operative Urinary Retention After Thoracic Surgery Trial,Recruiting,Phase 2,['Urinary Retention Postoperative'],['Tamsulosin Hydrochloride' 'Placebo'],['Canada'],London Health Sciences Centre Research Institute OR Lawson Research Institute of St. Joseph's,London Health Sciences Centre Research Institute OR Lawson Research Institute of St. Joseph's,Global / Multi-Region,2.0,1.0,0.6,0.0,0.693978564121554,1.6112580057141157,0.0,-0.11165043873550384,K50_lc0.5_ls2_sig0.1_seed0,50,0.5,2.0,0.1,0
NCT03405155,Nivolumab in Treating Patients With Stage IIB-IIC Melanoma That Can Be Removed by Surgery,"Active, not recruiting",Phase 2,['Melanoma (Skin)'],['Nivolumab'],['United States'],Sidney Kimmel Cancer Center at Thomas Jefferson University,Sidney Kimmel Cancer Center at Thomas Jefferson University,Global / Multi-Region,2.0,1.0,0.6,0.0,0.7152971136024499,1.6561161734644936,0.0,-0.11276097312979694,K50_lc0.5_ls2_sig0.1_seed0,50,0.5,2.0,0.1,0
NCT03599960,Combination Chemotherapy in Patients With Newly Diagnosed BPDCN,"Active, not recruiting",Phase 2,['Blastic Plasmacytoid Dendritic Cell Neoplasm (BPDCN)'],['Chemotherapy'],['France'],Centre Hospitalier Universitaire de Besancon,Centre Hospitalier Universitaire de Besancon,Global / Multi-Region,2.0,1.0,0.6,0.0,0.6788430027015562,1.5909109153449215,0.0,-0.11661245497090456,K50_lc0.5_ls2_sig0.1_seed0,50,0.5,2.0,0.1,0
NCT05726032,Empagliflozin in Patients With Cirrhosis and Ascites,Recruiting,Phase 2,['Cirrhosis' 'Liver Failure'],['Empagliflozin 10 MG' 'Matching Placebo'],['United States'],Yale University,Yale University,Global / Multi-Region,2.0,1.0,0.6,0.0,0.6701218251412323,1.574195870998616,0.0,-0.11697611035807565,K50_lc0.5_ls2_sig0.1_seed0,50,0.5,2.0,0.1,0
NCT04879563,Artificial Intelligence Supporting CAncer Patients Across Europe - the ASCAPE Project,"Active, not recruiting",Phase 2,"['Breast Cancer' 'Prostate Cancer' 'Quality of Life' 'Survivorship'
 'Toxicity']",['ASCAPE-based follow-up strategy'],['Greece' 'Spain' 'Sweden' 'United Kingdom'],Region Örebro County,Region Örebro County,Global / Multi-Region,2.0,1.0,0.6,0.0,0.6115079744509868,1.5975022704987045,0.0,-0.18724316079836545,K25_lc0.5_ls0.5_sig0.05_seed0,25,0.5,0.5,0.05,0
NCT05670106,"A Study to Evaluate the Efficacy, Safety, Pharmacokinetics and Dosimetry of [177Lu]Lu-PSMA-617 in Chinese Adult Male Patients With Progressive PSMA-Positive mCRPC","Active, not recruiting",Phase 2,['Metastatic Castration-Resistant Prostate Cancer (mCRPC)'],"['[177Lu]Lu-PSMA-617' 'Best supportive/best standard of care (BS/BSOC)'
 '68Ga-PSMA-11']",['China'],Novartis Pharmaceuticals,Novartis Pharmaceuticals,Global / Multi-Region,2.0,1.0,0.6,0.0,0.6719079419213126,1.7786820348959929,0.0,-0.21743307552668378,K25_lc0.5_ls0.5_sig0.05_seed0,25,0.5,0.5,0.05,0
NCT01356290,"Antiangiogenic Therapy for Children with Recurrent Medulloblastoma, Ependymoma and ATRT",Recruiting,Phase 2,['Medulloblastoma Recurrent' 'Ependymoma Recurrent' 'ATRT Recurrent'],"['Bevacizumab' 'Thalidomide' 'Celecoxib' 'Fenofibric acid' 'Etoposide'
 'Cyclophosphamide' 'Etoposide phosphate' 'Cytarabine']","['Austria' 'Czechia' 'Denmark' 'France' 'Norway' 'Spain' 'Sweden'
 'United States']",Medical University of Vienna,Medical University of Vienna,Global / Multi-Region,2.0,1.0,0.6,0.0,0.6994060621032692,1.8345102530764839,0.0,-0.21784906443497276,K25_lc0.5_ls0.5_sig0.05_seed0,25,0.5,0.5,0.05,0
NCT06168786,Cadonilimab Combined With Fruquintinib and SBRT as Athird-line and Posterior Line Treatment in Patients With MSS CRC,Recruiting,Phase 2,['Colorectal Cancer'],['Fruquintinib' 'Cadonilimab' 'SBRT'],['China'],Huazhong University of Science and Technology,Huazhong University of Science and Technology,Global / Multi-Region,2.0,1.0,0.6,0.0,0.6616340523464345,1.7603162855259327,0.0,-0.21852409041653187,K25_lc0.5_ls0.5_sig0.05_seed0,25,0.5,0.5,0.05,0
NCT04948619,Immune Function and Response to Vaccination After Cancer Therapy in Pediatric Patients,Recruiting,Phase 2,['Pediatric Cancer'],['Vaccine'],['United States'],Wake Forest University Health Sciences,Wake Forest University Health Sciences,Global / Multi-Region,2.0,1.0,0.6,0.0,0.6723803870366527,1.7839339654113924,0.0,-0.21958659566904348,K25_lc0.5_ls0.5_sig0.05_seed0,25,0.5,0.5,0.05,0
NCT05806931,Sequential TAS-OX Alternating With TAS-IRI Plus Bevacizumab for Late-Line Metastatic Colorectal Cancer,Recruiting,Phase 2,['Colon Cancer' 'Rectal Cancer'],"['TAS-102, oxaliplatin, irinotecan with bevacizumab']",['United States'],"Rutgers, The State University of New Jersey","Rutgers, The State University of New Jersey",Global / Multi-Region,2.0,1.0,0.6,0.0,0.6656020397904475,1.7719738197597887,0.0,-0.22038487008944685,K25_lc0.5_ls0.5_sig0.05_seed0,25,0.5,0.5,0.05,0
NCT04698785,Efficacy of Regorafenib Combined With Best Supportive Care as Maintenance Treatment in High Grade Bone Sarcomas Patients,Recruiting,Phase 2,['Bone Sarcoma' 'Osteosarcoma'],['Treatment by regorafenib and best supportive care'],['France'],Centre Leon Berard,Centre Leon Berard,Global / Multi-Region,2.0,1.0,0.6,0.0,0.6651783685829419,1.7752354075221441,0.0,-0.2224393351781302,K25_lc0.5_ls0.5_sig0.05_seed0,25,0.5,0.5,0.05,0
NCT04202835,ATG Plus PTCy vs ATG for CGVHD Prophylaxis,"Active, not recruiting",Phase 2,['Acute Leukemia' 'Myelodysplasia' 'Chronic Graft-versus-host-disease'],['Cyclophosphamide' 'Anti-Thymocyte globulin (rabbit)'],['Australia' 'Canada'],McMaster University,McMaster University,Global / Multi-Region,2.0,1.0,0.6,0.0,0.673359111166865,1.7975131381765632,0.0,-0.22539745792141663,K25_lc0.5_ls0.5_sig0.05_seed0,25,0.5,0.5,0.05,0
NCT06657391,Evaluation of Recombinant Humanized Anti-CD25 Monoclonal Antibody for Preventing Graft-versus-host Disease After Haploidentical/matched Unrelated Donor Hematopoietic Stem Cell Transplantation in Patients with Transfusion-dependent Thalassemia,Recruiting,Phase 2,['Transfusion Dependent Thalassemia'],['recombinant humanized anti-CD25 monoclonal antibody'],['China'],Rongrong Liu,Rongrong Liu,Global / Multi-Region,2.0,1.0,0.6,0.0,0.6951737913469033,1.8412209911154647,0.0,-0.22543670421082906,K25_lc0.5_ls0.5_sig0.05_seed0,25,0.5,0.5,0.05,0
NCT06827977,A Study of Microbiome Transplantation for the Treatment of Constipation and/or Significant Bloating in Patients With Systemic Sclerosis,Recruiting,Phase 2,['Constipation' 'Bloating'],['PRIM-DJ2727' 'Placebo'],['United States'],"The University of Texas Health Science Center, Houston","The University of Texas Health Science Center, Houston",Global / Multi-Region,2.0,1.0,0.6,0.0,0.6531313784448338,1.7572799176348939,0.0,-0.22550858037261312,K25_lc0.5_ls0.5_sig0.05_seed0,25,0.5,0.5,0.05,0
NCT04565925,Sildenafil for Treatment of Urinary Incontinence in Patients With Spinal Cord Injuries,Recruiting,Phase 2,['Spinal Cord Injuries' 'Urinary Incontinence'],['Sildenafil Citrate' 'Placebo'],['United States'],"The University of Texas Medical Branch, Galveston","The University of Texas Medical Branch, Galveston",Global / Multi-Region,2.0,1.0,0.6,0.0,0.6125354951936175,1.6787669135097831,0.0,-0.22684796156127407,K25_lc0.5_ls0.5_sig0.05_seed0,25,0.5,0.5,0.05,0
NCT04220749,Radiotherapy vs. Trans-Oral Surgery for HPV-Negative Oropharyngeal Squamous Cell Carcinoma,Recruiting,Phase 2,['Head and Neck Cancer' 'Oropharyngeal Squamous Cell Carcinoma'],['Radiation' 'Trans-Oral Surgery (TOS) + Neck Dissection'],['Canada'],London Health Sciences Centre Research Institute OR Lawson Research Institute of St. Joseph's,London Health Sciences Centre Research Institute OR Lawson Research Institute of St. Joseph's,Global / Multi-Region,2.0,1.0,0.6,0.0,0.64110663974645,1.738026389484296,0.0,-0.227906554995698,K25_lc0.5_ls0.5_sig0.05_seed0,25,0.5,0.5,0.05,0
NCT05576896,Hydroxychloroquine in Combination With Encorafenib and Cetuximab or Panitumumab in the Treatment of Metastatic BRAF-mutated Colorectal Cancer Refractory,Recruiting,Phase 2,"['Stage IV Colorectal Cancer Positive for BRAF V600E Mutation'
 'Colorectal Cancer' 'Colorectal Cancer Stage IV']",['Hydroxychloroquine in Combination With Encorafenib and Cetuximab or Panitumumab'],['United States'],Northwestern University,Northwestern University,Global / Multi-Region,2.0,1.0,0.6,0.0,0.6870390065269413,1.8334923709029542,0.0,-0.22970717892453585,K25_lc0.5_ls0.5_sig0.05_seed0,25,0.5,0.5,0.05,0
NCT04886531,"Trial of Pre-operative Neratinib and Endocrine Therapy With Trastuzumab in ER-Positive, HER-2 Positive Breast Cancers",Recruiting,Phase 2,"['Breast Cancer' 'HER2-positive Breast Cancer' 'ER Positive Breast Cancer'
 'PR-Positive Breast Cancer']",['Neratinib' 'Letrozole (L) or Anastrozole (A)' 'Trastuzumab'],['United States'],Ruth O'Regan,Ruth O'Regan,Global / Multi-Region,2.0,1.0,0.6,0.0,0.6567909774148195,1.781930764467985,0.0,-0.23417440481917295,K25_lc0.5_ls0.5_sig0.05_seed0,25,0.5,0.5,0.05,0
NCT05500326,Ivermectin Therapy for Scabies Infection in Children Younger Than 5 Years of Age (ITCHY Study),Recruiting,Phase 2,['Scabies; Itch' 'Scabies'],['Ivermectin Tablets'],['Laos'],Murdoch Childrens Research Institute,Murdoch Childrens Research Institute,Global / Multi-Region,2.0,1.0,0.6,0.0,0.6593975837995308,1.7881244200645463,0.0,-0.2346646262327423,K25_lc0.5_ls0.5_sig0.05_seed0,25,0.5,0.5,0.05,0
NCT06462378,Proton Therapy for Locally Advanced Cervical Cancer,Recruiting,Phase 2,['Cervical Cancer' 'Proton Therapy' 'Radiotherapy Side Effect'],['Proton therapy'],['Denmark'],University of Aarhus,University of Aarhus,Global / Multi-Region,2.0,1.0,0.6,0.0,0.6451180486017902,1.7596893233451256,0.0,-0.23472661307077258,K25_lc0.5_ls0.5_sig0.05_seed0,25,0.5,0.5,0.05,0
NCT04904588,HLA-Mismatched Unrelated Donor Hematopoietic Cell Transplantation With Post-Transplantation Cyclophosphamide,"Active, not recruiting",Phase 2,"['Acute Lymphoblastic Leukemia' 'Acute Myelogenous Leukemia'
 'Mixed Phenotype Acute Leukemia' 'Acute Leukemia'
 'Myelodysplastic Syndromes' 'Chronic Myelogenous Leukemia'
 'Chronic Lymphocytic Leukemia' 'Lymphoma']","['Busulfan' 'Busulfan' 'Fludarabine' 'Total-body irradiation'
 'Cyclophosphamide' 'Melphalan'
 'PBSC Hematopoietic Stem Cell Transplantation (HSCT)'
 'Bone Marrow Hematopoietic Stem Cell Transplantation'
 'Post-transplant Cyclophosphamide' 'Mesna' 'Tacrolimus'
 'Mycophenolate Mofetil' 'Patient-Reported Outcomes']",['United States'],Center for International Blood and Marrow Transplant Research,Center for International Blood and Marrow Transplant Research,Global / Multi-Region,2.0,1.0,0.6,0.0,0.6545406693826596,1.7793708853724834,0.0,-0.23514477330358208,K25_lc0.5_ls0.5_sig0.05_seed0,25,0.5,0.5,0.05,0
NCT06465823,Efficacy of Bumetanide to Improve Cognitive Functions in Down Syndrome,Recruiting,Phase 2,['Down Syndrome'],['Bumetanide' 'Placebo'],['Italy'],Stefano Vicari,Stefano Vicari,Global / Multi-Region,2.0,1.0,0.6,0.0,0.6478232387591455,1.7661329794392526,0.0,-0.23524325096048082,K25_lc0.5_ls0.5_sig0.05_seed0,25,0.5,0.5,0.05,0
NCT05647473,"Efficacy, Safety and Response Predictors of Adjuvant Astragalus for Cognition in Orthostatic Hypotension",Recruiting,Phase 2,['Orthostatic Hypotension' 'Alzheimer Disease'],"['Routine treatment' 'add-on low dose Astragalus'
 'add-on high dose Astragalus']",['China'],Fujian Medical University Union Hospital,Fujian Medical University Union Hospital,Global / Multi-Region,2.0,1.0,0.6,0.0,0.6391034655003032,1.7492082875484607,0.0,-0.23550067827392718,K25_lc0.5_ls0.5_sig0.05_seed0,25,0.5,0.5,0.05,0
NCT06276868,"Darsilide Combined With AI, Trastuzumab and Patuzumab in the Neoadjuvant Treatment of HR+/HER2+ Breast Cancer",Recruiting,Phase 2,['Breast Cancer' 'HER2-positive Breast Cancer'],['Dalcilib+letrozole+HP treatment group'],['China'],Henan Cancer Hospital,Henan Cancer Hospital,Global / Multi-Region,2.0,1.0,0.6,0.0,0.7025639026710787,1.8769310428610173,0.0,-0.23590161875942994,K25_lc0.5_ls0.5_sig0.05_seed0,25,0.5,0.5,0.05,0
NCT06232655,Cladribine Venetoclax in Monocytic AML,Recruiting,Phase 2,['Acute Myeloid Leukemia'],['Cladribine' 'Venetoclax' 'Azacitidine'],['United States'],"University of Colorado, Denver","University of Colorado, Denver",Global / Multi-Region,2.0,1.0,0.6,0.0,0.6046004460590226,1.6847187327723703,0.0,-0.2377589203271625,K25_lc0.5_ls0.5_sig0.05_seed0,25,0.5,0.5,0.05,0
NCT06353685,De-Escalation Postoperative Radiotherapy for Oral Squamous Cell Carcinoma With pCR/MPR.,Recruiting,Phase 2,['De-escalated Radiotherapy; Head and Neck Cancer'],"['Continuous, hyperfractionated, accelerated radiotherapy(CHART)']",['China'],Sun Yat-Sen Memorial Hospital of Sun Yat-Sen University,Sun Yat-Sen Memorial Hospital of Sun Yat-Sen University,Global / Multi-Region,2.0,1.0,0.6,0.0,0.66073646591527,1.7991105767246025,0.0,-0.23881882244703123,K25_lc0.5_ls0.5_sig0.05_seed0,25,0.5,0.5,0.05,0
NCT06678620,Phase II Clinical Trial of 24-valent Pneumococcal Polysaccharide Conjugate Vaccine,Recruiting,Phase 2,['Pneumococcal Infectious Disease'],"['Reinovax PCV24 formulation 1' 'Reinovax PCV24 formulation 2'
 'Reinovax PCV24 formulation 3' 'PPSV23']",['China'],"Shanghai Reinovax Biologics Co.,LTD","Shanghai Reinovax Biologics Co.,LTD",Global / Multi-Region,2.0,1.0,0.6,0.0,0.6119332615814578,1.7078799149680604,0.0,-0.2420066959025724,K25_lc0.5_ls0.5_sig0.05_seed0,25,0.5,0.5,0.05,0
NCT06184009,Treatment of Newly Diagnosed High Risk Pediatric Acute Lymphoblastic Leukemia,Recruiting,Phase 2,['Pediatric Acute Lymphoblastic Leukemia'],"['ALL, High risk']",['South Korea'],Jae Wook Lee,Jae Wook Lee,Global / Multi-Region,2.0,1.0,0.6,0.0,0.6992220608285102,1.8849274635704487,0.0,-0.24324167095671412,K25_lc0.5_ls0.5_sig0.05_seed0,25,0.5,0.5,0.05,0
NCT05008900,Timing of Post-prostatectomy PSMA Imaging,Recruiting,Phase 2,['Prostate Cancer' 'Prostatectomy'],['Salvage radiotherapy'],['Canada'],"University Health Network, Toronto","University Health Network, Toronto",Global / Multi-Region,2.0,1.0,0.6,0.0,0.7007386976147217,1.8889038879271987,0.0,-0.2437132463488776,K25_lc0.5_ls0.5_sig0.05_seed0,25,0.5,0.5,0.05,0
NCT04879563,Artificial Intelligence Supporting CAncer Patients Across Europe - the ASCAPE Project,"Active, not recruiting",Phase 2,"['Breast Cancer' 'Prostate Cancer' 'Quality of Life' 'Survivorship'
 'Toxicity']",['ASCAPE-based follow-up strategy'],['Greece' 'Spain' 'Sweden' 'United Kingdom'],Region Örebro County,Region Örebro County,Global / Multi-Region,2.0,1.0,0.6,0.0,0.6115079744509868,1.5975022704987045,0.0,-0.18724316079836545,K25_lc0.5_ls1_sig0.05_seed0,25,0.5,1.0,0.05,0
NCT05670106,"A Study to Evaluate the Efficacy, Safety, Pharmacokinetics and Dosimetry of [177Lu]Lu-PSMA-617 in Chinese Adult Male Patients With Progressive PSMA-Positive mCRPC","Active, not recruiting",Phase 2,['Metastatic Castration-Resistant Prostate Cancer (mCRPC)'],"['[177Lu]Lu-PSMA-617' 'Best supportive/best standard of care (BS/BSOC)'
 '68Ga-PSMA-11']",['China'],Novartis Pharmaceuticals,Novartis Pharmaceuticals,Global / Multi-Region,2.0,1.0,0.6,0.0,0.6719079419213126,1.7786820348959929,0.0,-0.21743307552668378,K25_lc0.5_ls1_sig0.05_seed0,25,0.5,1.0,0.05,0
NCT01356290,"Antiangiogenic Therapy for Children with Recurrent Medulloblastoma, Ependymoma and ATRT",Recruiting,Phase 2,['Medulloblastoma Recurrent' 'Ependymoma Recurrent' 'ATRT Recurrent'],"['Bevacizumab' 'Thalidomide' 'Celecoxib' 'Fenofibric acid' 'Etoposide'
 'Cyclophosphamide' 'Etoposide phosphate' 'Cytarabine']","['Austria' 'Czechia' 'Denmark' 'France' 'Norway' 'Spain' 'Sweden'
 'United States']",Medical University of Vienna,Medical University of Vienna,Global / Multi-Region,2.0,1.0,0.6,0.0,0.6994060621032692,1.8345102530764839,0.0,-0.21784906443497276,K25_lc0.5_ls1_sig0.05_seed0,25,0.5,1.0,0.05,0
NCT06168786,Cadonilimab Combined With Fruquintinib and SBRT as Athird-line and Posterior Line Treatment in Patients With MSS CRC,Recruiting,Phase 2,['Colorectal Cancer'],['Fruquintinib' 'Cadonilimab' 'SBRT'],['China'],Huazhong University of Science and Technology,Huazhong University of Science and Technology,Global / Multi-Region,2.0,1.0,0.6,0.0,0.6616340523464345,1.7603162855259327,0.0,-0.21852409041653187,K25_lc0.5_ls1_sig0.05_seed0,25,0.5,1.0,0.05,0
NCT04948619,Immune Function and Response to Vaccination After Cancer Therapy in Pediatric Patients,Recruiting,Phase 2,['Pediatric Cancer'],['Vaccine'],['United States'],Wake Forest University Health Sciences,Wake Forest University Health Sciences,Global / Multi-Region,2.0,1.0,0.6,0.0,0.6723803870366527,1.7839339654113924,0.0,-0.21958659566904348,K25_lc0.5_ls1_sig0.05_seed0,25,0.5,1.0,0.05,0
NCT05806931,Sequential TAS-OX Alternating With TAS-IRI Plus Bevacizumab for Late-Line Metastatic Colorectal Cancer,Recruiting,Phase 2,['Colon Cancer' 'Rectal Cancer'],"['TAS-102, oxaliplatin, irinotecan with bevacizumab']",['United States'],"Rutgers, The State University of New Jersey","Rutgers, The State University of New Jersey",Global / Multi-Region,2.0,1.0,0.6,0.0,0.6656020397904475,1.7719738197597887,0.0,-0.22038487008944685,K25_lc0.5_ls1_sig0.05_seed0,25,0.5,1.0,0.05,0
NCT04698785,Efficacy of Regorafenib Combined With Best Supportive Care as Maintenance Treatment in High Grade Bone Sarcomas Patients,Recruiting,Phase 2,['Bone Sarcoma' 'Osteosarcoma'],['Treatment by regorafenib and best supportive care'],['France'],Centre Leon Berard,Centre Leon Berard,Global / Multi-Region,2.0,1.0,0.6,0.0,0.6651783685829419,1.7752354075221441,0.0,-0.2224393351781302,K25_lc0.5_ls1_sig0.05_seed0,25,0.5,1.0,0.05,0
NCT04202835,ATG Plus PTCy vs ATG for CGVHD Prophylaxis,"Active, not recruiting",Phase 2,['Acute Leukemia' 'Myelodysplasia' 'Chronic Graft-versus-host-disease'],['Cyclophosphamide' 'Anti-Thymocyte globulin (rabbit)'],['Australia' 'Canada'],McMaster University,McMaster University,Global / Multi-Region,2.0,1.0,0.6,0.0,0.673359111166865,1.7975131381765632,0.0,-0.22539745792141663,K25_lc0.5_ls1_sig0.05_seed0,25,0.5,1.0,0.05,0
NCT06657391,Evaluation of Recombinant Humanized Anti-CD25 Monoclonal Antibody for Preventing Graft-versus-host Disease After Haploidentical/matched Unrelated Donor Hematopoietic Stem Cell Transplantation in Patients with Transfusion-dependent Thalassemia,Recruiting,Phase 2,['Transfusion Dependent Thalassemia'],['recombinant humanized anti-CD25 monoclonal antibody'],['China'],Rongrong Liu,Rongrong Liu,Global / Multi-Region,2.0,1.0,0.6,0.0,0.6951737913469033,1.8412209911154647,0.0,-0.22543670421082906,K25_lc0.5_ls1_sig0.05_seed0,25,0.5,1.0,0.05,0
NCT06827977,A Study of Microbiome Transplantation for the Treatment of Constipation and/or Significant Bloating in Patients With Systemic Sclerosis,Recruiting,Phase 2,['Constipation' 'Bloating'],['PRIM-DJ2727' 'Placebo'],['United States'],"The University of Texas Health Science Center, Houston","The University of Texas Health Science Center, Houston",Global / Multi-Region,2.0,1.0,0.6,0.0,0.6531313784448338,1.7572799176348939,0.0,-0.22550858037261312,K25_lc0.5_ls1_sig0.05_seed0,25,0.5,1.0,0.05,0
NCT04565925,Sildenafil for Treatment of Urinary Incontinence in Patients With Spinal Cord Injuries,Recruiting,Phase 2,['Spinal Cord Injuries' 'Urinary Incontinence'],['Sildenafil Citrate' 'Placebo'],['United States'],"The University of Texas Medical Branch, Galveston","The University of Texas Medical Branch, Galveston",Global / Multi-Region,2.0,1.0,0.6,0.0,0.6125354951936175,1.6787669135097831,0.0,-0.22684796156127407,K25_lc0.5_ls1_sig0.05_seed0,25,0.5,1.0,0.05,0
NCT04220749,Radiotherapy vs. Trans-Oral Surgery for HPV-Negative Oropharyngeal Squamous Cell Carcinoma,Recruiting,Phase 2,['Head and Neck Cancer' 'Oropharyngeal Squamous Cell Carcinoma'],['Radiation' 'Trans-Oral Surgery (TOS) + Neck Dissection'],['Canada'],London Health Sciences Centre Research Institute OR Lawson Research Institute of St. Joseph's,London Health Sciences Centre Research Institute OR Lawson Research Institute of St. Joseph's,Global / Multi-Region,2.0,1.0,0.6,0.0,0.64110663974645,1.738026389484296,0.0,-0.227906554995698,K25_lc0.5_ls1_sig0.05_seed0,25,0.5,1.0,0.05,0
NCT05576896,Hydroxychloroquine in Combination With Encorafenib and Cetuximab or Panitumumab in the Treatment of Metastatic BRAF-mutated Colorectal Cancer Refractory,Recruiting,Phase 2,"['Stage IV Colorectal Cancer Positive for BRAF V600E Mutation'
 'Colorectal Cancer' 'Colorectal Cancer Stage IV']",['Hydroxychloroquine in Combination With Encorafenib and Cetuximab or Panitumumab'],['United States'],Northwestern University,Northwestern University,Global / Multi-Region,2.0,1.0,0.6,0.0,0.6870390065269413,1.8334923709029542,0.0,-0.22970717892453585,K25_lc0.5_ls1_sig0.05_seed0,25,0.5,1.0,0.05,0
NCT04886531,"Trial of Pre-operative Neratinib and Endocrine Therapy With Trastuzumab in ER-Positive, HER-2 Positive Breast Cancers",Recruiting,Phase 2,"['Breast Cancer' 'HER2-positive Breast Cancer' 'ER Positive Breast Cancer'
 'PR-Positive Breast Cancer']",['Neratinib' 'Letrozole (L) or Anastrozole (A)' 'Trastuzumab'],['United States'],Ruth O'Regan,Ruth O'Regan,Global / Multi-Region,2.0,1.0,0.6,0.0,0.6567909774148195,1.781930764467985,0.0,-0.23417440481917295,K25_lc0.5_ls1_sig0.05_seed0,25,0.5,1.0,0.05,0
NCT05500326,Ivermectin Therapy for Scabies Infection in Children Younger Than 5 Years of Age (ITCHY Study),Recruiting,Phase 2,['Scabies; Itch' 'Scabies'],['Ivermectin Tablets'],['Laos'],Murdoch Childrens Research Institute,Murdoch Childrens Research Institute,Global / Multi-Region,2.0,1.0,0.6,0.0,0.6593975837995308,1.7881244200645463,0.0,-0.2346646262327423,K25_lc0.5_ls1_sig0.05_seed0,25,0.5,1.0,0.05,0
NCT06462378,Proton Therapy for Locally Advanced Cervical Cancer,Recruiting,Phase 2,['Cervical Cancer' 'Proton Therapy' 'Radiotherapy Side Effect'],['Proton therapy'],['Denmark'],University of Aarhus,University of Aarhus,Global / Multi-Region,2.0,1.0,0.6,0.0,0.6451180486017902,1.7596893233451256,0.0,-0.23472661307077258,K25_lc0.5_ls1_sig0.05_seed0,25,0.5,1.0,0.05,0
NCT04904588,HLA-Mismatched Unrelated Donor Hematopoietic Cell Transplantation With Post-Transplantation Cyclophosphamide,"Active, not recruiting",Phase 2,"['Acute Lymphoblastic Leukemia' 'Acute Myelogenous Leukemia'
 'Mixed Phenotype Acute Leukemia' 'Acute Leukemia'
 'Myelodysplastic Syndromes' 'Chronic Myelogenous Leukemia'
 'Chronic Lymphocytic Leukemia' 'Lymphoma']","['Busulfan' 'Busulfan' 'Fludarabine' 'Total-body irradiation'
 'Cyclophosphamide' 'Melphalan'
 'PBSC Hematopoietic Stem Cell Transplantation (HSCT)'
 'Bone Marrow Hematopoietic Stem Cell Transplantation'
 'Post-transplant Cyclophosphamide' 'Mesna' 'Tacrolimus'
 'Mycophenolate Mofetil' 'Patient-Reported Outcomes']",['United States'],Center for International Blood and Marrow Transplant Research,Center for International Blood and Marrow Transplant Research,Global / Multi-Region,2.0,1.0,0.6,0.0,0.6545406693826596,1.7793708853724834,0.0,-0.23514477330358208,K25_lc0.5_ls1_sig0.05_seed0,25,0.5,1.0,0.05,0
NCT06465823,Efficacy of Bumetanide to Improve Cognitive Functions in Down Syndrome,Recruiting,Phase 2,['Down Syndrome'],['Bumetanide' 'Placebo'],['Italy'],Stefano Vicari,Stefano Vicari,Global / Multi-Region,2.0,1.0,0.6,0.0,0.6478232387591455,1.7661329794392526,0.0,-0.23524325096048082,K25_lc0.5_ls1_sig0.05_seed0,25,0.5,1.0,0.05,0
NCT05647473,"Efficacy, Safety and Response Predictors of Adjuvant Astragalus for Cognition in Orthostatic Hypotension",Recruiting,Phase 2,['Orthostatic Hypotension' 'Alzheimer Disease'],"['Routine treatment' 'add-on low dose Astragalus'
 'add-on high dose Astragalus']",['China'],Fujian Medical University Union Hospital,Fujian Medical University Union Hospital,Global / Multi-Region,2.0,1.0,0.6,0.0,0.6391034655003032,1.7492082875484607,0.0,-0.23550067827392718,K25_lc0.5_ls1_sig0.05_seed0,25,0.5,1.0,0.05,0
NCT06276868,"Darsilide Combined With AI, Trastuzumab and Patuzumab in the Neoadjuvant Treatment of HR+/HER2+ Breast Cancer",Recruiting,Phase 2,['Breast Cancer' 'HER2-positive Breast Cancer'],['Dalcilib+letrozole+HP treatment group'],['China'],Henan Cancer Hospital,Henan Cancer Hospital,Global / Multi-Region,2.0,1.0,0.6,0.0,0.7025639026710787,1.8769310428610173,0.0,-0.23590161875942994,K25_lc0.5_ls1_sig0.05_seed0,25,0.5,1.0,0.05,0
NCT06232655,Cladribine Venetoclax in Monocytic AML,Recruiting,Phase 2,['Acute Myeloid Leukemia'],['Cladribine' 'Venetoclax' 'Azacitidine'],['United States'],"University of Colorado, Denver","University of Colorado, Denver",Global / Multi-Region,2.0,1.0,0.6,0.0,0.6046004460590226,1.6847187327723703,0.0,-0.2377589203271625,K25_lc0.5_ls1_sig0.05_seed0,25,0.5,1.0,0.05,0
NCT06353685,De-Escalation Postoperative Radiotherapy for Oral Squamous Cell Carcinoma With pCR/MPR.,Recruiting,Phase 2,['De-escalated Radiotherapy; Head and Neck Cancer'],"['Continuous, hyperfractionated, accelerated radiotherapy(CHART)']",['China'],Sun Yat-Sen Memorial Hospital of Sun Yat-Sen University,Sun Yat-Sen Memorial Hospital of Sun Yat-Sen University,Global / Multi-Region,2.0,1.0,0.6,0.0,0.66073646591527,1.7991105767246025,0.0,-0.23881882244703123,K25_lc0.5_ls1_sig0.05_seed0,25,0.5,1.0,0.05,0
NCT06678620,Phase II Clinical Trial of 24-valent Pneumococcal Polysaccharide Conjugate Vaccine,Recruiting,Phase 2,['Pneumococcal Infectious Disease'],"['Reinovax PCV24 formulation 1' 'Reinovax PCV24 formulation 2'
 'Reinovax PCV24 formulation 3' 'PPSV23']",['China'],"Shanghai Reinovax Biologics Co.,LTD","Shanghai Reinovax Biologics Co.,LTD",Global / Multi-Region,2.0,1.0,0.6,0.0,0.6119332615814578,1.7078799149680604,0.0,-0.2420066959025724,K25_lc0.5_ls1_sig0.05_seed0,25,0.5,1.0,0.05,0
NCT06184009,Treatment of Newly Diagnosed High Risk Pediatric Acute Lymphoblastic Leukemia,Recruiting,Phase 2,['Pediatric Acute Lymphoblastic Leukemia'],"['ALL, High risk']",['South Korea'],Jae Wook Lee,Jae Wook Lee,Global / Multi-Region,2.0,1.0,0.6,0.0,0.6992220608285102,1.8849274635704487,0.0,-0.24324167095671412,K25_lc0.5_ls1_sig0.05_seed0,25,0.5,1.0,0.05,0
NCT05008900,Timing of Post-prostatectomy PSMA Imaging,Recruiting,Phase 2,['Prostate Cancer' 'Prostatectomy'],['Salvage radiotherapy'],['Canada'],"University Health Network, Toronto","University Health Network, Toronto",Global / Multi-Region,2.0,1.0,0.6,0.0,0.7007386976147217,1.8889038879271987,0.0,-0.2437132463488776,K25_lc0.5_ls1_sig0.05_seed0,25,0.5,1.0,0.05,0
NCT04879563,Artificial Intelligence Supporting CAncer Patients Across Europe - the ASCAPE Project,"Active, not recruiting",Phase 2,"['Breast Cancer' 'Prostate Cancer' 'Quality of Life' 'Survivorship'
 'Toxicity']",['ASCAPE-based follow-up strategy'],['Greece' 'Spain' 'Sweden' 'United Kingdom'],Region Örebro County,Region Örebro County,Global / Multi-Region,2.0,1.0,0.6,0.0,0.6115079744509868,1.5975022704987045,0.0,-0.18724316079836545,K25_lc0.5_ls2_sig0.05_seed0,25,0.5,2.0,0.05,0
NCT05670106,"A Study to Evaluate the Efficacy, Safety, Pharmacokinetics and Dosimetry of [177Lu]Lu-PSMA-617 in Chinese Adult Male Patients With Progressive PSMA-Positive mCRPC","Active, not recruiting",Phase 2,['Metastatic Castration-Resistant Prostate Cancer (mCRPC)'],"['[177Lu]Lu-PSMA-617' 'Best supportive/best standard of care (BS/BSOC)'
 '68Ga-PSMA-11']",['China'],Novartis Pharmaceuticals,Novartis Pharmaceuticals,Global / Multi-Region,2.0,1.0,0.6,0.0,0.6719079419213126,1.7786820348959929,0.0,-0.21743307552668378,K25_lc0.5_ls2_sig0.05_seed0,25,0.5,2.0,0.05,0
NCT01356290,"Antiangiogenic Therapy for Children with Recurrent Medulloblastoma, Ependymoma and ATRT",Recruiting,Phase 2,['Medulloblastoma Recurrent' 'Ependymoma Recurrent' 'ATRT Recurrent'],"['Bevacizumab' 'Thalidomide' 'Celecoxib' 'Fenofibric acid' 'Etoposide'
 'Cyclophosphamide' 'Etoposide phosphate' 'Cytarabine']","['Austria' 'Czechia' 'Denmark' 'France' 'Norway' 'Spain' 'Sweden'
 'United States']",Medical University of Vienna,Medical University of Vienna,Global / Multi-Region,2.0,1.0,0.6,0.0,0.6994060621032692,1.8345102530764839,0.0,-0.21784906443497276,K25_lc0.5_ls2_sig0.05_seed0,25,0.5,2.0,0.05,0
NCT06168786,Cadonilimab Combined With Fruquintinib and SBRT as Athird-line and Posterior Line Treatment in Patients With MSS CRC,Recruiting,Phase 2,['Colorectal Cancer'],['Fruquintinib' 'Cadonilimab' 'SBRT'],['China'],Huazhong University of Science and Technology,Huazhong University of Science and Technology,Global / Multi-Region,2.0,1.0,0.6,0.0,0.6616340523464345,1.7603162855259327,0.0,-0.21852409041653187,K25_lc0.5_ls2_sig0.05_seed0,25,0.5,2.0,0.05,0
NCT04948619,Immune Function and Response to Vaccination After Cancer Therapy in Pediatric Patients,Recruiting,Phase 2,['Pediatric Cancer'],['Vaccine'],['United States'],Wake Forest University Health Sciences,Wake Forest University Health Sciences,Global / Multi-Region,2.0,1.0,0.6,0.0,0.6723803870366527,1.7839339654113924,0.0,-0.21958659566904348,K25_lc0.5_ls2_sig0.05_seed0,25,0.5,2.0,0.05,0
NCT05806931,Sequential TAS-OX Alternating With TAS-IRI Plus Bevacizumab for Late-Line Metastatic Colorectal Cancer,Recruiting,Phase 2,['Colon Cancer' 'Rectal Cancer'],"['TAS-102, oxaliplatin, irinotecan with bevacizumab']",['United States'],"Rutgers, The State University of New Jersey","Rutgers, The State University of New Jersey",Global / Multi-Region,2.0,1.0,0.6,0.0,0.6656020397904475,1.7719738197597887,0.0,-0.22038487008944685,K25_lc0.5_ls2_sig0.05_seed0,25,0.5,2.0,0.05,0
NCT04698785,Efficacy of Regorafenib Combined With Best Supportive Care as Maintenance Treatment in High Grade Bone Sarcomas Patients,Recruiting,Phase 2,['Bone Sarcoma' 'Osteosarcoma'],['Treatment by regorafenib and best supportive care'],['France'],Centre Leon Berard,Centre Leon Berard,Global / Multi-Region,2.0,1.0,0.6,0.0,0.6651783685829419,1.7752354075221441,0.0,-0.2224393351781302,K25_lc0.5_ls2_sig0.05_seed0,25,0.5,2.0,0.05,0
NCT04202835,ATG Plus PTCy vs ATG for CGVHD Prophylaxis,"Active, not recruiting",Phase 2,['Acute Leukemia' 'Myelodysplasia' 'Chronic Graft-versus-host-disease'],['Cyclophosphamide' 'Anti-Thymocyte globulin (rabbit)'],['Australia' 'Canada'],McMaster University,McMaster University,Global / Multi-Region,2.0,1.0,0.6,0.0,0.673359111166865,1.7975131381765632,0.0,-0.22539745792141663,K25_lc0.5_ls2_sig0.05_seed0,25,0.5,2.0,0.05,0
NCT06657391,Evaluation of Recombinant Humanized Anti-CD25 Monoclonal Antibody for Preventing Graft-versus-host Disease After Haploidentical/matched Unrelated Donor Hematopoietic Stem Cell Transplantation in Patients with Transfusion-dependent Thalassemia,Recruiting,Phase 2,['Transfusion Dependent Thalassemia'],['recombinant humanized anti-CD25 monoclonal antibody'],['China'],Rongrong Liu,Rongrong Liu,Global / Multi-Region,2.0,1.0,0.6,0.0,0.6951737913469033,1.8412209911154647,0.0,-0.22543670421082906,K25_lc0.5_ls2_sig0.05_seed0,25,0.5,2.0,0.05,0
NCT06827977,A Study of Microbiome Transplantation for the Treatment of Constipation and/or Significant Bloating in Patients With Systemic Sclerosis,Recruiting,Phase 2,['Constipation' 'Bloating'],['PRIM-DJ2727' 'Placebo'],['United States'],"The University of Texas Health Science Center, Houston","The University of Texas Health Science Center, Houston",Global / Multi-Region,2.0,1.0,0.6,0.0,0.6531313784448338,1.7572799176348939,0.0,-0.22550858037261312,K25_lc0.5_ls2_sig0.05_seed0,25,0.5,2.0,0.05,0
NCT04565925,Sildenafil for Treatment of Urinary Incontinence in Patients With Spinal Cord Injuries,Recruiting,Phase 2,['Spinal Cord Injuries' 'Urinary Incontinence'],['Sildenafil Citrate' 'Placebo'],['United States'],"The University of Texas Medical Branch, Galveston","The University of Texas Medical Branch, Galveston",Global / Multi-Region,2.0,1.0,0.6,0.0,0.6125354951936175,1.6787669135097831,0.0,-0.22684796156127407,K25_lc0.5_ls2_sig0.05_seed0,25,0.5,2.0,0.05,0
NCT04220749,Radiotherapy vs. Trans-Oral Surgery for HPV-Negative Oropharyngeal Squamous Cell Carcinoma,Recruiting,Phase 2,['Head and Neck Cancer' 'Oropharyngeal Squamous Cell Carcinoma'],['Radiation' 'Trans-Oral Surgery (TOS) + Neck Dissection'],['Canada'],London Health Sciences Centre Research Institute OR Lawson Research Institute of St. Joseph's,London Health Sciences Centre Research Institute OR Lawson Research Institute of St. Joseph's,Global / Multi-Region,2.0,1.0,0.6,0.0,0.64110663974645,1.738026389484296,0.0,-0.227906554995698,K25_lc0.5_ls2_sig0.05_seed0,25,0.5,2.0,0.05,0
NCT05576896,Hydroxychloroquine in Combination With Encorafenib and Cetuximab or Panitumumab in the Treatment of Metastatic BRAF-mutated Colorectal Cancer Refractory,Recruiting,Phase 2,"['Stage IV Colorectal Cancer Positive for BRAF V600E Mutation'
 'Colorectal Cancer' 'Colorectal Cancer Stage IV']",['Hydroxychloroquine in Combination With Encorafenib and Cetuximab or Panitumumab'],['United States'],Northwestern University,Northwestern University,Global / Multi-Region,2.0,1.0,0.6,0.0,0.6870390065269413,1.8334923709029542,0.0,-0.22970717892453585,K25_lc0.5_ls2_sig0.05_seed0,25,0.5,2.0,0.05,0
NCT04886531,"Trial of Pre-operative Neratinib and Endocrine Therapy With Trastuzumab in ER-Positive, HER-2 Positive Breast Cancers",Recruiting,Phase 2,"['Breast Cancer' 'HER2-positive Breast Cancer' 'ER Positive Breast Cancer'
 'PR-Positive Breast Cancer']",['Neratinib' 'Letrozole (L) or Anastrozole (A)' 'Trastuzumab'],['United States'],Ruth O'Regan,Ruth O'Regan,Global / Multi-Region,2.0,1.0,0.6,0.0,0.6567909774148195,1.781930764467985,0.0,-0.23417440481917295,K25_lc0.5_ls2_sig0.05_seed0,25,0.5,2.0,0.05,0
NCT05500326,Ivermectin Therapy for Scabies Infection in Children Younger Than 5 Years of Age (ITCHY Study),Recruiting,Phase 2,['Scabies; Itch' 'Scabies'],['Ivermectin Tablets'],['Laos'],Murdoch Childrens Research Institute,Murdoch Childrens Research Institute,Global / Multi-Region,2.0,1.0,0.6,0.0,0.6593975837995308,1.7881244200645463,0.0,-0.2346646262327423,K25_lc0.5_ls2_sig0.05_seed0,25,0.5,2.0,0.05,0
NCT06462378,Proton Therapy for Locally Advanced Cervical Cancer,Recruiting,Phase 2,['Cervical Cancer' 'Proton Therapy' 'Radiotherapy Side Effect'],['Proton therapy'],['Denmark'],University of Aarhus,University of Aarhus,Global / Multi-Region,2.0,1.0,0.6,0.0,0.6451180486017902,1.7596893233451256,0.0,-0.23472661307077258,K25_lc0.5_ls2_sig0.05_seed0,25,0.5,2.0,0.05,0
NCT04904588,HLA-Mismatched Unrelated Donor Hematopoietic Cell Transplantation With Post-Transplantation Cyclophosphamide,"Active, not recruiting",Phase 2,"['Acute Lymphoblastic Leukemia' 'Acute Myelogenous Leukemia'
 'Mixed Phenotype Acute Leukemia' 'Acute Leukemia'
 'Myelodysplastic Syndromes' 'Chronic Myelogenous Leukemia'
 'Chronic Lymphocytic Leukemia' 'Lymphoma']","['Busulfan' 'Busulfan' 'Fludarabine' 'Total-body irradiation'
 'Cyclophosphamide' 'Melphalan'
 'PBSC Hematopoietic Stem Cell Transplantation (HSCT)'
 'Bone Marrow Hematopoietic Stem Cell Transplantation'
 'Post-transplant Cyclophosphamide' 'Mesna' 'Tacrolimus'
 'Mycophenolate Mofetil' 'Patient-Reported Outcomes']",['United States'],Center for International Blood and Marrow Transplant Research,Center for International Blood and Marrow Transplant Research,Global / Multi-Region,2.0,1.0,0.6,0.0,0.6545406693826596,1.7793708853724834,0.0,-0.23514477330358208,K25_lc0.5_ls2_sig0.05_seed0,25,0.5,2.0,0.05,0
NCT06465823,Efficacy of Bumetanide to Improve Cognitive Functions in Down Syndrome,Recruiting,Phase 2,['Down Syndrome'],['Bumetanide' 'Placebo'],['Italy'],Stefano Vicari,Stefano Vicari,Global / Multi-Region,2.0,1.0,0.6,0.0,0.6478232387591455,1.7661329794392526,0.0,-0.23524325096048082,K25_lc0.5_ls2_sig0.05_seed0,25,0.5,2.0,0.05,0
NCT05647473,"Efficacy, Safety and Response Predictors of Adjuvant Astragalus for Cognition in Orthostatic Hypotension",Recruiting,Phase 2,['Orthostatic Hypotension' 'Alzheimer Disease'],"['Routine treatment' 'add-on low dose Astragalus'
 'add-on high dose Astragalus']",['China'],Fujian Medical University Union Hospital,Fujian Medical University Union Hospital,Global / Multi-Region,2.0,1.0,0.6,0.0,0.6391034655003032,1.7492082875484607,0.0,-0.23550067827392718,K25_lc0.5_ls2_sig0.05_seed0,25,0.5,2.0,0.05,0
NCT06276868,"Darsilide Combined With AI, Trastuzumab and Patuzumab in the Neoadjuvant Treatment of HR+/HER2+ Breast Cancer",Recruiting,Phase 2,['Breast Cancer' 'HER2-positive Breast Cancer'],['Dalcilib+letrozole+HP treatment group'],['China'],Henan Cancer Hospital,Henan Cancer Hospital,Global / Multi-Region,2.0,1.0,0.6,0.0,0.7025639026710787,1.8769310428610173,0.0,-0.23590161875942994,K25_lc0.5_ls2_sig0.05_seed0,25,0.5,2.0,0.05,0
NCT06232655,Cladribine Venetoclax in Monocytic AML,Recruiting,Phase 2,['Acute Myeloid Leukemia'],['Cladribine' 'Venetoclax' 'Azacitidine'],['United States'],"University of Colorado, Denver","University of Colorado, Denver",Global / Multi-Region,2.0,1.0,0.6,0.0,0.6046004460590226,1.6847187327723703,0.0,-0.2377589203271625,K25_lc0.5_ls2_sig0.05_seed0,25,0.5,2.0,0.05,0
NCT06353685,De-Escalation Postoperative Radiotherapy for Oral Squamous Cell Carcinoma With pCR/MPR.,Recruiting,Phase 2,['De-escalated Radiotherapy; Head and Neck Cancer'],"['Continuous, hyperfractionated, accelerated radiotherapy(CHART)']",['China'],Sun Yat-Sen Memorial Hospital of Sun Yat-Sen University,Sun Yat-Sen Memorial Hospital of Sun Yat-Sen University,Global / Multi-Region,2.0,1.0,0.6,0.0,0.66073646591527,1.7991105767246025,0.0,-0.23881882244703123,K25_lc0.5_ls2_sig0.05_seed0,25,0.5,2.0,0.05,0
NCT06678620,Phase II Clinical Trial of 24-valent Pneumococcal Polysaccharide Conjugate Vaccine,Recruiting,Phase 2,['Pneumococcal Infectious Disease'],"['Reinovax PCV24 formulation 1' 'Reinovax PCV24 formulation 2'
 'Reinovax PCV24 formulation 3' 'PPSV23']",['China'],"Shanghai Reinovax Biologics Co.,LTD","Shanghai Reinovax Biologics Co.,LTD",Global / Multi-Region,2.0,1.0,0.6,0.0,0.6119332615814578,1.7078799149680604,0.0,-0.2420066959025724,K25_lc0.5_ls2_sig0.05_seed0,25,0.5,2.0,0.05,0
NCT06184009,Treatment of Newly Diagnosed High Risk Pediatric Acute Lymphoblastic Leukemia,Recruiting,Phase 2,['Pediatric Acute Lymphoblastic Leukemia'],"['ALL, High risk']",['South Korea'],Jae Wook Lee,Jae Wook Lee,Global / Multi-Region,2.0,1.0,0.6,0.0,0.6992220608285102,1.8849274635704487,0.0,-0.24324167095671412,K25_lc0.5_ls2_sig0.05_seed0,25,0.5,2.0,0.05,0
NCT05008900,Timing of Post-prostatectomy PSMA Imaging,Recruiting,Phase 2,['Prostate Cancer' 'Prostatectomy'],['Salvage radiotherapy'],['Canada'],"University Health Network, Toronto","University Health Network, Toronto",Global / Multi-Region,2.0,1.0,0.6,0.0,0.7007386976147217,1.8889038879271987,0.0,-0.2437132463488776,K25_lc0.5_ls2_sig0.05_seed0,25,0.5,2.0,0.05,0
NCT04879563,Artificial Intelligence Supporting CAncer Patients Across Europe - the ASCAPE Project,"Active, not recruiting",Phase 2,"['Breast Cancer' 'Prostate Cancer' 'Quality of Life' 'Survivorship'
 'Toxicity']",['ASCAPE-based follow-up strategy'],['Greece' 'Spain' 'Sweden' 'United Kingdom'],Region Örebro County,Region Örebro County,Global / Multi-Region,2.0,1.0,0.6,0.0,0.6232366713619146,1.2760067521242582,0.0,-0.014766704700214461,K75_lc0.5_ls0.5_sig0.1_seed0,75,0.5,0.5,0.1,0
NCT01356290,"Antiangiogenic Therapy for Children with Recurrent Medulloblastoma, Ependymoma and ATRT",Recruiting,Phase 2,['Medulloblastoma Recurrent' 'Ependymoma Recurrent' 'ATRT Recurrent'],"['Bevacizumab' 'Thalidomide' 'Celecoxib' 'Fenofibric acid' 'Etoposide'
 'Cyclophosphamide' 'Etoposide phosphate' 'Cytarabine']","['Austria' 'Czechia' 'Denmark' 'France' 'Norway' 'Spain' 'Sweden'
 'United States']",Medical University of Vienna,Medical University of Vienna,Global / Multi-Region,2.0,1.0,0.6,0.0,0.8152813995113367,1.6827139343213724,0.0,-0.026075567649349485,K75_lc0.5_ls0.5_sig0.1_seed0,75,0.5,0.5,0.1,0
NCT05670106,"A Study to Evaluate the Efficacy, Safety, Pharmacokinetics and Dosimetry of [177Lu]Lu-PSMA-617 in Chinese Adult Male Patients With Progressive PSMA-Positive mCRPC","Active, not recruiting",Phase 2,['Metastatic Castration-Resistant Prostate Cancer (mCRPC)'],"['[177Lu]Lu-PSMA-617' 'Best supportive/best standard of care (BS/BSOC)'
 '68Ga-PSMA-11']",['China'],Novartis Pharmaceuticals,Novartis Pharmaceuticals,Global / Multi-Region,2.0,1.0,0.6,0.0,0.7524338040282234,1.581854890630875,0.0,-0.03849364128721411,K75_lc0.5_ls0.5_sig0.1_seed0,75,0.5,0.5,0.1,0
NCT06657391,Evaluation of Recombinant Humanized Anti-CD25 Monoclonal Antibody for Preventing Graft-versus-host Disease After Haploidentical/matched Unrelated Donor Hematopoietic Stem Cell Transplantation in Patients with Transfusion-dependent Thalassemia,Recruiting,Phase 2,['Transfusion Dependent Thalassemia'],['recombinant humanized anti-CD25 monoclonal antibody'],['China'],Rongrong Liu,Rongrong Liu,Global / Multi-Region,2.0,1.0,0.6,0.0,0.8054443336260464,1.6950473690621068,0.0,-0.04207935090500703,K75_lc0.5_ls0.5_sig0.1_seed0,75,0.5,0.5,0.1,0
NCT04948619,Immune Function and Response to Vaccination After Cancer Therapy in Pediatric Patients,Recruiting,Phase 2,['Pediatric Cancer'],['Vaccine'],['United States'],Wake Forest University Health Sciences,Wake Forest University Health Sciences,Global / Multi-Region,2.0,1.0,0.6,0.0,0.7534923081192648,1.5912101964742074,0.0,-0.04211279011783886,K75_lc0.5_ls0.5_sig0.1_seed0,75,0.5,0.5,0.1,0
NCT06168786,Cadonilimab Combined With Fruquintinib and SBRT as Athird-line and Posterior Line Treatment in Patients With MSS CRC,Recruiting,Phase 2,['Colorectal Cancer'],['Fruquintinib' 'Cadonilimab' 'SBRT'],['China'],Huazhong University of Science and Technology,Huazhong University of Science and Technology,Global / Multi-Region,2.0,1.0,0.6,0.0,0.7295993653739405,1.5493567125439083,0.0,-0.04507899089801359,K75_lc0.5_ls0.5_sig0.1_seed0,75,0.5,0.5,0.1,0
NCT05806931,Sequential TAS-OX Alternating With TAS-IRI Plus Bevacizumab for Late-Line Metastatic Colorectal Cancer,Recruiting,Phase 2,['Colon Cancer' 'Rectal Cancer'],"['TAS-102, oxaliplatin, irinotecan with bevacizumab']",['United States'],"Rutgers, The State University of New Jersey","Rutgers, The State University of New Jersey",Global / Multi-Region,2.0,1.0,0.6,0.0,0.7383767922886745,1.569945608957048,0.0,-0.046596012189849545,K75_lc0.5_ls0.5_sig0.1_seed0,75,0.5,0.5,0.1,0
NCT04698785,Efficacy of Regorafenib Combined With Best Supportive Care as Maintenance Treatment in High Grade Bone Sarcomas Patients,Recruiting,Phase 2,['Bone Sarcoma' 'Osteosarcoma'],['Treatment by regorafenib and best supportive care'],['France'],Centre Leon Berard,Centre Leon Berard,Global / Multi-Region,2.0,1.0,0.6,0.0,0.7374371033844402,1.5757303760601564,0.0,-0.05042808464563797,K75_lc0.5_ls0.5_sig0.1_seed0,75,0.5,0.5,0.1,0
NCT04202835,ATG Plus PTCy vs ATG for CGVHD Prophylaxis,"Active, not recruiting",Phase 2,['Acute Leukemia' 'Myelodysplasia' 'Chronic Graft-versus-host-disease'],['Cyclophosphamide' 'Anti-Thymocyte globulin (rabbit)'],['Australia' 'Canada'],McMaster University,McMaster University,Global / Multi-Region,2.0,1.0,0.6,0.0,0.7556874876523839,1.6155267409586782,0.0,-0.05207588282695519,K75_lc0.5_ls0.5_sig0.1_seed0,75,0.5,0.5,0.1,0
NCT05576896,Hydroxychloroquine in Combination With Encorafenib and Cetuximab or Panitumumab in the Treatment of Metastatic BRAF-mutated Colorectal Cancer Refractory,Recruiting,Phase 2,"['Stage IV Colorectal Cancer Positive for BRAF V600E Mutation'
 'Colorectal Cancer' 'Colorectal Cancer Stage IV']",['Hydroxychloroquine in Combination With Encorafenib and Cetuximab or Panitumumab'],['United States'],Northwestern University,Northwestern University,Global / Multi-Region,2.0,1.0,0.6,0.0,0.7867043274825442,1.680847137079668,0.0,-0.05371924105728987,K75_lc0.5_ls0.5_sig0.1_seed0,75,0.5,0.5,0.1,0
NCT06276868,"Darsilide Combined With AI, Trastuzumab and Patuzumab in the Neoadjuvant Treatment of HR+/HER2+ Breast Cancer",Recruiting,Phase 2,['Breast Cancer' 'HER2-positive Breast Cancer'],['Dalcilib+letrozole+HP treatment group'],['China'],Henan Cancer Hospital,Henan Cancer Hospital,Global / Multi-Region,2.0,1.0,0.6,0.0,0.8226600622273617,1.7614350698276728,0.0,-0.058057472686474765,K75_lc0.5_ls0.5_sig0.1_seed0,75,0.5,0.5,0.1,0
NCT06827977,A Study of Microbiome Transplantation for the Treatment of Constipation and/or Significant Bloating in Patients With Systemic Sclerosis,Recruiting,Phase 2,['Constipation' 'Bloating'],['PRIM-DJ2727' 'Placebo'],['United States'],"The University of Texas Health Science Center, Houston","The University of Texas Health Science Center, Houston",Global / Multi-Region,2.0,1.0,0.6,0.0,0.7109676625154144,1.5440163544614498,0.0,-0.06104051471531047,K75_lc0.5_ls0.5_sig0.1_seed0,75,0.5,0.5,0.1,0
NCT04220749,Radiotherapy vs. Trans-Oral Surgery for HPV-Negative Oropharyngeal Squamous Cell Carcinoma,Recruiting,Phase 2,['Head and Neck Cancer' 'Oropharyngeal Squamous Cell Carcinoma'],['Radiation' 'Trans-Oral Surgery (TOS) + Neck Dissection'],['Canada'],London Health Sciences Centre Research Institute OR Lawson Research Institute of St. Joseph's,London Health Sciences Centre Research Institute OR Lawson Research Institute of St. Joseph's,Global / Multi-Region,2.0,1.0,0.6,0.0,0.6850295392116407,1.510367865271909,0.0,-0.07015439342431384,K75_lc0.5_ls0.5_sig0.1_seed0,75,0.5,0.5,0.1,0
NCT06184009,Treatment of Newly Diagnosed High Risk Pediatric Acute Lymphoblastic Leukemia,Recruiting,Phase 2,['Pediatric Acute Lymphoblastic Leukemia'],"['ALL, High risk']",['South Korea'],Jae Wook Lee,Jae Wook Lee,Global / Multi-Region,2.0,1.0,0.6,0.0,0.8148524839154482,1.7764757714610626,0.0,-0.07338540181508313,K75_lc0.5_ls0.5_sig0.1_seed0,75,0.5,0.5,0.1,0
NCT05008900,Timing of Post-prostatectomy PSMA Imaging,Recruiting,Phase 2,['Prostate Cancer' 'Prostatectomy'],['Salvage radiotherapy'],['Canada'],"University Health Network, Toronto","University Health Network, Toronto",Global / Multi-Region,2.0,1.0,0.6,0.0,0.818391203891294,1.7839789489132434,0.0,-0.07359827056532764,K75_lc0.5_ls0.5_sig0.1_seed0,75,0.5,0.5,0.1,0
NCT05500326,Ivermectin Therapy for Scabies Infection in Children Younger Than 5 Years of Age (ITCHY Study),Recruiting,Phase 2,['Scabies; Itch' 'Scabies'],['Ivermectin Tablets'],['Laos'],Murdoch Childrens Research Institute,Murdoch Childrens Research Institute,Global / Multi-Region,2.0,1.0,0.6,0.0,0.7246752892010989,1.5986944708155848,0.0,-0.07467194620669348,K75_lc0.5_ls0.5_sig0.1_seed0,75,0.5,0.5,0.1,0
NCT04886531,"Trial of Pre-operative Neratinib and Endocrine Therapy With Trastuzumab in ER-Positive, HER-2 Positive Breast Cancers",Recruiting,Phase 2,"['Breast Cancer' 'HER2-positive Breast Cancer' 'ER Positive Breast Cancer'
 'PR-Positive Breast Cancer']",['Neratinib' 'Letrozole (L) or Anastrozole (A)' 'Trastuzumab'],['United States'],Ruth O'Regan,Ruth O'Regan,Global / Multi-Region,2.0,1.0,0.6,0.0,0.7189573133558567,1.5876386246787284,0.0,-0.07486199898350754,K75_lc0.5_ls0.5_sig0.1_seed0,75,0.5,0.5,0.1,0
NCT04904588,HLA-Mismatched Unrelated Donor Hematopoietic Cell Transplantation With Post-Transplantation Cyclophosphamide,"Active, not recruiting",Phase 2,"['Acute Lymphoblastic Leukemia' 'Acute Myelogenous Leukemia'
 'Mixed Phenotype Acute Leukemia' 'Acute Leukemia'
 'Myelodysplastic Syndromes' 'Chronic Myelogenous Leukemia'
 'Chronic Lymphocytic Leukemia' 'Lymphoma']","['Busulfan' 'Busulfan' 'Fludarabine' 'Total-body irradiation'
 'Cyclophosphamide' 'Melphalan'
 'PBSC Hematopoietic Stem Cell Transplantation (HSCT)'
 'Bone Marrow Hematopoietic Stem Cell Transplantation'
 'Post-transplant Cyclophosphamide' 'Mesna' 'Tacrolimus'
 'Mycophenolate Mofetil' 'Patient-Reported Outcomes']",['United States'],Center for International Blood and Marrow Transplant Research,Center for International Blood and Marrow Transplant Research,Global / Multi-Region,2.0,1.0,0.6,0.0,0.7140391464598336,1.5830803738556276,0.0,-0.07750104046798023,K75_lc0.5_ls0.5_sig0.1_seed0,75,0.5,0.5,0.1,0
NCT07160608,Safety and Efficacy of Tarperprumig in Adult Participants With Anti-Neutrophil Cytoplasmic Antibody (ANCA)-Associated Vasculitis,Recruiting,Phase 2,['Anti-Neutrophil Cytoplasmic Antibody-Associated Vasculitis'],['Placebo' 'Tarperprumig'],"['Argentina' 'Australia' 'Brazil' 'Canada' 'China' 'France' 'Germany'
 'Italy' 'Poland' 'South Korea' 'Spain' 'Taiwan' 'Turkey (Türkiye)'
 'United Kingdom']","Alexion Pharmaceuticals, Inc.","Alexion Pharmaceuticals, Inc.",Global / Multi-Region,2.0,1.0,0.6,0.0,0.8060825104785201,1.7676668160900018,0.0,-0.07775089756648079,K75_lc0.5_ls0.5_sig0.1_seed0,75,0.5,0.5,0.1,0
NCT04565925,Sildenafil for Treatment of Urinary Incontinence in Patients With Spinal Cord Injuries,Recruiting,Phase 2,['Spinal Cord Injuries' 'Urinary Incontinence'],['Sildenafil Citrate' 'Placebo'],['United States'],"The University of Texas Medical Branch, Galveston","The University of Texas Medical Branch, Galveston",Global / Multi-Region,2.0,1.0,0.6,0.0,0.6253328881201504,1.4091291749475818,0.0,-0.0792316993536405,K75_lc0.5_ls0.5_sig0.1_seed0,75,0.5,0.5,0.1,0
NCT06465823,Efficacy of Bumetanide to Improve Cognitive Functions in Down Syndrome,Recruiting,Phase 2,['Down Syndrome'],['Bumetanide' 'Placebo'],['Italy'],Stefano Vicari,Stefano Vicari,Global / Multi-Region,2.0,1.0,0.6,0.0,0.6994582477939811,1.5596128505314857,0.0,-0.0803481774717617,K75_lc0.5_ls0.5_sig0.1_seed0,75,0.5,0.5,0.1,0
NCT06462378,Proton Therapy for Locally Advanced Cervical Cancer,Recruiting,Phase 2,['Cervical Cancer' 'Proton Therapy' 'Radiotherapy Side Effect'],['Proton therapy'],['Denmark'],University of Aarhus,University of Aarhus,Global / Multi-Region,2.0,1.0,0.6,0.0,0.6936288277196364,1.5482532573474133,0.0,-0.08049780095407022,K75_lc0.5_ls0.5_sig0.1_seed0,75,0.5,0.5,0.1,0
NCT06353685,De-Escalation Postoperative Radiotherapy for Oral Squamous Cell Carcinoma With pCR/MPR.,Recruiting,Phase 2,['De-escalated Radiotherapy; Head and Neck Cancer'],"['Continuous, hyperfractionated, accelerated radiotherapy(CHART)']",['China'],Sun Yat-Sen Memorial Hospital of Sun Yat-Sen University,Sun Yat-Sen Memorial Hospital of Sun Yat-Sen University,Global / Multi-Region,2.0,1.0,0.6,0.0,0.7276211289836679,1.6183994336411658,0.0,-0.08157858783691496,K75_lc0.5_ls0.5_sig0.1_seed0,75,0.5,0.5,0.1,0
NCT05647473,"Efficacy, Safety and Response Predictors of Adjuvant Astragalus for Cognition in Orthostatic Hypotension",Recruiting,Phase 2,['Orthostatic Hypotension' 'Alzheimer Disease'],"['Routine treatment' 'add-on low dose Astragalus'
 'add-on high dose Astragalus']",['China'],Fujian Medical University Union Hospital,Fujian Medical University Union Hospital,Global / Multi-Region,2.0,1.0,0.6,0.0,0.6807553993574953,1.5298648166141093,0.0,-0.08417700894955937,K75_lc0.5_ls0.5_sig0.1_seed0,75,0.5,0.5,0.1,0
NCT06793371,"AMBER-HFpEF: Assessment of CK-4021586 in a Multi-Center, Blinded Evaluation of Safety and Tolerability Results in HFpEF",Recruiting,Phase 2,['Symptomatic Heart Failure With Preserved Ejection Fraction (HFpEF)'],"['CK-4021586 (150 mg, 300 mg, 450 mg, and 600 mg)'
 'Placebo to match CK-4021586']",['United States'],Cytokinetics,Cytokinetics,Global / Multi-Region,2.0,1.0,0.6,0.0,0.8054272331369577,1.7843588858387864,0.0,-0.08675220978243547,K75_lc0.5_ls0.5_sig0.1_seed0,75,0.5,0.5,0.1,0
NCT04028063,Doxorubicin Plus Dual Checkpoint Blockade for Soft Tissue Sarcomas,Recruiting,Phase 2,['Metastatic Soft Tissue Sarcoma' 'Advanced Soft Tissue Sarcoma'],['Balstilimab' 'Zalifrelimab' 'Doxorubicin' 'Botensilimab'],['United States'],"University of Colorado, Denver","University of Colorado, Denver",Global / Multi-Region,2.0,1.0,0.6,0.0,0.7723865520469796,1.7291690784830045,0.0,-0.09219798719452266,K75_lc0.5_ls0.5_sig0.1_seed0,75,0.5,0.5,0.1,0
NCT05835479,Rezafungin for Treatment of Pneumocystis Pneumonia in HIV Adults,Recruiting,Phase 2,['Pneumocystis Pneumonia'],['Co-Trimoxazole' 'Rezafungin Acetate / Co Trimoxazole'],['South Africa'],Mundipharma Research Limited,Mundipharma Research Limited,Global / Multi-Region,2.0,1.0,0.6,0.0,0.721006862890249,1.6283820563532114,0.0,-0.09318416528635676,K75_lc0.5_ls0.5_sig0.1_seed0,75,0.5,0.5,0.1,0
NCT05066334,Efficacy of Intradiscal Injection of Autologous BM-MSC in Subjects With Chronic LBP Due to Multilevel Lumbar IDD,Recruiting,Phase 2,['Intervertebral Disc Degeneration' 'Chronic Low-back Pain'],['Autologous BM-MSC' 'Sham'],['Italy'],Fondazione Policlinico Universitario Campus Bio-Medico,Fondazione Policlinico Universitario Campus Bio-Medico,Global / Multi-Region,2.0,1.0,0.6,0.0,0.72455027678263,1.638248535473946,0.0,-0.09457399095434305,K75_lc0.5_ls0.5_sig0.1_seed0,75,0.5,0.5,0.1,0
NCT05371223,Combined Nabpaclitaxel Pressurized IntraPeritoneal Aerosol Chemotherapy With Systemic Nabpaclitaxel-Gemcitabine Chemotherapy for Pancreatic Cancer Peritoneal Metastases,Recruiting,Phase 2,['Peritoneal Carcinomatosis' 'Pancreas Neoplasm'],['Combined Nabpaclitaxel Pressurized IntraPeritoneal Aerosol Chemotherapy With Systemic Nabpaclitaxel-Gemcitabine'],['Italy'],Fondazione Policlinico Universitario Agostino Gemelli IRCCS,Fondazione Policlinico Universitario Agostino Gemelli IRCCS,Global / Multi-Region,2.0,1.0,0.6,0.0,0.6942108104680919,1.5820304980410405,0.0,-0.09680443855242837,K75_lc0.5_ls0.5_sig0.1_seed0,75,0.5,0.5,0.1,0
NCT06684600,Study of Dalpiciclib Isethionate Plus Pyrotinib Maleate in the Treatment of Advanced Esophageal Squamous Cell Carcinoma,Recruiting,Phase 2,['Esophageal Squamous Cell Carcinoma'],['Dalpiciclib + Pyrotinib'],['China'],Peking University,Peking University,Global / Multi-Region,2.0,1.0,0.6,0.0,0.7443085836529729,1.6823983895994234,0.0,-0.0968906111467388,K75_lc0.5_ls0.5_sig0.1_seed0,75,0.5,0.5,0.1,0
NCT06620848,A Study of HRS-4642 Monotherapy or in Combination With Adebrelimab in the Treatment of Advanced Biliary Tract Tumors.,Recruiting,Phase 2,['Biliary Tract Cancer'],['HRS-4642 monotherapy' 'HRS-4642 and adebrelimab combination therapy'],['China'],Shanghai Zhongshan Hospital,Shanghai Zhongshan Hospital,Global / Multi-Region,2.0,1.0,0.6,0.0,0.7612650808348236,1.721562106596397,0.0,-0.09951597246337496,K75_lc0.5_ls0.5_sig0.1_seed0,75,0.5,0.5,0.1,0
NCT06232655,Cladribine Venetoclax in Monocytic AML,Recruiting,Phase 2,['Acute Myeloid Leukemia'],['Cladribine' 'Venetoclax' 'Azacitidine'],['United States'],"University of Colorado, Denver","University of Colorado, Denver",Global / Multi-Region,2.0,1.0,0.6,0.0,0.6092361656246152,1.4191386042770704,0.0,-0.10033313651391995,K75_lc0.5_ls0.5_sig0.1_seed0,75,0.5,0.5,0.1,0
NCT04237103,Combination of Methotrexate and Phototherapy Versus Phototherapy in Adults with Progressive Vitiligo,Recruiting,Phase 2,['Vitiligo'],['Methotrexate' 'Placebos'],['France'],"University Hospital, Bordeaux","University Hospital, Bordeaux",Global / Multi-Region,2.0,1.0,0.6,0.0,0.7712845978581271,1.745279510181021,0.0,-0.10135515723238342,K75_lc0.5_ls0.5_sig0.1_seed0,75,0.5,0.5,0.1,0
NCT06850597,Efficacy and Safety of Dimethyl Fumarate Among Patients with Mild Cognitive Impairment and Dementia Due to Alzheimer's Disease,Recruiting,Phase 2,"['MCI' ""MCI-AD, Early Stage Alzheimer's Disease"" ""Alzheimer's Disease""]",['dimethyl fumarate'],['Poland'],Medical University of Lodz,Medical University of Lodz,Global / Multi-Region,2.0,1.0,0.6,0.0,0.8394863275794241,1.8819033048387008,0.0,-0.10146532483992632,K75_lc0.5_ls0.5_sig0.1_seed0,75,0.5,0.5,0.1,0
NCT03215719,Adaptive Treatment De-escalation in Favorable Risk HPV-Positive Oropharyngeal Carcinoma,Recruiting,Phase 2,"['Oropharyngeal Carcinoma'
 'HPV Positive Oropharyngeal Squamous Cell Carcinoma']",['Standard Radiation Treatment' 'Dose-Deescalated Treatment' 'Cisplatinum'],['United States'],NYU Langone Health,NYU Langone Health,Global / Multi-Region,2.0,1.0,0.6,0.0,0.660285324792756,1.5285393329067092,0.0,-0.10398434166059856,K75_lc0.5_ls0.5_sig0.1_seed0,75,0.5,0.5,0.1,0
NCT06678620,Phase II Clinical Trial of 24-valent Pneumococcal Polysaccharide Conjugate Vaccine,Recruiting,Phase 2,['Pneumococcal Infectious Disease'],"['Reinovax PCV24 formulation 1' 'Reinovax PCV24 formulation 2'
 'Reinovax PCV24 formulation 3' 'PPSV23']",['China'],"Shanghai Reinovax Biologics Co.,LTD","Shanghai Reinovax Biologics Co.,LTD",Global / Multi-Region,2.0,1.0,0.6,0.0,0.6241038610495349,1.4584269019756544,0.0,-0.10510958993829234,K75_lc0.5_ls0.5_sig0.1_seed0,75,0.5,0.5,0.1,0
NCT02877394,Use of a Squatting Assist Device in Patients With Constipation,Recruiting,Phase 2,['Constipation'],['Squatting Assist Device' 'Sham Squatting Assist Device'],['United States'],Mayo Clinic,Mayo Clinic,Global / Multi-Region,2.0,1.0,0.6,0.0,0.7479320021018502,1.707696906701184,0.0,-0.10591645124874183,K75_lc0.5_ls0.5_sig0.1_seed0,75,0.5,0.5,0.1,0
NCT05751018,Phase II Clinical Study of Pyrotinib in First-line Treatment of Primary HER2-amplified/Mutated Advanced Non-small Cell Lung Cancer,Recruiting,Phase 2,['Non-small Cell Lung Cancer'],['Pyrotinib'],['China'],Peking Union Medical College Hospital,Peking Union Medical College Hospital,Global / Multi-Region,2.0,1.0,0.6,0.0,0.6641830835267462,1.540755438336282,0.0,-0.10619463564139486,K75_lc0.5_ls0.5_sig0.1_seed0,75,0.5,0.5,0.1,0
NCT06001125,Methotrexate for Immune Related Arthritis or Arthralgias (IMPACT 2.1),Recruiting,Phase 2,['Arthritis' 'Arthralgia'],['Methotrexate'],['Canada'],AHS Cancer Control Alberta,AHS Cancer Control Alberta,Global / Multi-Region,2.0,1.0,0.6,0.0,0.6689271380530649,1.5505403583385593,0.0,-0.10634304111621473,K75_lc0.5_ls0.5_sig0.1_seed0,75,0.5,0.5,0.1,0
NCT06390956,Pirtobrutinib in Combination With Rituximab in Adults With Untreated Marginal Zone Lymphoma (PIONEER-MZL),Recruiting,Phase 2,['Marginal Zone Lymphoma'],['Pirtobrutinib'],['United States'],University of Utah,University of Utah,Global / Multi-Region,2.0,1.0,0.6,0.0,0.675314195471855,1.5660628113125152,0.0,-0.10771721018440261,K75_lc0.5_ls0.5_sig0.1_seed0,75,0.5,0.5,0.1,0
NCT03414229,"A Study of Epacadostat, an IDO1 Inhibitor, in Combination With Pembrolizumab in Patients With Metastatic and/or Locally Advanced Sarcoma","Active, not recruiting",Phase 2,['Sarcoma'],['Epacadostat' 'Pembrolizumab'],['United States'],Memorial Sloan Kettering Cancer Center,Memorial Sloan Kettering Cancer Center,Global / Multi-Region,2.0,1.0,0.6,0.0,0.7602032984351701,1.7359245587727523,0.0,-0.10775898095120606,K75_lc0.5_ls0.5_sig0.1_seed0,75,0.5,0.5,0.1,0
NCT05636293,"Double Blind, Placebo-controlled Trial to Establish Safety and Efficacy of Ritlecitinib in Celiac Disease Patients in Remission",Recruiting,Phase 2,['Celiac Disease'],['Ritlecitinib' 'Placebo' 'Gluten'],['United States'],Massachusetts General Hospital,Massachusetts General Hospital,Global / Multi-Region,2.0,1.0,0.6,0.0,0.6750443948419332,1.566662107901742,0.0,-0.10828665910893776,K75_lc0.5_ls0.5_sig0.1_seed0,75,0.5,0.5,0.1,0
NCT06551272,Microbiota Modification for Immuno-oncology in Hepatocellular Carcinoma,Recruiting,Phase 2,['Hepatocellular Carcinoma'],['EXL01'],['France'],Center Eugene Marquis,Center Eugene Marquis,Global / Multi-Region,2.0,1.0,0.6,0.0,0.7555418931803087,1.7285817243878958,0.0,-0.10874896901363917,K75_lc0.5_ls0.5_sig0.1_seed0,75,0.5,0.5,0.1,0
NCT05287126,A Study to Evaluate Etrasimod Treatment in Adolescents With Ulcerative Colitis,Recruiting,Phase 2,['Ulcerative Colitis'],['Etrasimod'],['Austria' 'Belgium' 'Japan' 'Poland' 'Slovakia' 'Spain' 'United States'],Pfizer,Pfizer,Global / Multi-Region,2.0,1.0,0.6,0.0,0.6916473001652497,1.6024665704324892,0.0,-0.10958598505099493,K75_lc0.5_ls0.5_sig0.1_seed0,75,0.5,0.5,0.1,0
NCT05660954,Cabozantinib In Advanced Radioactive-Iodine Refractory Differentiated Thyroid Cancer.,"Active, not recruiting",Phase 2,['Differentiated Thyroid Cancer'],['Cabozantinib'],['Spain'],Grupo Espanol de Tumores Neuroendocrinos,Grupo Espanol de Tumores Neuroendocrinos,Global / Multi-Region,2.0,1.0,0.6,0.0,0.7558055057652652,1.7314263355533521,0.0,-0.10990766201141089,K75_lc0.5_ls0.5_sig0.1_seed0,75,0.5,0.5,0.1,0
NCT07047183,Clinical Study of Venetoclax Combined With Azacitidine as Bridging Therapy Prior to Hematopoietic Stem Cell Transplantation in Patients With Higher-Risk Myelodysplastic Syndromes,Recruiting,Phase 2,['Myelodysplastic Neoplasms' 'Transplantation'],['VEN (Venetoclax)'],['China'],Yehui Tan,Yehui Tan,Global / Multi-Region,2.0,1.0,0.6,0.0,0.6665794674682425,1.5542889951199637,0.0,-0.11056503009173935,K75_lc0.5_ls0.5_sig0.1_seed0,75,0.5,0.5,0.1,0
NCT06262048,Prevention of Post Operative Urinary Retention After Thoracic Surgery Trial,Recruiting,Phase 2,['Urinary Retention Postoperative'],['Tamsulosin Hydrochloride' 'Placebo'],['Canada'],London Health Sciences Centre Research Institute OR Lawson Research Institute of St. Joseph's,London Health Sciences Centre Research Institute OR Lawson Research Institute of St. Joseph's,Global / Multi-Region,2.0,1.0,0.6,0.0,0.693978564121554,1.6112580057141157,0.0,-0.11165043873550384,K75_lc0.5_ls0.5_sig0.1_seed0,75,0.5,0.5,0.1,0
NCT03405155,Nivolumab in Treating Patients With Stage IIB-IIC Melanoma That Can Be Removed by Surgery,"Active, not recruiting",Phase 2,['Melanoma (Skin)'],['Nivolumab'],['United States'],Sidney Kimmel Cancer Center at Thomas Jefferson University,Sidney Kimmel Cancer Center at Thomas Jefferson University,Global / Multi-Region,2.0,1.0,0.6,0.0,0.7152971136024499,1.6561161734644936,0.0,-0.11276097312979694,K75_lc0.5_ls0.5_sig0.1_seed0,75,0.5,0.5,0.1,0
NCT03599960,Combination Chemotherapy in Patients With Newly Diagnosed BPDCN,"Active, not recruiting",Phase 2,['Blastic Plasmacytoid Dendritic Cell Neoplasm (BPDCN)'],['Chemotherapy'],['France'],Centre Hospitalier Universitaire de Besancon,Centre Hospitalier Universitaire de Besancon,Global / Multi-Region,2.0,1.0,0.6,0.0,0.6788430027015562,1.5909109153449215,0.0,-0.11661245497090456,K75_lc0.5_ls0.5_sig0.1_seed0,75,0.5,0.5,0.1,0
NCT05726032,Empagliflozin in Patients With Cirrhosis and Ascites,Recruiting,Phase 2,['Cirrhosis' 'Liver Failure'],['Empagliflozin 10 MG' 'Matching Placebo'],['United States'],Yale University,Yale University,Global / Multi-Region,2.0,1.0,0.6,0.0,0.6701218251412323,1.574195870998616,0.0,-0.11697611035807565,K75_lc0.5_ls0.5_sig0.1_seed0,75,0.5,0.5,0.1,0
NCT04530227,Camrelizumab With Chemotherapy in Adults With Medically Inoperable Early Stage NSCLC,Recruiting,Phase 2,['Early Stage Non-small Cell Lung Cancer'],['Biological: Camrelizumab' 'Pemetrexed' 'Nab-paclitaxel'],['China'],Tianjin Medical University Cancer Institute and Hospital,Tianjin Medical University Cancer Institute and Hospital,Global / Multi-Region,2.0,1.0,0.6,0.0,0.6639340836762825,1.5631805269201668,0.0,-0.11765617978380094,K75_lc0.5_ls0.5_sig0.1_seed0,75,0.5,0.5,0.1,0
NCT05427695,Topical Probiotic Sinus Irrigations for Treating Chronic Sinusitis,Recruiting,Phase 2,['Chronic Rhinosinusitis (Diagnosis)'],['Lactobacillus sakei proBio65' 'Isotonic Saline Solution'],['United States'],University of Illinois at Chicago,University of Illinois at Chicago,Global / Multi-Region,2.0,1.0,0.6,0.0,0.8206529426807468,1.876874973248032,0.0,-0.1177845439432692,K75_lc0.5_ls0.5_sig0.1_seed0,75,0.5,0.5,0.1,0
NCT04476901,Administration of Allogeneic-MSC in Patients With Non-Ischemic Dilated Cardiomyopathy,Recruiting,Phase 2,['Non-ischemic Dilated Cardiomyopathy'],['allogeneic human mesenchymal stem cells (hMSCs)' 'Placebo'],['United States'],Joshua M Hare,Joshua M Hare,Global / Multi-Region,2.0,1.0,0.6,0.0,0.8310164272310681,1.8987903075186976,0.0,-0.11837872652828074,K75_lc0.5_ls0.5_sig0.1_seed0,75,0.5,0.5,0.1,0
NCT06427330,Phase II Study of Post-Transplant Low-Dose Inotuzumab Ozogamicin to Prevent Relapse of Acute Lymphoblastic Leukemia,Recruiting,Phase 2,['Acute Lymphoid Leukemia'],['Inotuzumab ozogamicin'],['China'],"Institute of Hematology & Blood Diseases Hospital, China","Institute of Hematology & Blood Diseases Hospital, China",Global / Multi-Region,2.0,1.0,0.6,0.0,0.7210834931736848,1.6792103557790392,0.0,-0.1185216847158348,K75_lc0.5_ls0.5_sig0.1_seed0,75,0.5,0.5,0.1,0
NCT05694884,Study of Eblasakimab in Male or Female Moderate-to-Severe Atopic Dermatitis Patients Previously Treated With Dupilumab,Recruiting,Phase 2,['Atopic Dermatitis'],['Placebo' 'ASLAN004'],['Canada' 'United States'],ASLAN Pharmaceuticals,ASLAN Pharmaceuticals,Global / Multi-Region,2.0,1.0,0.6,0.0,0.6516032143710652,1.5430594030416755,0.0,-0.11992648714977261,K75_lc0.5_ls0.5_sig0.1_seed0,75,0.5,0.5,0.1,0
NCT04622007,Tomivosertib Combined With Pembrolizumab in Subjects With PD-L1 Positive NSCLC (KICKSTART),"Active, not recruiting",Phase 2,['Non-small Cell Lung Cancer'],['Tomivosertib' 'Pembrolizumab' 'Pemetrexed'],['Australia' 'Georgia' 'United States'],Effector Therapeutics,Effector Therapeutics,Global / Multi-Region,2.0,1.0,0.6,0.0,0.753595142759763,1.7471547868651514,0.0,-0.11998225067281265,K75_lc0.5_ls0.5_sig0.1_seed0,75,0.5,0.5,0.1,0
NCT06052839,Pulsed Dose Chemotherapy Plus Pembrolizumab in Recurrent/Metastatic HNSCC,Recruiting,Phase 2,['Recurrent/Metastatic Head and Neck Squamous Cell Carcinoma (R/M HNSCC)'],['Pembrolizumab' 'Carboplatin' 'Paclitaxel'],['United States'],Dan Zandberg,Dan Zandberg,Global / Multi-Region,2.0,1.0,0.6,0.0,0.713763820942167,1.6677978982556323,0.0,-0.1201351281856492,K75_lc0.5_ls0.5_sig0.1_seed0,75,0.5,0.5,0.1,0
NCT04191460,Fluorescence-guided Surgery Using cRGD-ZW800-1 in Oral Cancer,Recruiting,Phase 2,"['Squamous Cell Carcinoma of the Head and Neck' 'Oral Cancer'
 'Squamous Cell Carcinoma of the Oral Cavity']",['cRGD-ZW800-1.'],['Netherlands'],Erasmus Medical Center,Erasmus Medical Center,Global / Multi-Region,2.0,1.0,0.6,0.0,0.6997318618736373,1.6398896685891668,0.0,-0.12021297242094608,K75_lc0.5_ls0.5_sig0.1_seed0,75,0.5,0.5,0.1,0
NCT05926492,A Clinical Study of Surufatinib Combined With Chemotherapy as Neoadjuvant Treatment in Osteosarcoma,Recruiting,Phase 2,['Osteosarcoma'],['Surufatinib plus chemotherapy' 'Chemotherapy'],['China'],"Second Affiliated Hospital, School of Medicine, Zhejiang University","Second Affiliated Hospital, School of Medicine, Zhejiang University",Global / Multi-Region,2.0,1.0,0.6,0.0,0.6281602912192076,1.4998770256590586,0.0,-0.1217782216103217,K75_lc0.5_ls0.5_sig0.1_seed0,75,0.5,0.5,0.1,0
NCT06812260,"A Single-arm, Open-label, Phase II Study to Evaluate Efficacy, Safety and Pharmacokinetics of HLX10 + Chemotherapy in Patients With ES-SCLC",Recruiting,Phase 2,"['SCLC, Extensive Stage']",['HLX10+chemo'],['Japan'],Shanghai Henlius Biotech,Shanghai Henlius Biotech,Global / Multi-Region,2.0,1.0,0.6,0.0,0.6444637738064674,1.5340693097760014,0.0,-0.12257088108153336,K75_lc0.5_ls0.5_sig0.1_seed0,75,0.5,0.5,0.1,0
NCT06341842,Potential Protective Role of SGLT-2 Inhibitors for Chemotherapy-induced Cardiotoxicity,Recruiting,Phase 2,['Breast Cancer'],['Dapagliflozin 10mg Tab'],['Italy'],Fondazione IRCCS Policlinico San Matteo di Pavia,Fondazione IRCCS Policlinico San Matteo di Pavia,Global / Multi-Region,2.0,1.0,0.6,0.0,0.7506221851421971,1.7468941277746521,0.0,-0.12282487874512893,K75_lc0.5_ls0.5_sig0.1_seed0,75,0.5,0.5,0.1,0
NCT04219007,Vosoritide for Selected Genetic Causes of Short Stature,"Active, not recruiting",Phase 2,['Short Stature'],['Vosoritide'],['United States'],Andrew Dauber,Andrew Dauber,Global / Multi-Region,2.0,1.0,0.6,0.0,0.6533935488996497,1.5529557403116172,0.0,-0.12308432125615887,K75_lc0.5_ls0.5_sig0.1_seed0,75,0.5,0.5,0.1,0
NCT06147635,Prophylactic Tributyrin Supplementation in Acute Pancreatitis,Recruiting,Phase 2,['Acute Pancreatitis'],"['Micro-encapsulated granules of tributyrin (intervention)'
 'Micro-encapsulated granules of sunflower oil (placebo)']",['Netherlands'],St. Antonius Hospital,St. Antonius Hospital,Global / Multi-Region,2.0,1.0,0.6,0.0,0.8902342442375691,2.0271500631216406,0.0,-0.12334078732325116,K75_lc0.5_ls0.5_sig0.1_seed0,75,0.5,0.5,0.1,0
NCT05775159,Study of Novel Immunomodulators as Monotherapy and in Combination With Anticancer Agents in Participants With Advanced Hepatobiliary Cancer,Recruiting,Phase 2,['Hepatocellular Carcinoma' 'Biliary Tract Cancer'],"['Volrustomig' 'Bevacizumab' 'Lenvatinib' 'Rilvegostomig' 'Gemcitabine'
 'Cisplatin']","['China' 'Hong Kong' 'Italy' 'Japan' 'South Korea' 'Spain' 'Taiwan'
 'United Kingdom' 'United States']",AstraZeneca,AstraZeneca,Global / Multi-Region,2.0,1.0,0.6,0.0,0.7001289362381106,1.6471396246562469,0.0,-0.12344087609001286,K75_lc0.5_ls0.5_sig0.1_seed0,75,0.5,0.5,0.1,0
NCT06410599,Pharmacologic Treatment Augmentation in Chronic Depression,Recruiting,Phase 2,['Major Depressive Disorder'],['Ketamine' 'Placebo' 'CBASP' 'TAU'],['Germany'],University Hospital Tuebingen,University Hospital Tuebingen,Global / Multi-Region,2.0,1.0,0.6,0.0,0.6776282724440568,1.6035898505624753,0.0,-0.12416665283718087,K75_lc0.5_ls0.5_sig0.1_seed0,75,0.5,0.5,0.1,0
NCT02452008,Study of TGF-β Receptor Inhibitor Galunisertib (LY2157299) and Enzalutamide in Metastatic Castration-resistant Prostate Cancer,"Active, not recruiting",Phase 2,['Prostate Cancer'],['Enzalutamide' 'LY2157299'],['United States'],Sidney Kimmel Comprehensive Cancer Center at Johns Hopkins,Sidney Kimmel Comprehensive Cancer Center at Johns Hopkins,Global / Multi-Region,2.0,1.0,0.6,0.0,0.7621154921925689,1.7755387287043194,0.0,-0.12565387215959078,K75_lc0.5_ls0.5_sig0.1_seed0,75,0.5,0.5,0.1,0
NCT02993198,A Prospective Study of Breast Cancer Patients With Abnormal Strain Imaging,"Active, not recruiting",Phase 2,['HER2 Positive Breast Cancer' 'Cardiovascular Abnormalities'],['Carvedilol'],['United States'],Northwestern University,Northwestern University,Global / Multi-Region,2.0,1.0,0.6,0.0,0.7978137317061225,1.8484705454187962,0.0,-0.12642154100327563,K75_lc0.5_ls0.5_sig0.1_seed0,75,0.5,0.5,0.1,0
NCT06992440,Empagliflozin to Improve Right Ventricular Function in Pulmonary Arterial Hypertension,Enrolling by invitation,Phase 2,['Pulmonary Arterial Hypertension'],['Empagliflozin 10 MG' 'Placebo'],['United States'],"Gustavo A Heresi, MD, MS","Gustavo A Heresi, MD, MS",Global / Multi-Region,2.0,1.0,0.6,0.0,0.7965849899720888,1.8460454176706758,0.0,-0.12643771886324906,K75_lc0.5_ls0.5_sig0.1_seed0,75,0.5,0.5,0.1,0
NCT06127303,Toripalimab Combined With Cryoablation for First-line Oligo-progression in Driver-negative Advanced NSCLC,Recruiting,Phase 2,['Non-small Cell Lung Cancer'],['Toripalimab' 'Cryoablation'],['China'],Shanghai Chest Hospital,Shanghai Chest Hospital,Global / Multi-Region,2.0,1.0,0.6,0.0,0.6900751143204169,1.6333481214818846,0.0,-0.12659894642052538,K75_lc0.5_ls0.5_sig0.1_seed0,75,0.5,0.5,0.1,0
NCT06109064,Safety and Efficacy of Unrelated Umbilical Cord Blood Microtransplantation in Patients With Higher-risk MDS,Recruiting,Phase 2,['Myelodysplastic Syndromes'],['Unrelated Umbilical Cord Blood' 'Venetoclax' 'Decetabine' 'Azacitidine'],['China'],Anhui Provincial Hospital,Anhui Provincial Hospital,Global / Multi-Region,2.0,1.0,0.6,0.0,0.7053887508671709,1.6653374605544478,0.0,-0.12727997941005298,K75_lc0.5_ls0.5_sig0.1_seed0,75,0.5,0.5,0.1,0
NCT06972446,A Study to Evaluate Different Targeted Therapies for Patients With Rheumatoid Arthritis,Recruiting,Phase 2,['Rheumatoid Arthritis'],['Lutikizumab' 'Placebo' 'Ravagalimab'],['Canada' 'Germany' 'Puerto Rico' 'United States'],AbbVie,AbbVie,Global / Multi-Region,2.0,1.0,0.6,0.0,0.6946321116726472,1.6474818209985909,0.0,-0.12910879882664827,K75_lc0.5_ls0.5_sig0.1_seed0,75,0.5,0.5,0.1,0
NCT06257875,A Study to Assess Adverse Events and Change in Disease Activity From Intravenous (IV) and Subcutaneous (SC) Lutikizumab in Adult Participants With Active Ulcerative Colitis,"Active, not recruiting",Phase 2,['Ulcerative Colitis'],['Lutikizumab' 'Lutikizumab' 'Adalimumab'],"['Australia' 'Austria' 'Belgium' 'Bulgaria' 'Canada' 'Croatia' 'Estonia'
 'France' 'Germany' 'Greece' 'Hungary' 'Ireland' 'Israel' 'Italy' 'Japan'
 'Latvia' 'Lithuania' 'New Zealand' 'Norway' 'Poland' 'Puerto Rico'
 'Serbia' 'Slovenia' 'South Africa' 'South Korea' 'Spain' 'Switzerland'
 'Taiwan' 'United Kingdom' 'United States']",AbbVie,AbbVie,Global / Multi-Region,2.0,1.0,0.6,0.0,0.7734798294072464,1.805778381925012,0.0,-0.12940936155525962,K75_lc0.5_ls0.5_sig0.1_seed0,75,0.5,0.5,0.1,0
NCT06490601,Long Term Beta Thalassemia Treatment: Findings From The Extension Period,"Active, not recruiting",Phase 2,['Fetal Hemoglobin' 'Beta-Thalassemia' 'Hemoglobinopathies'],['thalidomide and hydroxyurea' 'Thalidomide'],['Pakistan'],"National Institute of Blood and Marrow Transplant (NIBMT), Pakistan","National Institute of Blood and Marrow Transplant (NIBMT), Pakistan",Global / Multi-Region,2.0,1.0,0.6,0.0,0.75306612477522,1.7652885495562236,0.0,-0.12957815000289186,K75_lc0.5_ls0.5_sig0.1_seed0,75,0.5,0.5,0.1,0
NCT05150652,"Neoadjuvant Endocrine Therapy in ER-positive, HER2-negative Early Stage Breast Cancer",Recruiting,Phase 2,"['Breast Cancer' 'HER2-negative Breast Cancer'
 'Node-negative Breast Cancer' 'Breast Carcinoma']",['Anastrozole 1mg' 'Letrozole 2.5mg' 'Exemestane 25 mg' 'Tamoxifen'],['United States'],Irada Ibrahim-zada,Irada Ibrahim-zada,Global / Multi-Region,2.0,1.0,0.6,0.0,0.8211876568767912,1.9028308982047542,0.0,-0.1302277922255859,K75_lc0.5_ls0.5_sig0.1_seed0,75,0.5,0.5,0.1,0
NCT05207670,"A Study Evaluating the Safety, Efficacy, and Pharmacokinetics of Mosunetuzumab Monotherapy in Participants With Select B-Cell Malignancies","Active, not recruiting",Phase 2,['Non-Hodgkin Lymphoma'],['Mosunetuzumab (Cohorts A-C)' 'Mosunetuzumab (Cohorts D-E)' 'Tocilizumab'],['United States'],"Genentech, Inc.","Genentech, Inc.",Global / Multi-Region,2.0,1.0,0.6,0.0,0.6625497048196801,1.586612493576038,0.0,-0.13075654196833886,K75_lc0.5_ls0.5_sig0.1_seed0,75,0.5,0.5,0.1,0
