nct_id,brief_title,overall_status,phase,conditions,interventions,location_countries,lead_sponsor,lead_sponsor_norm,region_label,estimated_trial_cost,enrollment_feasibility_score,benefit_score,benefit_per_cost
NCT00003042,Chemotherapy and Stem Cell Transplantation in Treating Patients With Stage IIIB Breast Cancer,"Active, not recruiting",Phase 2,['Breast Cancer'],"['filgrastim' 'cisplatin' 'cyclophosphamide' 'doxorubicin hydrochloride'
 'melphalan' 'mesna' 'paclitaxel' 'tamoxifen citrate'
 'bone marrow ablation with stem cell support' 'conventional surgery'
 'peripheral blood stem cell transplantation']",['United States'],City of Hope Medical Center,City of Hope Medical Center,Global / Multi-Region,2.0,1.0,0.6,0.3
NCT06234631,Cannabidiol for Postoperative Opioid Reduction in Primary Total Knee Arthroplasty,Recruiting,Phase 2,"['Knee Replacement Surgery' 'Osteoarthritis, Knee']",['Epidiolex oral solution' 'Placebo'],['United States'],Chad Brummett,Chad Brummett,Global / Multi-Region,2.0,1.0,0.6,0.3
NCT06257537,Sustained Acoustic Medicine for Symptomatic Treatment of Knee Pain Related to Osteoarthritis,Recruiting,Phase 2,['Osteo Arthritis Knee' 'Arthritis'],"['Sustained Acoustic Device with 2.5% Diclofenac Patch'
 'Sustained Acoustic Device with 0% Diclofenac Patch'
 '2.5% Diclofenac Patches' 'SAM Patch']",['United States'],"ZetrOZ, Inc.","ZetrOZ, Inc.",Global / Multi-Region,2.0,1.0,0.6,0.3
NCT06257875,A Study to Assess Adverse Events and Change in Disease Activity From Intravenous (IV) and Subcutaneous (SC) Lutikizumab in Adult Participants With Active Ulcerative Colitis,"Active, not recruiting",Phase 2,['Ulcerative Colitis'],['Lutikizumab' 'Lutikizumab' 'Adalimumab'],"['Australia' 'Austria' 'Belgium' 'Bulgaria' 'Canada' 'Croatia' 'Estonia'
 'France' 'Germany' 'Greece' 'Hungary' 'Ireland' 'Israel' 'Italy' 'Japan'
 'Latvia' 'Lithuania' 'New Zealand' 'Norway' 'Poland' 'Puerto Rico'
 'Serbia' 'Slovenia' 'South Africa' 'South Korea' 'Spain' 'Switzerland'
 'Taiwan' 'United Kingdom' 'United States']",AbbVie,AbbVie,Global / Multi-Region,2.0,1.0,0.6,0.3
NCT06259123,Neoadjuvant PSMA-RLT in Oligometastatic PCa,Recruiting,Phase 2,['Prostate Cancer'],['[177Lu]Lu-PSMA I&T'],['Austria'],Medical University of Vienna,Medical University of Vienna,Global / Multi-Region,2.0,1.0,0.6,0.3
NCT06259721,Anti-PD1 Monoclonal Antibody Combined With Nimotuzumab and Capecitabine in Patients With First-line Platinum-resistant Recurrent/Metastatic Nasopharyngeal Carcinoma,Recruiting,Phase 2,['Nasopharyngeal Carcinoma'],"['Anti-PD1 antibody, nimotuzumab and capecitabine']",['China'],Jiangxi Provincial Cancer Hospital,Jiangxi Provincial Cancer Hospital,Global / Multi-Region,2.0,1.0,0.6,0.3
NCT06259929,"NEOadjuvant Abemaciclib and GIredestrant TriaL in Patients with ER-positive, HER2-negative Early Breast Cancer",Recruiting,Phase 2,['Breast Cancer'],['Abemaciclib 150 MG + Giredestrant 30 MG'],['Italy'],Fondazione Oncotech,Fondazione Oncotech,Global / Multi-Region,2.0,1.0,0.6,0.3
NCT06260033,Stereotactic Body Radiation Therapy and FES PET/CT Imaging for the Treatment of Oligoprogressive Estrogen Receptor Positive Metastatic Breast Cancer,Recruiting,Phase 2,"['Anatomic Stage IV Breast Cancer AJCC v8'
 'Estrogen Receptor-Positive Breast Carcinoma'
 'Metastatic Breast Carcinoma']","['Biospecimen Collection' 'Bone Scan' 'Computed Tomography'
 'F-18 16 Alpha-Fluoroestradiol' 'Positron Emission Tomography'
 'Questionnaire Administration' 'Stereotactic Body Radiation Therapy']",['United States'],City of Hope Medical Center,City of Hope Medical Center,Global / Multi-Region,2.0,1.0,0.6,0.3
NCT06260072,Magnesium and Riboflavin Treatment for Post-Concussion Headache,Recruiting,Phase 2,"['Concussion, Intermediate']",['magnesium and riboflavin supplement'],['United States'],University of Virginia,University of Virginia,Global / Multi-Region,2.0,1.0,0.6,0.3
NCT06260553,Metronomic Oral Vinorelbine Combination With Tislelizumab in EGFR/ALK-negative Advanced NSCLC,Enrolling by invitation,Phase 2,['EGFR/ ALK-negative Advanced NSCLC'],['tislelizumab and metronomic oral vinorelbine'],['China'],Fujian Cancer Hospital,Fujian Cancer Hospital,Global / Multi-Region,2.0,1.0,0.6,0.3
NCT06260709,A Research Study to Look at Long-term Treatment With a Medicine Called NNC6019-0001 for People Who Have Heart Failure Due to Transthyretin Amyloidosis,"Active, not recruiting",Phase 2,['Transthyretin Amyloid Cardiomyopathy (ATTR CM)'],['NNC6019-0001'],"['Canada' 'Czechia' 'France' 'Germany' 'Italy' 'Japan' 'Netherlands'
 'Portugal' 'Spain' 'United States']",Novo Nordisk A/S,Novo Nordisk A/S,Global / Multi-Region,2.0,1.0,0.6,0.3
NCT06260891,Zinc Supplementation in Sickle Cell Disease: A Precursor to the Think Zinc for Bones Trial,Recruiting,Phase 2,['Sickle Cell Disease'],['25 mg/day zinc' '40 mg/day zinc'],['United States'],"University of California, San Francisco","University of California, San Francisco",Global / Multi-Region,2.0,1.0,0.6,0.3
NCT06261021,Study to Evaluate the Efficacy of Ruxolitinib 1.5% Cream in Adult Subjects with Discoid Lupus Erythematosus,Recruiting,Phase 2,['Discoid Lupus Erythematosus'],"['Ruxolitinib 1.5% cream' 'Application without occlusion in Area 1'
 'Application under occlusion at night in Area 2'
 'Application under occlusion at night in Area 1'
 'Application without occlusion in Area 2']",['Canada'],Innovaderm Research Inc.,Innovaderm Research Inc.,Global / Multi-Region,2.0,1.0,0.6,0.3
NCT06261060,Low-Dose Sirolimus to Increase Hematopoietic Function in Patients With RUNX1 Familial Platelet Disorder,Recruiting,Phase 2,['Familial Platelet Disorder' 'Hematopoietic'],['Sirolimus'],['United States'],M.D. Anderson Cancer Center,M.D. Anderson Cancer Center,Global / Multi-Region,2.0,1.0,0.6,0.3
NCT06261125,"Combination of SBRT, PD-L1 Inhibitor, and Lenvatinib in Hepatocellular Carcinoma (HSBRT2401)",Recruiting,Phase 2,['Hepatocellular Carcinoma'],['Stereotactic body radiotherapy' 'Adebrelimab' 'Lenvatinib'],['China'],Mian XI,Mian XI,Global / Multi-Region,2.0,1.0,0.6,0.3
NCT06261320,Mesotherapy Treatment of Irritable Bowel Syndrome,"Active, not recruiting",Phase 2,['Inflammatory Bowel Diseases'],"['Mesotherapy with mesocaine, thiocolchicoside, amitriptyline, magnesium pidolate']",['France'],Polyclinique de l'Europe,Polyclinique de l'Europe,Global / Multi-Region,2.0,1.0,0.6,0.3
NCT06261359,A Study of CEND-1 With Chemotherapy as First-Line Therapy in Patients With Pancreatic Ductal Adenocarcinoma,Recruiting,Phase 2,['Pancreatic Ductal Adenocarcinoma (PDAC)'],['CEND-1' 'Gemcitabine' 'Nab paclitaxel'],['China'],"Qilu Pharmaceutical Co., Ltd.","Qilu Pharmaceutical Co., Ltd.",Global / Multi-Region,2.0,1.0,0.6,0.3
NCT06261814,Contrast Enhanced Ultrasound to Evaluate Response to Chemoembolization in Patients With Liver Tumors,Recruiting,Phase 2,['Liver Neoplasms'],"['Sulfur Hexafluoride Lipid Microspheres' 'Contrast-Enhanced Ultrasound'
 'Transarterial Chemoembolization' 'Medical Chart Review']",['United States'],john eisenbrey,john eisenbrey,Global / Multi-Region,2.0,1.0,0.6,0.3
NCT06262048,Prevention of Post Operative Urinary Retention After Thoracic Surgery Trial,Recruiting,Phase 2,['Urinary Retention Postoperative'],['Tamsulosin Hydrochloride' 'Placebo'],['Canada'],London Health Sciences Centre Research Institute OR Lawson Research Institute of St. Joseph's,London Health Sciences Centre Research Institute OR Lawson Research Institute of St. Joseph's,Global / Multi-Region,2.0,1.0,0.6,0.3
NCT06257394,Treatment of Pediatric Very High-risk Acute Lymphoblastic Leukemia in Korea,Recruiting,Phase 2,"['Acute Lymphoblastic Leukemia, Pediatric']",['Dasatinib(Sprycel) arm' 'Non-Dasatinib(Sprycel) arm'],['South Korea'],Hyoung Jin Kang,Hyoung Jin Kang,Global / Multi-Region,2.0,1.0,0.6,0.3
NCT06257017,Surveillance of the Genetic Signature in Circulating Tumor DNA for Guiding Adjuvant Chemotherapy in Urothelial Carcinoma,Recruiting,Phase 2,"['Muscle Invasive Bladder Urothelial Carcinoma'
 'Muscle-Invasive Bladder Carcinoma']",['gemcitabine' 'Cisplatin'],['Hong Kong'],Yung NA,Yung NA,Global / Multi-Region,2.0,1.0,0.6,0.3
NCT06256549,A Study of GZR18 Injection in Chinese Patients With Type 2 Diabetes Mellitus,"Active, not recruiting",Phase 2,['Type 2 Diabetes'],['GZR18' 'Semaglutide'],['China'],"Gan and Lee Pharmaceuticals, USA","Gan and Lee Pharmaceuticals, USA",Global / Multi-Region,2.0,1.0,0.6,0.3
NCT06254820,"Dose, Safety, and Pathogenicity of a New Influenza B Strain",Recruiting,Phase 2,['Influenza B'],"['influenza B/Connecticut/1/21 virus part a dose arm 1'
 'influenza B/Connecticut/1/21 virus part a dose arm 2'
 'influenza B/Connecticut/1/21 virus part b dose 1'
 'influenza B/Connecticut/1/21 virus part b dose 2']",['United Kingdom'],Hvivo,Hvivo,Global / Multi-Region,2.0,1.0,0.6,0.3
NCT06254274,A Study of RAY1225 in Participants With Type 2 Diabetes,"Active, not recruiting",Phase 2,['T2DM (Type 2 Diabetes Mellitus)'],['RAY1225' 'Placebo'],['China'],"Guangdong Raynovent Biotech Co., Ltd","Guangdong Raynovent Biotech Co., Ltd",Global / Multi-Region,2.0,1.0,0.6,0.3
NCT06254391,Aspirin Dose Comparison in Elderly PCI Patients: 30mg vs. 75mg in Acute Coronary Syndrome,Recruiting,Phase 2,['Myocardial Infarction' 'Acute Coronary Syndrome'],['Low-dose aspirin'],['Poland'],Medical University of Warsaw,Medical University of Warsaw,Global / Multi-Region,2.0,1.0,0.6,0.3
NCT06254482,An Extension Study to Evaluate the Long-Term Safety and Efficacy of PTC518 in Participants With Huntington's Disease (HD),Enrolling by invitation,Phase 2,['Huntington Disease'],['PTC518'],"['Australia' 'Austria' 'Canada' 'France' 'Germany' 'Italy' 'Netherlands'
 'New Zealand' 'Spain' 'United Kingdom']",PTC Therapeutics,PTC Therapeutics,Global / Multi-Region,2.0,1.0,0.6,0.3
NCT06254521,The Effects of Neoadjuvant Tislelizumab Combined With Chemotherapy in Locally Advanced MSS Rectal Cancer,Recruiting,Phase 2,['Rectal Cancer' 'Rectal Cancer Stage II' 'Rectal Cancer Stage III'],['Tislelizumab combined with chemotherapy'],['China'],First Affiliated Hospital of Guangxi Medical University,First Affiliated Hospital of Guangxi Medical University,Global / Multi-Region,2.0,1.0,0.6,0.3
NCT06254560,Rituximab for Serious Aplastic Anemia With Platelet Transfusion Refractoriness,Recruiting,Phase 2,['Severe Aplastic Anemia' 'Platelet Transfusion Refractoriness'],['Rituximab'],['China'],"Institute of Hematology & Blood Diseases Hospital, China","Institute of Hematology & Blood Diseases Hospital, China",Global / Multi-Region,2.0,1.0,0.6,0.3
NCT06254612,A Study of the Efficacy and Safety of SP-624 in the Treatment of Adults With Major Depressive Disorder,Recruiting,Phase 2,['Major Depressive Disorder'],['SP-624' 'Placebo'],['United States'],"Sirtsei Pharmaceuticals, Inc.","Sirtsei Pharmaceuticals, Inc.",Global / Multi-Region,2.0,1.0,0.6,0.3
NCT06254690,The Dosing Regimen of Pyrotinib in HER2-positive Advanced First-line Breast Cancer: a Phase II Clinical Study,Recruiting,Phase 2,['Breast Cancer'],['Pyrotinib dose escalation' 'Pyrotinib dose normal'],['China'],The First Affiliated Hospital with Nanjing Medical University,The First Affiliated Hospital with Nanjing Medical University,Global / Multi-Region,2.0,1.0,0.6,0.3
NCT06254911,"Pre-operative Atezolizumab in Patients With Resectable, Human Papillomavirus Related Oropharyngeal Carcinoma",Recruiting,Phase 2,"['Oropharynx Cancer, Stage I']","['Atezolizumab'
 'Transoral Surgery with cervical lymphadenctomy (neck dissection)'
 'Computed Tomography' 'Magnetic Resonance Imaging']",['United States'],Emory University,Emory University,Global / Multi-Region,2.0,1.0,0.6,0.3
NCT06256432,Endothelin Receptor Antagonism With Ambrisentan to Treat Hepatorenal Syndrome,Recruiting,Phase 2,"['Hepatorenal Syndrome' 'Liver Cirrhosis' 'Acute Kidney Injury'
 'Ascites Hepatic']",['Ambrisentan' 'Terlipressin'],['India'],Noorik Biopharmaceuticals AG,Noorik Biopharmaceuticals AG,Global / Multi-Region,2.0,1.0,0.6,0.3
NCT06254950,A Study on the Safety of TAK-279 and Whether it Can Reduce Inflammation in the Bowel of Participants With Moderately to Severely Active Ulcerative Colitis,Recruiting,Phase 2,['Ulcerative Colitis'],['TAK-279' 'Placebo'],"['Australia' 'Belgium' 'Bulgaria' 'Canada' 'China' 'Czechia' 'Denmark'
 'France' 'Germany' 'Greece' 'Hungary' 'Israel' 'Italy' 'Japan' 'Norway'
 'Poland' 'Romania' 'Slovakia' 'South Korea' 'Taiwan' 'United Kingdom'
 'United States']",Takeda,Takeda,Global / Multi-Region,2.0,1.0,0.6,0.3
NCT06255210,Efficacy and Safety of Induction Chemotherapy for Olfactory Neuroblastoma (ESICON),Recruiting,Phase 2,['Olfactory Neuroblastoma'],['Gemcitabine+Cisplatin(GP); Cyclophosphamide+Etoposide+Cisplatin(CEP)'],['China'],Hongmeng Yu,Hongmeng Yu,Global / Multi-Region,2.0,1.0,0.6,0.3
NCT06255223,A Study of Multimodal Radiotherapy for Renal Cell Carcinoma Progressed After Prior Immunotherapy,Recruiting,Phase 2,['Renal Cell Carcinoma' 'Radiotherapy' 'Immune Checkpoint Inhibitor'],"['High-dose Radiotherapy (HDRT)' 'Low-dose Radiotherapy (LDRT)'
 'Anti-PD-1 monoclonal antibody']",['China'],"Jinling Hospital, China","Jinling Hospital, China",Global / Multi-Region,2.0,1.0,0.6,0.3
NCT06255847,Clinical Study of Reduced-dose Pomalidomide and Cyclophosphamide Combined With Dexamethasone in the Treatment of Patients With Debilitating RRMM,Recruiting,Phase 2,['Multiple Myeloma in Relapse'],"['Pomalidomide, cyclophosphamide combined with dexametha']",['China'],Shanxi Bethune Hospital,Shanxi Bethune Hospital,Global / Multi-Region,2.0,1.0,0.6,0.3
NCT06255977,A Study Evaluating the Safety and Efficacy of Neuroprotective Peptide CN-105 Peptide in Patients With Acute Supratentorial Intracerebral Hemorrhage,Recruiting,Phase 2,['Intracerebral Hemorrhage'],['CN-105'],['China'],Beijing Tiantan Hospital,Beijing Tiantan Hospital,Global / Multi-Region,2.0,1.0,0.6,0.3
NCT06256237,Neoadjuvant Therapy With Toripalimab and JS004 Combined With Etoposide and Platinum Chemotherapy for Limited-stage Small Cell Lung Cancer : A Phase 2 Trial,Recruiting,Phase 2,['Limited Stage Small Cell Lung Cancer'],['JS004' 'Toripalimab' 'surgery' 'Etoposide' 'Platinum'],['China'],"Shanghai Pulmonary Hospital, Shanghai, China","Shanghai Pulmonary Hospital, Shanghai, China",Global / Multi-Region,2.0,1.0,0.6,0.3
NCT06256328,A Study to Investigate the Efficacy and Safety of ONO-4578 in Combination With Nivolumab and Chemotherapy in Chemotherapy-naïve Participants With HER2-negative Unresectable Advanced or Recurrent Gastric Cancer (Including Esophagogastric Junction Cancer),"Active, not recruiting",Phase 2,['Gastric Cancer'],['ONO-4578' 'Oxaliplatin' 'Capecitabine' 'S-1' 'Nivolumab' 'Placebo'],['Japan' 'South Korea' 'Taiwan'],Ono Pharmaceutical Co. Ltd,Ono Pharmaceutical Co. Ltd,Global / Multi-Region,2.0,1.0,0.6,0.3
NCT06262321,Thoracic Radiotherapy for Patients With Metastatic (Stage IV) Non-Small Cell Lung Cancer at High Risk of Symptomatic Progression Within the Thorax,Recruiting,Phase 2,['Stage 4 NSCLC' 'Radiotherapy'],['Prophylactic Palliative Radiotherapy'],['United States'],University of Rochester,University of Rochester,Global / Multi-Region,2.0,1.0,0.6,0.3
NCT06262438,CHIP-AML22/Quizartinib: Quizartinib + Chemotherapy in Newly Diagnosed Pediatric FLT3-ITD+ and NPM1wt AML Patients,Recruiting,Phase 2,['Acute Myeloid Leukemia in Children'],"['Quizartinib' 'Etoposide' 'Dexrazoxane' 'Mitoxantrone' 'Cytarabine'
 'Methotrexate' 'Daunorubicin' 'Fludarabine' 'allo-SCT']",['Netherlands'],Princess Maxima Center for Pediatric Oncology,Princess Maxima Center for Pediatric Oncology,Global / Multi-Region,2.0,1.0,0.6,0.3
NCT06262581,Neoadjuvant Tisleizumab(BGB-A317) for dMMR/MSI-H Non-late Stage CRC Patients Before Surgery,Recruiting,Phase 2,['DMMR Colorectal Cancer' 'Anti PD-1' 'Immunotherapy'],['Tisleizumab(BGB-A317)'],['China'],Sun Yat-sen University,Sun Yat-sen University,Global / Multi-Region,2.0,1.0,0.6,0.3
NCT06272812,"A Study to Evaluate the Efficacy, Safety and Immunogenicity of MTBVAC in IGRA Positive Adolescents and Adults Living in a TB Endemic Region.",Recruiting,Phase 2,['Tuberculosis (TB)'],['MTBVAC' 'Placebo'],['South Africa'],International AIDS Vaccine Initiative,International AIDS Vaccine Initiative,Global / Multi-Region,2.0,1.0,0.6,0.3
NCT06270199,Use of Mesenchymal Stem Cells in Pre-term Patients With Bronchopulmonary Dysplasia.,Recruiting,Phase 2,['Bronchopulmonary Dysplasia'],"['Control'
 'Allogenic fetal mesenchymal stem cells from umbilical cord - three infusions'
 'Allogenic fetal mesenchymal stem cells from umbilical cord - six infusions']",['Spain'],Fundacion para la Investigacion Biomedica del Hospital Universitario Ramon y Cajal,Fundacion para la Investigacion Biomedica del Hospital Universitario Ramon y Cajal,Global / Multi-Region,2.0,1.0,0.6,0.3
NCT06270225,A Study of SSGJ-613 in Gout Subjects Initiating Urate-Lowering Treatment.,"Active, not recruiting",Phase 2,['Gout Arthritis'],"['Recombinant Anti-IL-1β Humanized Monoclonal Antibody Injection 100 mg'
 'Recombinant Anti-IL-1β Humanized Monoclonal Antibody Injection 200 mg'
 'Colchicine 0.5 mg']",['China'],"Sunshine Guojian Pharmaceutical (Shanghai) Co., Ltd.","Sunshine Guojian Pharmaceutical (Shanghai) Co., Ltd.",Global / Multi-Region,2.0,1.0,0.6,0.3
NCT06271057,Golcadomide Post-CAR T-cell in R/R Aggressive Large B-cell Lymphoma Patients With High Risk of Relapse,Recruiting,Phase 2,"['Diffuse Large B-cell Lymphoma Refractory'
 'Refractory Primary Mediastinal Large B-Cell Lymphoma'
 'Refractory Transformed B-cell Non-Hodgkin Lymphoma'
 'Refractory High Grade B-Cell Lymphoma']",['golcadomide'],['France'],The Lymphoma Academic Research Organisation,The Lymphoma Academic Research Organisation,Global / Multi-Region,2.0,1.0,0.6,0.3
NCT06271616,Ibrutinib for the Prevention of Chronic Graft-Versus-Host Disease in Patients Undergoing Donor Stem Cell Transplant,Recruiting,Phase 2,"['Chronic Graft Versus Host Disease'
 'Hematopoietic and Lymphatic System Neoplasm']",['Echocardiography Test' 'Ibrutinib'],['United States'],Mayo Clinic,Mayo Clinic,Global / Multi-Region,2.0,1.0,0.6,0.3
NCT06271837,A Study of T-DXd as Monotherapy or in Combination With Anti-cancer Agents in Patients With Selected HER2-expressing Tumors,Recruiting,Phase 2,['Advanced Solid Tumors (Excluding Gastric Cancer and Breast Cancer)'],['Trastuzumab deruxtecan' 'Bevacizumab'],['China'],AstraZeneca,AstraZeneca,Global / Multi-Region,2.0,1.0,0.6,0.3
NCT06272214,Adjuvant Radiotherapy for Esophageal Squamous Cell Carcinoma in the Era of Immunotherapy,Recruiting,Phase 2,['Adjuvant Radiotherapy'],['Adjuvant radiotherapy' 'Observation'],['China'],Zhejiang Cancer Hospital,Zhejiang Cancer Hospital,Global / Multi-Region,2.0,1.0,0.6,0.3
NCT06272487,Zilebesiran as Add-on Therapy in Patients With High Cardiovascular Risk and Hypertension Not Adequately Controlled by Standard of Care Antihypertensive Medications (KARDIA-3),"Active, not recruiting",Phase 2,['High Cardiovascular Risk' 'Hypertension'],['Zilebesiran' 'Placebo'],"['Australia' 'Canada' 'Puerto Rico' 'Switzerland' 'United Kingdom'
 'United States']",Alnylam Pharmaceuticals,Alnylam Pharmaceuticals,Global / Multi-Region,2.0,1.0,0.6,0.3
NCT06273072,Metformin IN Asthma for Overweight and Obese Individuals (MINA),Recruiting,Phase 2,['Asthma' 'Asthma Chronic' 'Overweight and Obesity'],"['Metformin hydrochloride extended-release tablets'
 'Visually identical placebo Metformin hydrochloride extended-release tablets']",['United States'],Johns Hopkins University,Johns Hopkins University,Global / Multi-Region,2.0,1.0,0.6,0.3
NCT06269211,Neoadjuvant Toripalimab for Clinically Stage II-IIIB Resectable Non-small Cell Lung Cancer with EGFR Mutation and PD-L1 Positive Expression,Recruiting,Phase 2,"['Carcinoma, Non-Small-Cell Lung']",['Toripalimab'],['China'],Ruijin Hospital,Ruijin Hospital,Global / Multi-Region,2.0,1.0,0.6,0.3
NCT06273462,Palmitoylethanolamide for Chronic Inflammatory Pain Conditions,Recruiting,Phase 2,['Chronic Pain'],['Palmitoylethanolamide 600mg twice a day' 'placebo'],['United States'],Navy Medical Center San Diego,Navy Medical Center San Diego,Global / Multi-Region,2.0,1.0,0.6,0.3
NCT06274528,DORA and LP in Alzheimer's Disease Biomarkers,Recruiting,Phase 2,['Alzheimer Disease'],['Lemborexant 10 mg' 'Lemborexant 20mg' 'Placebo'],['United States'],Washington University School of Medicine,Washington University School of Medicine,Global / Multi-Region,2.0,1.0,0.6,0.3
NCT06275360,Repositioning Immunotherapy in VetArans With Lung Cancer,Recruiting,Phase 2,['Non-Small Cell Lung Cancer'],['Nivolumab'],['United States'],VA Office of Research and Development,VA Office of Research and Development,Global / Multi-Region,2.0,1.0,0.6,0.3
NCT06275620,A Study Comparing Two Doses of AGTC-501 in Male Participants With X-linked Retinitis Pigmentosa Caused by RPGR Mutations (DAWN),Enrolling by invitation,Phase 2,['X-Linked Retinitis Pigmentosa'],"['AGTC-501 (high dose and standard corticosteroid regimen)'
 'AGTC-501 (low dose and standard corticosteroid regimen)'
 'AGTC-501 (high dose and modified corticosteroid regimen)']",['United States'],Beacon Therapeutics,Beacon Therapeutics,Global / Multi-Region,2.0,1.0,0.6,0.3
NCT06275919,Regorafenib for Recurrent Grade 2 and 3 Meningioma (MIRAGE Trial),Recruiting,Phase 2,"['Meningioma, Malignant']",['Regorafenib 40 MG Oral Tablet' 'Local Standard of Care'],['Italy'],Istituto Oncologico Veneto IRCCS,Istituto Oncologico Veneto IRCCS,Global / Multi-Region,2.0,1.0,0.6,0.3
NCT06275945,Feasibility Study of A VoRo UrologIc ScaffolD (ARID),"Active, not recruiting",Phase 2,['Stress Urinary Incontinence' 'Radical Prostatectomy'],['Voro Urologic Scaffold'],['Panama'],"Levee Medical, Inc.","Levee Medical, Inc.",Global / Multi-Region,2.0,1.0,0.6,0.3
NCT06276283,DZD9008 In Combination With Bevacizumab in Locally Advanced or Metastatic NSCLC Patients With EGFR Mutation (WU-KONG29),Recruiting,Phase 2,['Non-small Cell Lung Cancer'],['DZD9008 plus Bevacizumab'],['China'],Dizal Pharmaceuticals,Dizal Pharmaceuticals,Global / Multi-Region,2.0,1.0,0.6,0.3
NCT06270147,Timing of TAP Blocks in Bariatric Surgery,Recruiting,Phase 2,"['Opioid Use' 'Pain, Postoperative']",['Bupivacaine-epinephrine'],['Canada'],McMaster University,McMaster University,Global / Multi-Region,2.0,1.0,0.6,0.3
NCT06269146,Pramipexole to Enhance Social Connections,Recruiting,Phase 2,['Anxiety Disorders' 'Anxiety' 'Depression' 'Social Disconnection'],['Pramipexole Pill' 'Placebo Pill'],['United States'],"University of California, San Diego","University of California, San Diego",Global / Multi-Region,2.0,1.0,0.6,0.3
NCT06263153,Futibatinib in Combination With Durvalumab Prior to Cystectomy for the Treatment of Muscle-Invasive Bladder Cancer Patients Who Are Ineligible for Cisplatin-based Therapy,Recruiting,Phase 2,"['Bladder Urothelial Carcinoma' 'Muscle Invasive Bladder Carcinoma'
 'Stage II Bladder Cancer AJCC v8' 'Stage IIIA Bladder Cancer AJCC v8']","['Biospecimen Collection' 'Computed Tomography' 'Durvalumab' 'Futibatinib'
 'Magnetic Resonance Imaging' 'Radical Cystectomy']",['United States'],Yuanquan Yang,Yuanquan Yang,Global / Multi-Region,2.0,1.0,0.6,0.3
NCT06265584,Trial of 2 Step ATG for Prevention of Acute GVHD Post Allogeneic Stem Cell Transplant,Recruiting,Phase 2,"['Acute Leukemia' 'Myelodysplastic Syndrome'
 'Myeloproliferative Disorders']",['ATG dosing platform when combined with standard tacrolimus and mini methotrexate'],['United States'],University of Alabama at Birmingham,University of Alabama at Birmingham,Global / Multi-Region,2.0,1.0,0.6,0.3
NCT06263491,"Phase II Study of Pirtobrutinib, Rituximab (PR) in Previously Untreated Low and Intermediate Risk MCL (Mantle Cell Lymphoma) Patients",Recruiting,Phase 2,['Mantle Cell Lymphoma'],['Rituximab' 'Pirtobrutinib'],['United States'],M.D. Anderson Cancer Center,M.D. Anderson Cancer Center,Global / Multi-Region,2.0,1.0,0.6,0.3
NCT06263543,Sequencing Antibody Drug Conjugates in ER+/HER2 LOW MBC,Recruiting,Phase 2,"['Breast Cancer' 'Metastatic Breast Cancer' 'Advanced Breast Cancer'
 'Hormone-receptor-positive Breast Cancer'
 'Human Epidermal Growth Factor 2 Low Breast Cancer']",['Sacituzumab govitecan'],['United States'],"Reshma L. Mahtani, D.O.","Reshma L. Mahtani, D.O.",Global / Multi-Region,2.0,1.0,0.6,0.3
NCT06263660,Evaluation of a Keto-Like Supplement on Brain Responses to Emotional Stimuli in Depression,Recruiting,Phase 2,['Depression'],['Keto-like supplement' 'Placebo'],['United States'],"Laureate Institute for Brain Research, Inc.","Laureate Institute for Brain Research, Inc.",Global / Multi-Region,2.0,1.0,0.6,0.3
NCT06263959,"A Randomized, Double-blind, Placebo-controlled Phase IIa Clinical Study to Evaluate the Safety and Efficacy of GST-HG131 Tablets in Patients With Chronic Hepatitis B",Recruiting,Phase 2,['Chronic Hepatitis B'],['GST-HG131' 'Placebo to match GST-HG131'],['China'],"Fujian Akeylink Biotechnology Co., Ltd.","Fujian Akeylink Biotechnology Co., Ltd.",Global / Multi-Region,2.0,1.0,0.6,0.3
NCT06264141,Evaluation of Nitric Oxide Nasal Spray (NONS) for Treatment of Recurrent Acute Rhinosinusitis,"Active, not recruiting",Phase 2,['Recurrent Acute Rhinosinusitis'],['Nitric Oxide Releasing Solution' 'Nasal spray with isotonic saline'],['Canada'],Sanotize Research and Development corp.,Sanotize Research and Development corp.,Global / Multi-Region,2.0,1.0,0.6,0.3
NCT06264388,DB107-Retroviral Replicating Vector (RRV) Combined With DB107-Flucytosine (FC) in Patients With Recurrent Glioblastoma or Anaplastic Astrocytoma,Recruiting,Phase 2,['High Grade Glioma' 'Anaplastic Astrocytoma'],['DB107-RRV' 'DB107-FC'],['United States'],Ashish Shah,Ashish Shah,Global / Multi-Region,2.0,1.0,0.6,0.3
NCT06265285,Comparison of In-Home Versus In-Clinic Administration of Subcutaneous Nivolumab Through Cancer CARE (Connected Access and Remote Expertise) Beyond Walls (CCBW) Program,Recruiting,Phase 2,"['Advanced Esophageal Squamous Cell Carcinoma'
 'Advanced Renal Cell Carcinoma'
 'Clinical Stage II Esophageal Squamous Cell Carcinoma AJCC v8'
 'Clinical Stage IIB Cutaneous Melanoma AJCC v8'
 'Clinical Stage IIC Cutaneous Melanoma AJCC v8'
 'Clinical Stage III Cutaneous Melanoma AJCC v8'
 'Clinical Stage III Esophageal Squamous Cell Carcinoma AJCC v8'
 'Clinical Stage IV Cutaneous Melanoma AJCC v8'
 'Clinical Stage IV Esophageal Squamous Cell Carcinoma AJCC v8'
 'Esophageal Carcinoma' 'Gastroesophageal Junction Adenocarcinoma'
 'Hepatocellular Carcinoma' 'Locally Advanced Urothelial Carcinoma'
 'Lung Non-Small Cell Carcinoma' 'Malignant Solid Neoplasm'
 'Metastatic Colorectal Carcinoma' 'Metastatic Cutaneous Melanoma'
 'Metastatic Esophageal Squamous Cell Carcinoma'
 'Metastatic Head and Neck Squamous Cell Carcinoma'
 'Metastatic Urothelial Carcinoma'
 'Recurrent Esophageal Squamous Cell Carcinoma'
 'Recurrent Head and Neck Squamous Cell Carcinoma' 'Renal Cell Carcinoma'
 'Stage III Renal Cell Cancer AJCC v8'
 'Stage IV Colorectal Cancer AJCC v8'
 'Stage IV Cutaneous Squamous Cell Carcinoma of the Head and Neck AJCC v8'
 'Stage IV Renal Cell Cancer AJCC v8' 'Unresectable Cutaneous Melanoma'
 'Unresectable Esophageal Squamous Cell Carcinoma' 'Urothelial Carcinoma'
 'Unresectable Urothelial Carcinoma']","['Home Health Encounter' 'Nivolumab' 'Patient Monitoring'
 'Questionnaire Administration']",['United States'],Mayo Clinic,Mayo Clinic,Global / Multi-Region,2.0,1.0,0.6,0.3
NCT06266338,Study of Pembrolizumab and Lenvatinib in Metastatic and Recurrent Cervix Cancer (LenPem Cervix),Recruiting,Phase 2,['Cervix Cancer' 'Cervical Cancer'],['Pembrolizumab' 'Lenvatinib'],['United States'],University of Texas Southwestern Medical Center,University of Texas Southwestern Medical Center,Global / Multi-Region,2.0,1.0,0.6,0.3
NCT06268886,"Study to Evaluate the Efficacy, Safety, and Tolerability of an Anti-MTBR Tau Monoclonal Antibody (BMS-986446) in Participants With Early Alzheimer's Disease","Active, not recruiting",Phase 2,"['Alzheimer Disease, Early Onset']",['BMS-986446' 'Placebo'],"['Australia' 'Belgium' 'Canada' 'Japan' 'Singapore' 'South Korea' 'Spain'
 'Sweden' 'United Kingdom' 'United States']",Bristol-Myers Squibb,Bristol-Myers Squibb,Global / Multi-Region,2.0,1.0,0.6,0.3
NCT06266611,Cannabis for Palliative Care in Cancer,Recruiting,Phase 2,['Sleep' 'Anxiety' 'Depression' 'Pain'],['fsCBD Cannabidiol' 'Placebo' 'bsCBD Cannabidiol'],['United States'],"University of Colorado, Boulder","University of Colorado, Boulder",Global / Multi-Region,2.0,1.0,0.6,0.3
NCT06266832,The Efficacy and Safety of Short-course Radiation Combined With Adebrelimab and CAPEOX Neo-adjuvant Therapy for Organ-retention in Patients With MSS/pMMR Ultra Low Rectal Adenocarcinoma,Recruiting,Phase 2,['Rectal Adenocarcinoma'],"['Adebrelimab' 'Oxaliplatin' 'Capecitabine' 'Short-course Radiation'
 'Biopsy']",['China'],Sir Run Run Shaw Hospital,Sir Run Run Shaw Hospital,Global / Multi-Region,2.0,1.0,0.6,0.3
NCT06268015,Botensilimab and Balstilimab Optimization in Colorectal Cancer,Recruiting,Phase 2,['Colorectal Cancer'],"['Botensilimab' 'Balstilimab' 'Oxaliplatin' 'Leucovorin' 'Fluorouracil'
 'Bevacizumab' 'Panitumumab']",['United States'],"Nicholas DeVito, MD","Nicholas DeVito, MD",Global / Multi-Region,2.0,1.0,0.6,0.3
NCT06268093,The Therapeutic Effect of Thalidomide in Syringomyelia,Recruiting,Phase 2,['Syringomyelia' 'Thalidomide'],['Thalidomide'],['China'],"Xuanwu Hospital, Beijing","Xuanwu Hospital, Beijing",Global / Multi-Region,2.0,1.0,0.6,0.3
NCT06268470,Antiplatelet Therapy in Chronic Urticaria,"Active, not recruiting",Phase 2,['Chronic Urticaria'],['Desloratadine plus cilostazol and dipyridamole' 'Desloratadine'],['Thailand'],Chulalongkorn University,Chulalongkorn University,Global / Multi-Region,2.0,1.0,0.6,0.3
NCT06268574,Safety and Efficacy of RVU120 for Treatment of Relapsed/Refractory AML,"Active, not recruiting",Phase 2,['Acute Myeloid Leukemia (AML)' 'High-risk Myelodysplastic Syndrome'],['RVU120'],['France' 'Italy' 'Poland' 'Spain'],Ryvu Therapeutics SA,Ryvu Therapeutics SA,Global / Multi-Region,2.0,1.0,0.6,0.3
NCT06268665,Tart Cherry Juice as a Dietary Supplement for the Prevention of Paclitaxel-Induced Neuropathy,Recruiting,Phase 2,"['Breast Cancer' 'Breast Cancer Stage I' 'Breast Cancer Stage II'
 'Breast Cancer Stage III' 'Breast Cancer Stage IV'
 'Invasive Breast Cancer' 'Ovarian Cancer' 'Ovarian Cancer Stage 1'
 'Ovarian Cancer Stage II' 'Ovarian Cancer Stage III'
 'Ovarian Cancer Stage IV' 'Ovarian Cancer Stage IA'
 'Ovarian Cancer Stage IB' 'Ovarian Cancer Stage IC'
 'Ovarian Cancer Stage 2' 'Ovarian Cancer Stage 3'
 'Ovarian Cancer Stage IIIb' 'Ovarian Cancer Stage IIIC'
 'Breast Cancer Stage IIIA' 'Breast Cancer Invasive'
 'Breast Cancer, Stage IA' 'Breast Cancer, Stage IB'
 'Breast Cancer Stage IIA' 'Breast Cancer Stage IIB'
 'Breast Cancer Stage IIIB' 'Breast Cancer Stage IIIc' 'Cancer, Breast'
 'Tumors, Breast' 'Mammary Cancer' 'Mammary Carcinoma' 'Breast Carcinoma'
 'Breast Neoplasm' 'Malignant Breast Neoplasm' 'Malignant Tumor of Breast'
 'Cancer of Ovary' 'Ovary Cancer' 'Ovary Neoplasm']",['Tart Cherry Juice'],['United States'],Eve Rodler,Eve Rodler,Global / Multi-Region,2.0,1.0,0.6,0.3
NCT06254261,A Study of RAY1225 in Participants With Obesity,Recruiting,Phase 2,['Obesity'],['RAY1225' 'Placebo'],['China'],"Guangdong Raynovent Biotech Co., Ltd","Guangdong Raynovent Biotech Co., Ltd",Global / Multi-Region,2.0,1.0,0.6,0.3
NCT06253923,Study to Assess the Safety of Amantadine Hydrochloride (HCl) Intravenous (IV) Solution (MR-301) in Patients With Severe Traumatic Brain Injury (TBI).,"Active, not recruiting",Phase 2,['Traumatic Brain Injury'],['Amantadine Hydrochloride' 'Placebo'],['United States'],"SHINKEI Therapeutics, Inc","SHINKEI Therapeutics, Inc",Global / Multi-Region,2.0,1.0,0.6,0.3
NCT06253663,Study of KTE-X19 in Adult Japanese Participants With Relapsed/Refractory Mantle Cell Lymphoma or Relapsed/Refractory B-precursor Acute Lymphoblastic Leukemia,"Active, not recruiting",Phase 2,"['Relapsed/Refractory Mantle Cell Lymphoma'
 'Relapsed/Refractory B-precursor Acute Lymphoblastic Leukemia']",['KTE-X19' 'Cyclophosphamide' 'Fludarabine'],['Japan'],"Kite, A Gilead Company","Kite, A Gilead Company",Global / Multi-Region,2.0,1.0,0.6,0.3
NCT06241807,Neoadjuvant Camrelizumab Combined With Chemotherapy for Resectable Stage IIIA-IIIB NSCLC,Recruiting,Phase 2,"['IMMUNOTHERAPY' 'Neoadjuvant Therapy'
 'Resectable Lung Non-Small Cell Carcinoma' 'Biomarkers / Blood']",['Camrelizumab Plus Chemotherapy'],['China'],Shandong Cancer Hospital and Institute,Shandong Cancer Hospital and Institute,Global / Multi-Region,2.0,1.0,0.6,0.3
NCT06240689,A Prospective Randomized Controlled Study of Immune Checkpoint Maintenance Therapy After Radiotherapy and Chemotherapy for Locally Advanced Head and Neck Tumors Based on Peripheral Blood CD8Tex Detection in Peripheral Blood,Recruiting,Phase 2,['Locally Advanced Head and Neck Squamous Cell Carcinoma'],['Sintilimab' 'Placebo'],['China'],"Second Affiliated Hospital, School of Medicine, Zhejiang University","Second Affiliated Hospital, School of Medicine, Zhejiang University",Global / Multi-Region,2.0,1.0,0.6,0.3
NCT06240754,Enasidenib for Patients With Clonal Cytopenia of Undetermined Significance and Mutations in IDH2A Decentralized Trial,Recruiting,Phase 2,"['Clonal Cytopenia of Undetermined Significance'
 'CCUS Clonal Cytopenia of Undetermined Significance']",['Enasidenib'],['United States'],Washington University School of Medicine,Washington University School of Medicine,Global / Multi-Region,2.0,1.0,0.6,0.3
NCT06241105,Lenvatinib Plus Toripalimab for Platinum-Resistant Recurrent Ovarian Cancer,Recruiting,Phase 2,['Recurrent Ovarian Carcinoma'],['Lenvatinib+Toripalimab.'],['China'],Peking Union Medical College Hospital,Peking Union Medical College Hospital,Global / Multi-Region,2.0,1.0,0.6,0.3
NCT06241196,Vestibular Socket Therapy Using Acellular Dermal Matrix Versus Connective Tissue Graft,"Active, not recruiting",Phase 2,['Immediate Implant'],"['implant' 'Vestibular Socket Therapy' 'Alloderm'
 'Xenogenic bone membrane shield' 'Connective tissue graft']",['Egypt'],Tanta University,Tanta University,Global / Multi-Region,2.0,1.0,0.6,0.3
NCT06241261,Arresting Early Childhood Caries With a Silver Diamine Fluoride Gel,Recruiting,Phase 2,['Early Childhood Caries'],['Silver diamine fluoride gel' 'Silver diamine fluoride solution'],['China'],The University of Hong Kong,The University of Hong Kong,Global / Multi-Region,2.0,1.0,0.6,0.3
NCT06241547,PONV Prevention Via Percutaneous Nerve Electrical Stimulation on PC6,Recruiting,Phase 2,['Postoperative Nausea and Vomiting'],"['electrical stimualtion via EmeTerm bracelet'
 'antimetic drugs（ dexamethasone，ondansetron）']",['China'],Peking Union Medical College Hospital,Peking Union Medical College Hospital,Global / Multi-Region,2.0,1.0,0.6,0.3
NCT06241781,Autologous Tumor Infiltrating Lymphocytes (GT101 Injection) in Patients with Recurrent or Metastatic Cervical Cancer,Recruiting,Phase 2,['Adult'],['GT101 injection' 'Gemcitabine injection'],['China'],Grit Biotechnology,Grit Biotechnology,Global / Multi-Region,2.0,1.0,0.6,0.3
NCT06241846,"A Phase II Study to Evaluate the Safety, Efficacy, and Pharmacokinetics of YL201 in Patients With mCRPC",Recruiting,Phase 2,['Metastatic Castration-resistant Prostate Cancer (mCRPC)'],['YL201 for Injection'],['China'],"MediLink Therapeutics (Suzhou) Co., Ltd.","MediLink Therapeutics (Suzhou) Co., Ltd.",Global / Multi-Region,2.0,1.0,0.6,0.3
NCT06239870,"Single-arm, Single-center, Exploratory Phase II Clinical Study of Envafolimab Combined With Chemoradiotherapy in the Treatment of Locally Advanced pMMR/MSS Rectal Cancer",Recruiting,Phase 2,['Envafolimab Combined With Chemoradiotherapy in the Treatment of Locally Advanced pMMR/MSS Rectal Cancer'],['Envafolimab combined with chemoradiotherapy in the whole course of neoadjuvant therapy'],['China'],Yunnan Cancer Hospital,Yunnan Cancer Hospital,Global / Multi-Region,2.0,1.0,0.6,0.3
NCT06242067,Second-line Treatment of Metastatic Colorectal Cancer,Recruiting,Phase 2,['Metastatic Colorectal Cancer'],['Trifluridine/tipiracil'],['China'],Qilu Hospital of Shandong University,Qilu Hospital of Shandong University,Global / Multi-Region,2.0,1.0,0.6,0.3
NCT06242418,CtDNA in Adjuvant Chemotherapy of Stage III Colon Cancer (REVISE Trial),Recruiting,Phase 2,['Colon Cancer'],['FOLFOXIRI' 'XELOX'],['China'],West China Hospital,West China Hospital,Global / Multi-Region,2.0,1.0,0.6,0.3
NCT06242652,A Study to Evaluate 608 in Patients with Ankylosing Spondylitis (AS),"Active, not recruiting",Phase 2,['Ankylosing Spondylitis'],['608 Dose A' '608 Dose B' '608 Dose C' 'Adalimumab' 'Placebo'],['China'],"Sunshine Guojian Pharmaceutical (Shanghai) Co., Ltd.","Sunshine Guojian Pharmaceutical (Shanghai) Co., Ltd.",Global / Multi-Region,2.0,1.0,0.6,0.3
NCT06242834,Pembrolizumab and Tazemetostat to Overcome Immune Tolerance Following ASCT or CAR T-cell Therapy in Patients With Aggressive B-Cell Non-Hodgkin's Lymphoma,Recruiting,Phase 2,['B-Cell Non-Hodgkin Lymphoma'],"['Biospecimen Collection' 'Computed Tomography' 'Echocardiography'
 'Pembrolizumab' 'Positron Emission Tomography' 'Tazemetostat']",['United States'],Northwestern University,Northwestern University,Global / Multi-Region,2.0,1.0,0.6,0.3
NCT06243185,Dalpiciclib Combined With Letrozole in HR+/HER2 - Gynecologic Solid Tumors,Recruiting,Phase 2,['Recurrent Ovarian Carcinoma'],['Dalpiciclib plus letrozole'],['China'],Fengzhi Feng,Fengzhi Feng,Global / Multi-Region,2.0,1.0,0.6,0.3
NCT06243458,RVU120 for Treatment of Anemia in Patients With Lower-risk Myelodysplastic Neoplasms,"Active, not recruiting",Phase 2,['Low Risk Myelodysplastic Syndromes'],['RVU120 (SEL120)'],['France' 'Germany' 'Italy' 'Poland' 'Spain'],GCP-Service International West GmbH,GCP-Service International West GmbH,Global / Multi-Region,2.0,1.0,0.6,0.3
NCT06244004,"FDG-PET-Guided Metastasis Directed Radiation Therapy for the Treatment of Metastatic Hormone Sensitive Prostate Cancer, The PRTY Trial",Recruiting,Phase 2,"['Castration-Sensitive Prostate Carcinoma' 'Metastatic Prostate Carcinoma'
 'Stage IVB Prostate Cancer AJCC v8']","['Antiandrogen Therapy' 'Bone Scan' 'Computed Tomography'
 'Cytotoxic Chemotherapy' 'FDG-Positron Emission Tomography'
 'Radiation Therapy']",['United States'],Northwestern University,Northwestern University,Global / Multi-Region,2.0,1.0,0.6,0.3
NCT06240598,A Study of Second Look Laparoscopy (SLL) in People With Ovarian Cancer Who Have Completed Their First Course of Chemotherapy,Recruiting,Phase 2,['Ovarian Cancer'],['Second Look Laparoscopy'],['United States'],Memorial Sloan Kettering Cancer Center,Memorial Sloan Kettering Cancer Center,Global / Multi-Region,2.0,1.0,0.6,0.3
NCT06239532,HAIC Sequential TAE Combined With Tislelizumab and Surufatinib in Unresectable Intrahepatic Cholangiocarcinoma,"Active, not recruiting",Phase 2,['Intrahepatic Cholangiocarcinoma'],['HAIC+TAE' 'Tislelizumab' 'Surufatinib'],['China'],Qilu Hospital of Shandong University,Qilu Hospital of Shandong University,Global / Multi-Region,2.0,1.0,0.6,0.3
NCT06244225,HAIC (Hepatic Artery Infusion Chemotherapy，HAIC）Plus Sintilimab and Donafenib in the First-line Treatment of Unresectable Hepatocellular Carcinoma,Recruiting,Phase 2,['Hepatocellular Carcinoma'],['Donafenib； Sintilimab； HAIC'],['China'],"Union Hospital, Tongji Medical College, Huazhong University of Science and Technology","Union Hospital, Tongji Medical College, Huazhong University of Science and Technology",Global / Multi-Region,2.0,1.0,0.6,0.3
NCT06237153,Randomized Placebo Controlled Study of Triamcinolone Acetonide Extended Release Injection for Thumb (CMC) Osteoarthritis,Recruiting,Phase 2,['Carpometacarpal (CMC) Osteoarthritis'],['Triamcinolone Acetonide extended release suspension'],['United States'],Marie Badalamente,Marie Badalamente,Global / Multi-Region,2.0,1.0,0.6,0.3
NCT06235216,Sacituzumab govitEcan in THYroid Cancers,Recruiting,Phase 2,['Differentiated Thyroid Cancer' 'Anaplastic Thyroid Cancer'],['Sacituzumab govitecan'],['Spain'],Grupo Espanol de Tumores Neuroendocrinos,Grupo Espanol de Tumores Neuroendocrinos,Global / Multi-Region,2.0,1.0,0.6,0.3
NCT06235775,Administration of GV1001 for the Treatment of Progressive Supranuclear Palsy Who Completed Study GV1001-PSP-CL2-011,"Active, not recruiting",Phase 2,['Progressive Supranuclear Palsy'],['GV1001 Placebo' 'GV1001 1.12mg'],['South Korea'],GemVax & Kael,GemVax & Kael,Global / Multi-Region,2.0,1.0,0.6,0.3
NCT06235918,Neoadjuvant Tislelizumab Plus Chemotherapy for Resectable Locally-advanced Head and Neck Squamous Cell Carcinoma,Recruiting,Phase 2,"['Head and Neck Squamous Cell Carcinomas'
 'Resectable Head and Neck Squamous-cell Carcinoma']",['Tislelizumab' 'Nab-paclitaxel' 'Carboplatin'],['China'],Xiang Lu,Xiang Lu,Global / Multi-Region,2.0,1.0,0.6,0.3
NCT06236269,HR+/HER2- Advanced or Metastatic Breast Cancer Patients Treated With Sacituzumab Govitecan,Recruiting,Phase 2,['Breast Cancer Stage IV'],['Sacituzumab Govitecan'],['Spain'],SOLTI Breast Cancer Research Group,SOLTI Breast Cancer Research Group,Global / Multi-Region,2.0,1.0,0.6,0.3
NCT06236295,"Investigating the Safety and Efficacy of SHR6508 Injection in the Treatment of Secondary Hyperparathyroidism in Hemodialysis Patients : A Multicenter, Long-term Clinical Trial","Active, not recruiting",Phase 2,['Secondary Hyperparathyroidism (SHPT) in Subjects With Chronic Kidney Disease (CKD) on Hemodialysis'],['SHR6508'],['China'],"Shanghai Hengrui Pharmaceutical Co., Ltd.","Shanghai Hengrui Pharmaceutical Co., Ltd.",Global / Multi-Region,2.0,1.0,0.6,0.3
NCT06236724,Phase II Study Assessing Efficacy and Safety of Asciminib in Patients With Newly Diagnosed Chronic Myeloid Leukemia in Chronic Phase.,Recruiting,Phase 2,['Chronic Myeloid Leukemia'],['Asciminib'],['United States'],M.D. Anderson Cancer Center,M.D. Anderson Cancer Center,Global / Multi-Region,2.0,1.0,0.6,0.3
NCT06236880,A Phase 2a Study to Evaluate the Safety and Tolerability of GM-2505 in Patients With MDD,Recruiting,Phase 2,['Major Depressive Disorder'],['GM-2505'],['United Kingdom'],Gilgamesh Pharmaceuticals,Gilgamesh Pharmaceuticals,Global / Multi-Region,2.0,1.0,0.6,0.3
NCT06237257,A Study of Chemoradiotherapy With SHR-1316 For Treatment of Locally Advanced Cervical Cancer,"Active, not recruiting",Phase 2,['Locally Advanced Cervical Cancer'],"['SHR-1316' 'Cisplatin Injection/Carboplatin Injection'
 'External Beam Radiotherapy (EBRT)/Brachytherapy' 'Paclitaxel Injection']",['China'],"Shanghai Shengdi Pharmaceutical Co., Ltd","Shanghai Shengdi Pharmaceutical Co., Ltd",Global / Multi-Region,2.0,1.0,0.6,0.3
NCT06239220,"PD-L1 t-haNK, N-803 IL-15sa and Cetuximab for Recurrent, Metastatic HNSCC",Recruiting,Phase 2,"['Head and Neck Cancer' 'Head and Neck Squamous Cell Carcinoma'
 'Metastatic Head and Neck Cancer' 'Recurrent Head and Neck Cancer'
 'Metastatic Head-and-neck Squamous-cell Carcinoma'
 'Recurrent Head and Neck Squamous Cell Carcinoma']",['PD-L1 t-haNK' 'Cetuximab' 'N-803'],['United States'],Glenn J. Hanna,Glenn J. Hanna,Global / Multi-Region,2.0,1.0,0.6,0.3
NCT06237309,REGN5381 in Adult Participants With Heart Failure With Reduced Ejection Fraction,"Active, not recruiting",Phase 2,['Heart Failure'],['REGN5381' 'Placebo'],"['Belgium' 'Bulgaria' 'Czechia' 'Georgia' 'Greece' 'Moldova' 'Poland'
 'Romania' 'South Africa' 'South Korea' 'Spain' 'United States']",Regeneron Pharmaceuticals,Regeneron Pharmaceuticals,Global / Multi-Region,2.0,1.0,0.6,0.3
NCT06237426,An Evaluation of the Long-term Efficacy and Safety of Methylone for the Treatment of PTSD,Enrolling by invitation,Phase 2,['Post Traumatic Stress Disorder'],['Methylone'],['Ireland' 'United Kingdom' 'United States'],Transcend Therapeutics,Transcend Therapeutics,Global / Multi-Region,2.0,1.0,0.6,0.3
NCT06237920,Stage II-IIIa Urothelial Cancer Randomizing Pre-operative Nivolumab With or Without Relatlimab,Recruiting,Phase 2,"['Urologic Neoplasms' 'Urogenital Neoplasms' 'Neoplasms by Site'
 'Neoplasms' 'Female Urogenital Diseases'
 'Female Urogenital Diseases and Pregnancy Complications'
 'Urogenital Diseases' 'Urinary Bladder Diseases'
 'Male Urogenital Diseases' 'Urinary Bladder Neoplasm'
 'Antineoplastics Toxicity']",['Nivolumab' 'Relatlimab'],['Netherlands'],The Netherlands Cancer Institute,The Netherlands Cancer Institute,Global / Multi-Region,2.0,1.0,0.6,0.3
NCT06238544,Long-term Safety and Tolerability of HRS-5965 in Patients With Paroxysmal Nocturnal Hemoglobinuria,Recruiting,Phase 2,['Paroxysmal Nocturnal Hemoglobinuria'],['HRS-5965 tablets' 'HRS-5965 Capsules'],['China'],"Chengdu Suncadia Medicine Co., Ltd.","Chengdu Suncadia Medicine Co., Ltd.",Global / Multi-Region,2.0,1.0,0.6,0.3
NCT06238635,Dostarlimab and Cobolimab in Advanced Cervical Cancer,Recruiting,Phase 2,"['Cervical Cancer' 'Advanced Cervical Carcinoma'
 'Metastatic Cervical Cancer' 'Metastatic Cervical Carcinoma'
 'Recurrent Cervical Carcinoma']",['Dostarlimab' 'Cobolimab'],['United States'],Meghan Shea,Meghan Shea,Global / Multi-Region,2.0,1.0,0.6,0.3
NCT06238648,Epcoritamab Compared to Observation for Treating B-cell Lymphoma Patients Not in Complete Remission After CD19-directed CAR-T Therapy,Recruiting,Phase 2,"['Diffuse Large B-Cell Lymphoma, Not Otherwise Specified'
 'Primary Mediastinal Large B-Cell Lymphoma'
 'Transformed Indolent B-Cell Non-Hodgkin Lymphoma to Diffuse Large B-Cell Lymphoma']","['Biopsy' 'Biospecimen Collection' 'Computed Tomography' 'Epcoritamab'
 'Magnetic Resonance Imaging' 'Patient Observation'
 'Positron Emission Tomography']",['United States'],Academic and Community Cancer Research United,Academic and Community Cancer Research United,Global / Multi-Region,2.0,1.0,0.6,0.3
NCT06238778,Phase 2b Trial Comparing HDV-Insulin Lispro to Insulin Lispro in Adults With Type 1 Diabetes Receiving Insulin Degludec,"Active, not recruiting",Phase 2,"['Diabetes Mellitus, Type 1']",['HDV-Lispro' 'Lispro'],['United States'],"Diasome Pharmaceuticlas, Inc.","Diasome Pharmaceuticlas, Inc.",Global / Multi-Region,2.0,1.0,0.6,0.3
NCT06244082,Ph2 Open-label Study of AOC 1044 in Duchenne Muscular Dystrophy Participants With Mutations Amenable to Exon44 Skipping,"Active, not recruiting",Phase 2,['DMD' 'Duchenne Muscular Dystrophy' 'Duchenne' 'Exon 44'],['AOC 1044'],['United States'],"Avidity Biosciences, Inc.","Avidity Biosciences, Inc.",Global / Multi-Region,2.0,1.0,0.6,0.3
NCT06244368,GVM±R in Patients With Relapsed or Refractory Aggressive NHL.,Recruiting,Phase 2,['Peripheral T Cell Lymphoma' 'Diffuse Large B-cell Lymphoma'],['GVM±R regimen'],['China'],"Institute of Hematology & Blood Diseases Hospital, China","Institute of Hematology & Blood Diseases Hospital, China",Global / Multi-Region,2.0,1.0,0.6,0.3
NCT06253650,Adjuvant TRastuzumab Deruxtecan for HER2-positive Gastroesophageal Cancer With Persistence of miNImal Residual Disease,Recruiting,Phase 2,['Gastric Cancer' 'HER2-positive Gastric Cancer'],['Experimental' 'Control'],['Italy'],Gruppo Oncologico del Nord-Ovest,Gruppo Oncologico del Nord-Ovest,Global / Multi-Region,2.0,1.0,0.6,0.3
NCT06251947,Efbemalenograstim Alfa Injection for Ovarian or Cervical Cancer Receiving Chemotherapy Regimen,Recruiting,Phase 2,['Ovarian Cancer' 'Cervical Cancer'],['Efbemalenograstim Alfa'],['China'],Shandong University,Shandong University,Global / Multi-Region,2.0,1.0,0.6,0.3
NCT06250036,Zimberelimab Anti-PD1 +/- Domvanalimab in Resectable Mmrd Gastric Cancer,Recruiting,Phase 2,"['Locally Advanced Gastric Adenocarcinoma' 'MSI-H/dMMR Gastric Cancer'
 'MSI-H/dMMR Gastroesophageal-junction Cancer']",['Single agent zimberelimab' 'Combination zimberelimab + domvanalimab'],['United Kingdom'],Royal Marsden NHS Foundation Trust,Royal Marsden NHS Foundation Trust,Global / Multi-Region,2.0,1.0,0.6,0.3
NCT06250062,A Clinical Study of JS005 in Patients With Ankylosing Spondylitis,Recruiting,Phase 2,['Ankylosing Spondylitis'],"['Recombinant humanized IL-17A Monoclonal Antibody（JS005）'
 'Placebo（JS005）']",['China'],"Shanghai Junshi Bioscience Co., Ltd.","Shanghai Junshi Bioscience Co., Ltd.",Global / Multi-Region,2.0,1.0,0.6,0.3
NCT06250335,Impact of a Prebiotic Food-enriched Diet (PreFED) in Combination With Ipilimumab/Nivolumab Combination Immune Checkpoint Blockade (ICB) in ICB-refractory Melanoma Patients,"Active, not recruiting",Phase 2,['ICB-refractory Melanoma'],['Prebiotic Food-Enriched Diet' 'Ipilimumab' 'Nivolumab'],['United States'],M.D. Anderson Cancer Center,M.D. Anderson Cancer Center,Global / Multi-Region,2.0,1.0,0.6,0.3
NCT06250894,Neoadjuvant Sintilimab Plus Chemoradiotherapy for Locally Advanced Adenocarcinoma of Esophagogastric Junction,Recruiting,Phase 2,['PD-1' 'Neoadjuvant Chemoradiotherapy' 'Gastroesophageal Junction Cancer'],['PD-1inhibitor'],['China'],"Union Hospital, Tongji Medical College, Huazhong University of Science and Technology","Union Hospital, Tongji Medical College, Huazhong University of Science and Technology",Global / Multi-Region,2.0,1.0,0.6,0.3
NCT06250959,RDC-Blinatumomab Versus hyperCVAD for Ph-negative B-ALL.,Recruiting,Phase 2,"['ALL, Adult' 'Philadelphia-Negative ALL']",['Blinatumomab Injection [Blincyto]' 'Doxorubicin'],['China'],Chen Suning,Chen Suning,Global / Multi-Region,2.0,1.0,0.6,0.3
NCT06251388,A Study of Concurrent Chemoradiotherapy Followed by Cadonilimab（AK104） for Newly Diagnosed Local Advanced Cervical Cancer,Recruiting,Phase 2,['Cervical Cancer'],['AK104'],['China'],West China Second University Hospital,West China Second University Hospital,Global / Multi-Region,2.0,1.0,0.6,0.3
NCT06251492,Radiation and Adebrelimab in Prostate Cancer With Imaging-measurable Disease (RAPID),Recruiting,Phase 2,['Prostate Cancer Metastatic' 'Castration-resistant Prostate Cancer'],['Stereotactic body radiotherapy' 'Adebrelimab'],['China'],Fudan University,Fudan University,Global / Multi-Region,2.0,1.0,0.6,0.3
NCT06251973,"A Study of agenT-797 in Combination With Botensilimab, Balstilimab, Ramucirumab, and Paclitaxel for People With Esophageal, Gastric, or Gastro-esophageal Junction Cancer",Recruiting,Phase 2,"['Metastatic Esophageal Carcinoma'
 'Advanced Unresectable Gastric Adenocarcinoma'
 'Metastatic Gastric Cancer'
 'Metastatic Gastroesophageal Junction Adenocarcinoma'
 'Metastatic Esophageal Cancer' 'Metastatic Esophageal Adenocarcinoma'
 'Metastatic Gastric Adenocarcinoma' 'Metastatic Gastric Carcinoma'
 'Unresectable Esophageal Cancer' 'Unresectable Esophageal Adenocarcinoma'
 'Unresectable Gastric Carcinoma' 'Unresectable Gastric Adenocarcinoma'
 'Unresectable Gastroesophageal Junction Adenocarcinoma']",['AgenT-797' 'Botensilimab' 'Balstilimab' 'Ramucirumab' 'Paclitaxel'],['United States'],Memorial Sloan Kettering Cancer Center,Memorial Sloan Kettering Cancer Center,Global / Multi-Region,2.0,1.0,0.6,0.3
NCT06249854,Efficacy and Safety of Combination Therapy With Bojungikki-tang and Pembrolizumab Monotherapy in Patients With Advanced Non-small Cell Lung Cancer,Recruiting,Phase 2,['Non-small Cell Lung Cancer'],['Bojungikki-tang(BJIKT)' 'Pembrolizumab'],['South Korea'],Korea Institute of Oriental Medicine,Korea Institute of Oriental Medicine,Global / Multi-Region,2.0,1.0,0.6,0.3
NCT06252194,Comparative Study of Metformin Versus Doxycycline in Moderate to Severe Adult Acne Vulgaris Patients.,Recruiting,Phase 2,['Acne Vulgaris'],['Metformin and doxycycline'],['Bangladesh'],"Bangabandhu Sheikh Mujib Medical University, Dhaka, Bangladesh","Bangabandhu Sheikh Mujib Medical University, Dhaka, Bangladesh",Global / Multi-Region,2.0,1.0,0.6,0.3
NCT06252571,"a Chronobiological Treatment Combining Evening Melatonin and Morning Light Therapy in Idiopathic Hypersomnia: a Prospective, Double Bind, Randomized, Placebo-controlled -Trial",Recruiting,Phase 2,['Idiopathic Hypersomnia'],"['- Melatonin - Active light ttherapy'
 '- Placebo drug - Placebo light therapy']",['France'],"University Hospital, Strasbourg, France","University Hospital, Strasbourg, France",Global / Multi-Region,2.0,1.0,0.6,0.3
NCT06252675,Glofitamab With Pirtobrutinib for Relapsed or Refractory Mantle Cell Lymphoma,Recruiting,Phase 2,['Mantle Cell Lymphoma'],"['Obinutuzumab' 'Glofitamab' 'Pirtobrutinib' 'Tumor Imaging'
 'Biospecimen Collection' 'ClonoSeq Assay' 'Bone Marrow Biopsy']",['United States'],"University of California, San Francisco","University of California, San Francisco",Global / Multi-Region,2.0,1.0,0.6,0.3
NCT06252870,Study Testing Two Conditioning Regimen With a Single Prophylaxis of GVHD by Cyclophosphamide and Methotrexate Post-transplant in Patients Eligible for Matched-donor Allograft Transplantation,Recruiting,Phase 2,['Graft Versus Host Disease' 'Hematologic Malignancy'],"['Methotrexate' 'Post-Transplant Cyclophosphamide' 'Fludarabine'
 'Cycophosphamide' 'Anti-Thymoglobulin' 'total body irradiation'
 'hematopoietic stem cells' 'Graft nuclear cells'
 'Donor Lymphocytes Injection' 'Clofarabine' 'Thiotepa' 'Busulfan'
 'Fludarabine']",['France'],Nantes University Hospital,Nantes University Hospital,Global / Multi-Region,2.0,1.0,0.6,0.3
NCT06253117,Evaluation of Pirfenidone as a Novel Therapeutic Strategy Against Recurrent Acute Pancreatitis.,Recruiting,Phase 2,['Recurrent Acute Pancreatitis'],['Pirfenidone' 'Placebo'],['United States'],University of Alabama at Birmingham,University of Alabama at Birmingham,Global / Multi-Region,2.0,1.0,0.6,0.3
NCT06253611,First-line EXL01 With Nivolumab and FOLFOX for PD-L1 CPS ≥5 Metastatic Gastric Cancer,Recruiting,Phase 2,['Gastric Cancer'],['Nivolumab' 'FOLFOX regimen' 'EXL01'],['France'],GERCOR - Multidisciplinary Oncology Cooperative Group,GERCOR - Multidisciplinary Oncology Cooperative Group,Global / Multi-Region,2.0,1.0,0.6,0.3
NCT06253637,Daratumumab in VHR T-ALL Treated According to the ALL National Treatment Program,Recruiting,Phase 2,"['T-Lymphocytic Leukemia, Acute']",['Daratumumab plus chemotherapy according to the national treatment program'],['Italy'],Gruppo Italiano Malattie EMatologiche dell'Adulto,Gruppo Italiano Malattie EMatologiche dell'Adulto,Global / Multi-Region,2.0,1.0,0.6,0.3
NCT06249867,"A Study to Assess the Safety, Tolerability, and Pharmacology of Darifenacin in Patients With ALS",Recruiting,Phase 2,['Amyotrophic Lateral Sclerosis'],['Darifenacin 7.5 MG Extended Release Oral Tablet' 'Placebo'],['Canada'],Oliver Blanchard,Oliver Blanchard,Global / Multi-Region,2.0,1.0,0.6,0.3
NCT06249750,Clinical Application of Near-infrared Whole Body Heat Shock Multimodal Technique in Treatment of Castration-resistant Prostate Cancer,Recruiting,Phase 2,['Metastatic Castration-resistant Prostate Cancer (CRPC)'],['Immunotherapy' 'Targeted therapy' 'Hyperthermia'],['China'],Pengyuan Liu,Pengyuan Liu,Global / Multi-Region,2.0,1.0,0.6,0.3
NCT06244888,Control Systems Engineering for Weight Loss Maintenance,Recruiting,Phase 2,['Overweight and Obesity'],"['Intervention Targeting Stress and Emotion Regulation'
 'Intervention Targeting Motivation and Self-efficacy for Weight Management'
 'Intervention for Normalization of Eating'
 'Intervention Targeting Physical Activity and Sleep']",['United States'],The Miriam Hospital,The Miriam Hospital,Global / Multi-Region,2.0,1.0,0.6,0.3
NCT06247501,Treatment of CD19 Chimeric Antigen Receptor T Cells for Pediatric Patients With CD19-positive B-cell Acute Lymphoblastic Leukemia Who Are Indicated for Hematopoietic Stem Cell Transplantation,Recruiting,Phase 2,['Very High Risk Acute Lymphoblastic Leukemia' 'CD19 CAR-T Therapy'],['SNUH-CD19-CAR-T'],['South Korea'],Seoul National University Hospital,Seoul National University Hospital,Global / Multi-Region,2.0,1.0,0.6,0.3
NCT06244979,iMagIng pulmonaRy Aspergillosis Using Gallium-68-dEferoxamine,Recruiting,Phase 2,"['Pulmonary Aspergillosis' 'Chronic Pulmonary Aspergillosis'
 'Allergic Bronchopulmonary Aspergillosis']",['Radiopharmaceutical: gallium-68-deferoxamine ([68Ga]Ga-DFO-B)'],['Netherlands'],Radboud University Medical Center,Radboud University Medical Center,Global / Multi-Region,2.0,1.0,0.6,0.3
NCT06245213,A Study of ANAVEX3-71 in Adults With Schizophrenia,"Active, not recruiting",Phase 2,['Schizophrenia'],['ANAVEX3-71 oral capsules' 'Placebo oral capsules'],['United States'],Anavex Life Sciences Corp.,Anavex Life Sciences Corp.,Global / Multi-Region,2.0,1.0,0.6,0.3
NCT06245356,Safety of Trifluridine/Tipiracil in Patients With Dihydropyrimidine Dehydrogenase Deficiency Diagnosed With Metastatic Colorectal or Gastroesophageal Cancer,Recruiting,Phase 2,"['Metastatic Colorectal Cancer'
 'Metastatic Gastroesophageal Adenocarcinoma' 'DPD Deficiency']","['Lonsurf' 'Oxaliplatin' 'Panitumumab' 'Bevacizumab' 'Trastuzumab'
 'Nivolumab']",['France'],UNICANCER,UNICANCER,Global / Multi-Region,2.0,1.0,0.6,0.3
NCT06245889,PET Dynamics to Response-Adapted Neoadjuvant Therapy in TNBC,Recruiting,Phase 2,['Triple Negative Breast Cancer'],"['Paclitaxel' 'Carboplatin' 'Pembrolizumab' 'Doxorubicin'
 'Cyclophosphamide' 'Olaparib' 'Capecitabine']",['United States'],Sidney Kimmel Comprehensive Cancer Center at Johns Hopkins,Sidney Kimmel Comprehensive Cancer Center at Johns Hopkins,Global / Multi-Region,2.0,1.0,0.6,0.3
NCT06246110,A Phase 2 Study of EIK1001 in Combo With Pembrolizumab and Chemotherapy in Patients With Stage 4 NSCLC,Recruiting,Phase 2,['NSCLC'],['EIK1001' 'Pembrolizumab' 'Paclitaxel' 'Pemetrexed' 'Carboplatin'],['United States'],Eikon Therapeutics,Eikon Therapeutics,Global / Multi-Region,2.0,1.0,0.6,0.3
NCT06246357,Evaluating the Functional Status of the Adrenal Glands With [68Ga]Ga-PentixaFor in Hyperaldosteronism and Hypercortisolism,Recruiting,Phase 2,['Hyperaldosteronism' 'Hypercortisolism' 'Cushing s Syndrome'],['[68Ga]Ga-PentixaFor'],['United States'],National Cancer Institute (NCI),National Cancer Institute (NCI),Global / Multi-Region,2.0,1.0,0.6,0.3
NCT06246643,A Study of Continued Treatment With Regorafenib in Participants With Solid Tumors Who Have Participated in Other Bayer Studies,"Active, not recruiting",Phase 2,['Solid Malignant Tumors'],"['Regorafenib (Stivarga, BAY73-4506)']",['France' 'Japan' 'South Korea' 'Spain' 'Taiwan'],Bayer,Bayer,Global / Multi-Region,2.0,1.0,0.6,0.3
NCT06247735,Study to Evaluate the Efficacy and Safety of K-808 (Pemafibrate) in Participants With Primary Biliary Cholangitis (PBC) With Inadequate Response to Ursodeoxycholic Acid (UDCA) and/or Obeticholic Acid (OCA) Treatment.,"Active, not recruiting",Phase 2,['Primary Biliary Cholangitis'],['K-808 (Dose A)' 'K-808 (Dose B)' 'Placebo'],['Canada' 'Japan' 'United States'],"Kowa Research Institute, Inc.","Kowa Research Institute, Inc.",Global / Multi-Region,2.0,1.0,0.6,0.3
NCT06249321,mFOLFIRINOX Plus Radiotherapy to Patients With CA19-9-normal Advanced Pancreatic Cancer Refractory to Chemotherapy,Recruiting,Phase 2,['Pancreatic Cancer' 'Radiotherapy'],['mFOLFIRINOX plus IMRT'],['China'],Fudan University,Fudan University,Global / Multi-Region,2.0,1.0,0.6,0.3
NCT06247813,Pilot Study: Impact of Biomarker-Guided Dietary Supplementation on Quality-of-Life Measures in Subjects With Chronic Pain,Recruiting,Phase 2,['Chronic Pain'],"['Inflammation Support Formula' 'Nerve Health Formula'
 'Redox Support Formula']",['United States'],Ethos Research & Development,Ethos Research & Development,Global / Multi-Region,2.0,1.0,0.6,0.3
NCT06247917,Evaluate the Efficacy and Safety of Allogeneic Haematopoietic Stem Cell Transplantation With FBM Conditioning for MDS,Recruiting,Phase 2,"['Myelodysplastic Syndrome With Excess Blasts-1'
 'Myelodysplastic Syndrome With Excess Blasts-2'
 'Myelodysplastic Syndromes']","['Fludarabine, Busulfan and Melphalan']",['China'],Ruijin Hospital,Ruijin Hospital,Global / Multi-Region,2.0,1.0,0.6,0.3
NCT06247956,Study of SHR-8068 Combined With Adebrelimab and Platinum-containing Chemotherapy in the Treatment of Advanced Gastric and Esophageal Cancer,"Active, not recruiting",Phase 2,['Advanced Gastric Adenocarcinoma and Esophageal Squamous Cell Carcinoma'],"['SHR-8068;Adebrelimab;Oxaliplatin;Capecitabine Tablets;Paclitaxel Injection;Cisplatin Injection'
 'Adebrelimab;Oxaliplatin;Capecitabine Tablets;Paclitaxel Injection;Cisplatin Injection']",['China'],"Suzhou Suncadia Biopharmaceuticals Co., Ltd.","Suzhou Suncadia Biopharmaceuticals Co., Ltd.",Global / Multi-Region,2.0,1.0,0.6,0.3
NCT06248515,A Phase II Trial of Sacituzumab Govitecan in Patients With Advanced Thymic Epithelial Tumors,Recruiting,Phase 2,['Thymoma' 'Thymic Carcinoma'],['Sacituzumab govitecan-hziy'],['United States'],Georgetown University,Georgetown University,Global / Multi-Region,2.0,1.0,0.6,0.3
NCT06248606,Adagrasib + SRS for Patients With Metastatic KRAS G12C-mutated NSCLC With Untreated Brain Metastases,Recruiting,Phase 2,['Non Small Cell Lung Cancer' 'NSCLC' 'KRAS G12C'],['Adagrasib' 'Stereotactic Radiosurgery'],['United States'],"Ryan Gentzler, MD","Ryan Gentzler, MD",Global / Multi-Region,2.0,1.0,0.6,0.3
NCT06248645,Oxygen As an Acute Treatment in Alternating Hemiplegia of Childhood,Recruiting,Phase 2,['Alternating Hemiplegia of Childhood'],['Oxygen' 'Placebo'],['France'],Assistance Publique - Hôpitaux de Paris,Assistance Publique - Hôpitaux de Paris,Global / Multi-Region,2.0,1.0,0.6,0.3
NCT06248671,Prophylactic Treatment With Atorvastatin for Episodic Migraine.,Recruiting,Phase 2,['Episodic Migraine'],['Atorvastatin 40mg' 'Placebo' 'Atorvastatin 20mg'],['Norway'],St. Olavs Hospital,St. Olavs Hospital,Global / Multi-Region,2.0,1.0,0.6,0.3
NCT06276868,"Darsilide Combined With AI, Trastuzumab and Patuzumab in the Neoadjuvant Treatment of HR+/HER2+ Breast Cancer",Recruiting,Phase 2,['Breast Cancer' 'HER2-positive Breast Cancer'],['Dalcilib+letrozole+HP treatment group'],['China'],Henan Cancer Hospital,Henan Cancer Hospital,Global / Multi-Region,2.0,1.0,0.6,0.3
NCT06277128,A Study to Evaluate the Safety and Efficacy of WS016 in Patients With Hyperkalemia.,Recruiting,Phase 2,['Hyperkalemia'],['WS016 3g' 'WS016 6g' 'WS016 12g' 'Matching Placebo'],['China'],"Waterstone Pharmaceutical (Wuhan) Co., LTD.","Waterstone Pharmaceutical (Wuhan) Co., LTD.",Global / Multi-Region,2.0,1.0,0.6,0.3
NCT06277154,MASCT-I Combined With Doxorubicin and Ifosfamide for First-line Treatment of Advanced Soft Tissue Sarcoma,Recruiting,Phase 2,"['Leiomyosarcoma' 'Liposarcoma' 'Synovial Sarcoma' 'Angiosarcoma'
 'Undifferentiated Pleomorphic Sarcoma' 'Epithelioid Sarcoma'
 'Malignant Peripheral Nerve Sheath Tumors' 'Fibrosarcoma'
 'Pleomorphic Rhabdomyosarcoma' 'Endometrial Stromal Sarcoma'
 'Desmoplastic Small Round Cell Tumor']",['MASCT-I' 'Doxorubicin' 'Ifosfamide'],['China'],HRYZ Biotech Co.,HRYZ Biotech Co.,Global / Multi-Region,2.0,1.0,0.6,0.3
NCT06311214,Personalized Antibody-Drug Conjugate Therapy Based on RNA and Protein Testing for the Treatment of Advanced or Metastatic Solid Tumors (The ADC MATCH Screening and Treatment Trial),Recruiting,Phase 2,['Advanced Malignant Solid Neoplasm' 'Metastatic Malignant Solid Neoplasm'],"['Biopsy Procedure' 'Biospecimen Collection' 'Computed Tomography'
 'Echocardiography Test' 'Electronic Health Record Review'
 'Enfortumab Vedotin' 'Immunohistochemistry Staining Method'
 'Magnetic Resonance Imaging' 'Multigated Acquisition Scan'
 'Sacituzumab Govitecan' 'Trastuzumab Deruxtecan']",['United States'],National Cancer Institute (NCI),National Cancer Institute (NCI),Global / Multi-Region,2.0,1.0,0.6,0.3
NCT06306846,Neoadjuvant SBRT in Localized Advanced HNSCC,Recruiting,Phase 2,['Head and Neck Squamous Carcinoma'],"['SBRT+immunochemotherpy' 'Immunochemotherapy'
 'cetuximab+immunochemotharpy']",['China'],Jiang Feng,Jiang Feng,Global / Multi-Region,2.0,1.0,0.6,0.3
NCT06307431,A Study of Adjuvant Intismeran Autogene (V940) and Pembrolizumab in Renal Cell Carcinoma (V940-004).,"Active, not recruiting",Phase 2,['Renal Cell Carcinoma'],['Intismeran autogene' 'Pembrolizumab' 'Placebo'],"['Argentina' 'Australia' 'Canada' 'Chile' 'France' 'Germany' 'Italy'
 'Poland' 'South Korea' 'Spain' 'Taiwan' 'Turkey (Türkiye)'
 'United Kingdom' 'United States']",Merck Sharp & Dohme LLC,Merck Sharp & Dohme LLC,Global / Multi-Region,2.0,1.0,0.6,0.3
NCT06308367,The Therapeutic Effect of Betaine in Syringomyelia,Recruiting,Phase 2,['Syringomyelia'],['Betaine' 'Placebo'],['China'],"Xuanwu Hospital, Beijing","Xuanwu Hospital, Beijing",Global / Multi-Region,2.0,1.0,0.6,0.3
NCT06308822,Testing JNJ-42756493 (Erdafitinib) as Potentially Targeting Treatment in Cancers With FGFR Amplifications (MATCH-Subprotocol K1),"Active, not recruiting",Phase 2,"['Advanced Lymphoma' 'Advanced Malignant Solid Neoplasm'
 'Refractory Lymphoma' 'Refractory Malignant Solid Neoplasm'
 'Refractory Multiple Myeloma']","['Biopsy Procedure' 'Biospecimen Collection' 'Computed Tomography'
 'Erdafitinib' 'Magnetic Resonance Imaging']",['United States'],National Cancer Institute (NCI),National Cancer Institute (NCI),Global / Multi-Region,2.0,1.0,0.6,0.3
NCT06309277,A Clinical Study to Evaluate of Single and Multiple Oral Doses of GM-1020 in Patients With MDD,Recruiting,Phase 2,['Major Depressive Disorder'],['GM-1020'],['United Kingdom'],Gilgamesh Pharmaceuticals,Gilgamesh Pharmaceuticals,Global / Multi-Region,2.0,1.0,0.6,0.3
NCT06309355,Topical YR001 Ointment in Adult With Mild to Moderate Atopic Dermatitis,Recruiting,Phase 2,['Atopic Dermatitis'],['YR001 ointment' 'Placebo'],['United States'],"Hangzhou Yirui Pharmaceutical Technology Co., Ltd","Hangzhou Yirui Pharmaceutical Technology Co., Ltd",Global / Multi-Region,2.0,1.0,0.6,0.3
NCT06309472,Trial of Mirtazapine for Depression in IBD,Recruiting,Phase 2,['Major Depressive Disorder' 'Inflammatory Bowel Diseases'],['Mirtazapine' 'Placebo'],['United Kingdom'],King's College London,King's College London,Global / Multi-Region,2.0,1.0,0.6,0.3
NCT06311227,Venetoclax for the Treatment of Patients With Relapsed Hairy Cell Leukemia,Recruiting,Phase 2,['Recurrent Hairy Cell Leukemia' 'Recurrent Hairy Cell Leukemia Variant'],"['Biospecimen Collection' 'Bone Marrow Aspiration' 'Bone Marrow Biopsy'
 'Computed Tomography' 'Lumbar Puncture' 'Magnetic Resonance Imaging'
 'Venetoclax']",['United States'],National Cancer Institute (NCI),National Cancer Institute (NCI),Global / Multi-Region,2.0,1.0,0.6,0.3
NCT06306131,Phase II Study of Ovulation in Obese Women,Recruiting,Phase 2,['Pregnancy Prevention'],"['Levonorgestrel 0.15 milligram' 'Meloxicam 15 milligram'
 'calcium carbonate 750 milligram']",['United States'],"InnovaGyn, Inc.","InnovaGyn, Inc.",Global / Multi-Region,2.0,1.0,0.6,0.3
NCT06311695,Contrast-Enhanced Spectral Mammography (CESM),Recruiting,Phase 2,['Breast Cancer'],['Contrast Enhanced Mammography'],['Italy'],European Institute of Oncology,European Institute of Oncology,Global / Multi-Region,2.0,1.0,0.6,0.3
NCT06311890,"Study to Evaluate the Efficacy, Safety and Tolerability of Photodynamic Therapy(PDT) With Chlorin-e6 in Treating Moderate to Severe Acne",Recruiting,Phase 2,['Acne' 'Photodynamic Therapy'],['N-chlorin e6 triglumine' 'acne removal surgery'],['China'],Xiyuan Hospital of China Academy of Chinese Medical Sciences,Xiyuan Hospital of China Academy of Chinese Medical Sciences,Global / Multi-Region,2.0,1.0,0.6,0.3
NCT06311955,Clinical Study of Postoperative Carbon Ion Radiotherapy for Thymus Tumor With Residual Tumor,Recruiting,Phase 2,"['Thymic Epithelial Tumor' 'Radiotherapy Side Effect'
 'Carbon Ion Radiotheray' 'Heavy Ion Radiotherapy']",['Carbon ion radiotherapy' 'combined with platinum-based regimen'],['China'],Jian Chen,Jian Chen,Global / Multi-Region,2.0,1.0,0.6,0.3
NCT06311968,The Clinical Study of Post-operative Proton Radiotherapy for Thymus Tumor,Recruiting,Phase 2,['Thymus Epithelial Tumor' 'Proton Radiotherapy' 'Radiation Toxicity'],['Proton radiotherapy' 'combined platinum based chemotherapy'],['China'],Jian Chen,Jian Chen,Global / Multi-Region,2.0,1.0,0.6,0.3
NCT06311981,Carbon Ion Radiotherapy for Locally Advanced Lung Cancer in Elderly Patients,Recruiting,Phase 2,"['Non-small Cell Lung Cancer' 'Older People' 'Carbon Ion Radiotherapy'
 'Radiotherapy Side Effect']","['carbon ion radiotherapy' 'targeted therapy'
 'single regimen chemotherapy in sequence with radiotherapy']",['China'],Jian Chen,Jian Chen,Global / Multi-Region,2.0,1.0,0.6,0.3
NCT06312020,A Phase 2 Study to Investigate Efficacy and Safety of HZN-1116 in Participants With Sjogren's Syndrome,"Active, not recruiting",Phase 2,"[""Sjogren's Syndrome""]",['HZN-1116' 'Placebo'],"['Argentina' 'Austria' 'Chile' 'Colombia' 'France' 'Germany' 'Hungary'
 'Italy' 'Mexico' 'Poland' 'Portugal' 'Spain' 'Switzerland' 'Taiwan'
 'United Kingdom' 'United States']",Amgen,Amgen,Global / Multi-Region,2.0,1.0,0.6,0.3
NCT06312813,Evaluating Use of Topical Imipramine and Amitriptyline in Reducing Ultraviolet B Light-Induced Redness in Patients With Rosacea,Recruiting,Phase 2,['Rosacea'],['Imipramine' 'Amitriptyline' 'Vehicle'],['United States'],Wright State University,Wright State University,Global / Multi-Region,2.0,1.0,0.6,0.3
NCT06306196,Immunogenicity and Safety of Hecolin® in HIV Positive/Negative Adults and in Children,Recruiting,Phase 2,['Hepatitis E Virus Infection'],"['Hecolin® Recombinant Hepatitis E Vaccine'
 'Isotonic Sodium Chloride injection']",['South Africa'],International Vaccine Institute,International Vaccine Institute,Global / Multi-Region,2.0,1.0,0.6,0.3
NCT06305832,Salvage Radiotherapy Combined With Androgen Deprivation Therapy (ADT) With or Without Rezvilutamide in the Treatment of Biochemical Recurrence After Radical Prostatectomy for Prostate Cancer,Recruiting,Phase 2,['Prostate Cancer' 'Biochemical Recurrence'],['Rezvilutamide' 'Androgen deprivation therapy (ADT)' 'SRT'],['China'],The Affiliated Nanjing Drum Tower Hospital of Nanjing University Medical School,The Affiliated Nanjing Drum Tower Hospital of Nanjing University Medical School,Global / Multi-Region,2.0,1.0,0.6,0.3
NCT06313203,"HAI-Floxuridine, or SIRT, Combined with Gemox for Patients with Intra-Hepatic Cholangiocarcinoma Not Amenable to Resection (TOMCAT)","Active, not recruiting",Phase 2,['Intrahepatic Cholangiocarcinoma' 'Chemotherapy Effect'],['Floxuridine' 'Selective Internal Radiation Therapy (SIRT)'],['Norway'],Oslo University Hospital,Oslo University Hospital,Global / Multi-Region,2.0,1.0,0.6,0.3
NCT06302491,A Study of Safety and Efficiency of AND017 in Patients With β-thalassemia,Recruiting,Phase 2,['β -Thalassemia'],['AND017 capsules' 'AND017 Placebo'],['China'],Kind Pharmaceuticals LLC,Kind Pharmaceuticals LLC,Global / Multi-Region,2.0,1.0,0.6,0.3
NCT06300424,Neoadjuvant Almonertinib Followed by Chemo-immunotherapy in II-IIIB EGFR-mutant NSCLC,Recruiting,Phase 2,['Non Small Cell Lung Cancer' 'EGFR Gene Mutation'],['almonertinib' 'Carboplatin' 'Nab paclitaxel'],['China'],Guangdong Provincial People's Hospital,Guangdong Provincial People's Hospital,Global / Multi-Region,2.0,1.0,0.6,0.3
NCT06300463,Platform Study of Immunotherapy Combinations in Colorectal Cancer Liver Metastases,Recruiting,Phase 2,['Colorectal Cancer Metastatic' 'Liver Metastases' 'Colorectal Cancer'],['Botensilimab' 'Balstilimab' 'AGEN1423' 'Radiation'],['United States'],Weill Medical College of Cornell University,Weill Medical College of Cornell University,Global / Multi-Region,2.0,1.0,0.6,0.3
NCT06300528,Pemigatinib in Patients With Relapsed or Refractory B-cell Non-Hodgkin Lymphomas,Recruiting,Phase 2,['Relapsed or Refractory B-cell Non-Hodgkin Lymphoma'],['Pemigatinib'],['United States'],University of Utah,University of Utah,Global / Multi-Region,2.0,1.0,0.6,0.3
NCT06301165,TPC Versus GP Induction Chemotherapy for Nasopharyngeal Carcinoma,Recruiting,Phase 2,['Nasopharyngeal Carcinoma'],['TPC induction chemotherapy' 'GP induction chemotherapy'],['China'],Sun Yat-sen University,Sun Yat-sen University,Global / Multi-Region,2.0,1.0,0.6,0.3
NCT06301399,Rituximab Combined With Prior Therapy in Advanced Hepatocellular Carcinoma: Efficacy & Safety Study,Recruiting,Phase 2,['Advanced Hepatocellular Carcinoma'],['Rituximab+PD-1 or PD-L1 inhibitors+targeted therapy'],['China'],Tianjin Medical University Cancer Institute and Hospital,Tianjin Medical University Cancer Institute and Hospital,Global / Multi-Region,2.0,1.0,0.6,0.3
NCT06301828,Endostar Combined With SBRT and Envafolimab in the Treatment of Advanced Gastrointestinal Tumors,Recruiting,Phase 2,['Gastrointestinal Neoplasms'],['Envafolimab Injection' 'Endostar'],['China'],"Nanjing First Hospital, Nanjing Medical University","Nanjing First Hospital, Nanjing Medical University",Global / Multi-Region,2.0,1.0,0.6,0.3
NCT06301997,A Herbal Compound for Psoriasis,"Active, not recruiting",Phase 2,['Psoriasis' 'Inflammation' 'Skin Diseases'],['ZAX.1400.P03' 'Placebo'],['Iran'],Fasa University of Medical Sciences,Fasa University of Medical Sciences,Global / Multi-Region,2.0,1.0,0.6,0.3
NCT06302569,Pembrolizumab Plus Enfortumab Vedotin in Collecting Duct and Renal Medullary Carcinoma,Recruiting,Phase 2,"['Bellini Carcinoma' 'Collecting Duct Carcinoma'
 'Renal Medullary Carcinoma']",['Pembrolizumab + Enfortumab Vedotin'],['Italy'],Giuseppe Procopio,Giuseppe Procopio,Global / Multi-Region,2.0,1.0,0.6,0.3
NCT06305806,"RECOVER-AUTONOMIC: Platform Protocol, Appendix B (Ivabradine)","Active, not recruiting",Phase 2,['Long COVID' 'Long Covid19' 'Long Covid-19'],['Ivabradine' 'Ivabradine Placebo' 'Coordinated Care' 'Usual Care'],['United States'],Kanecia Obie Zimmerman,Kanecia Obie Zimmerman,Global / Multi-Region,2.0,1.0,0.6,0.3
NCT06303167,Testing AZD9291 as Potentially Targeted Treatment in Cancers With EGFR Genetic Changes (MATCH-Subprotocol E),"Active, not recruiting",Phase 2,"['Advanced Lymphoma' 'Advanced Malignant Solid Neoplasm'
 'Hematopoietic and Lymphoid Cell Neoplasm' 'Refractory Lymphoma'
 'Refractory Malignant Solid Neoplasm' 'Refractory Multiple Myeloma']","['Biopsy Procedure' 'Biospecimen Collection' 'Echocardiography Test'
 'Multigated Acquisition Scan' 'Osimertinib' 'Radiologic Examination']",['United States'],National Cancer Institute (NCI),National Cancer Institute (NCI),Global / Multi-Region,2.0,1.0,0.6,0.3
NCT06303570,A Study to Evaluate the Efficacy and Safety of CBL-514 Compared to Placebo in Participants With Dercum's Disease Lipomas,Recruiting,Phase 2,"[""Dercum's Disease""]",['CBL-514 injection' '0.9% Sodium chloride'],['United States'],"Caliway Biopharmaceuticals Co., Ltd.","Caliway Biopharmaceuticals Co., Ltd.",Global / Multi-Region,2.0,1.0,0.6,0.3
NCT06304350,Pembrolizumab Combined With Preoperative Chemotherapy (Albumin Paclitaxel+Carboplatin) Neoadjuvant Therapy for Resectable Locally Advanced (Stage II/III) Esophageal Squamous Cell Carcinoma,Recruiting,Phase 2,['Esophageal Cancer'],['Combination of pembrolizumab and platinum containing dual drugs'],['China'],Tongji University,Tongji University,Global / Multi-Region,2.0,1.0,0.6,0.3
NCT06305104,Clinical Trial to Explore the Skin Test Dosage of EEC in People Aged 18 to 65 Years Old and the Safety and Preliminary Efficacy in People Aged 3 to 75 Years Old.,Recruiting,Phase 2,['Tuberculosis'],['2.5μg/ml EEC' '5μg/ml EEC' '5 unit（U） EC'],['China'],"Chengdu CoenBiotech Co., Ltd","Chengdu CoenBiotech Co., Ltd",Global / Multi-Region,2.0,1.0,0.6,0.3
NCT06305182,Metreleptin in Anorexia Nervosa,Recruiting,Phase 2,['Anorexia Nervosa'],['Metreleptin' 'Sodium chloride'],['Switzerland'],Gabriella Milos,Gabriella Milos,Global / Multi-Region,2.0,1.0,0.6,0.3
NCT06305715,Radiation Prior to TKI to Delay Progression in Advanced Driver-Mutated Non-small Cell Lung Cancers (RadiaNCe Lung X),Recruiting,Phase 2,['Non Small Cell Lung Cancer'],['Radiation Therapy' 'Targeted TKI therapy'],['United States'],Medical College of Wisconsin,Medical College of Wisconsin,Global / Multi-Region,2.0,1.0,0.6,0.3
NCT06305793,"RECOVER-AUTONOMIC: Platform Protocol, Appendix A (IVIG)","Active, not recruiting",Phase 2,['Long COVID' 'Long Coronavirus Disease 2019 (Covid19)' 'Long Covid-19'],"['IVIG (intravenous immunoglobulin)' 'IVIG Placebo' 'Coordinated Care'
 'Usual Care']",['United States'],Kanecia Obie Zimmerman,Kanecia Obie Zimmerman,Global / Multi-Region,2.0,1.0,0.6,0.3
NCT06313190,Combination of SBRT and Immunotherapy in Small Hepatocellular Carcinoma (HSBRT2402),Recruiting,Phase 2,['Hepatocellular Carcinoma'],['Stereotactic body radiotherapy' 'Sintilimab'],['China'],Sun Yat-sen University,Sun Yat-sen University,Global / Multi-Region,2.0,1.0,0.6,0.3
NCT06313541,Treatment Response Adapted Hybrid Radiotherapy in Metastatic Non-small Cell Lung Cancer Receiving First-line Immunotherapy,Recruiting,Phase 2,['NSCLC Stage IV'],"['SBRT or LDRT'
 'PD-1/PD-L1 inhibitor combined with platinum-based chemotherapy']",['China'],Fudan University,Fudan University,Global / Multi-Region,2.0,1.0,0.6,0.3
NCT06300203,Study of CM310 in Patients With Uncontrolled Seasonal Allergic Rhinitis,Recruiting,Phase 2,['Seasonal Allergic Rhinitis'],['Interleukin-4 receptor responders' 'Placebo'],['China'],Beijing Tongren Hospital,Beijing Tongren Hospital,Global / Multi-Region,2.0,1.0,0.6,0.3
NCT06319378,Cancer Related Major Depression Treated With a Single Dose of Psilocybin,Recruiting,Phase 2,['MDD'],['psilocybin 25 mg sod' 'psilocybin 1 mg sod'],['Sweden'],Section for Affective Disorders; Northern Stockholm Psychiatry,Section for Affective Disorders; Northern Stockholm Psychiatry,Global / Multi-Region,2.0,1.0,0.6,0.3
NCT06318286,Study of Pembrolizumab Plus Chemotherapy With Lenvatinib for Malignant Pleural Mesothelioma,Recruiting,Phase 2,['Malignant Pleural Mesothelioma'],['Lenvatinib' 'Pemetrexed' 'Cisplatin/Carboplatin' 'Pembrolizumab'],['Japan'],Hyogo Medical University,Hyogo Medical University,Global / Multi-Region,2.0,1.0,0.6,0.3
NCT06318897,"Open-label, Single Center, Single-arm, Phase 2 Study of Neoadjuvant Pembrolizumab in Combination With Carboplatin and Paclitaxel in Patients With Stage 1 cT1b-T1cN0M0 Triple Negative Breast Cancer",Recruiting,Phase 2,['Stage 1 cT1b-T1cN0M0' 'Triple Negative Breast Cancer'],"['Carboplatin' 'Paclitaxel' 'Pembrolizumab' 'Doxorubicin'
 'Cyclophosphamide']",['United States'],M.D. Anderson Cancer Center,M.D. Anderson Cancer Center,Global / Multi-Region,2.0,1.0,0.6,0.3
NCT06319027,"Identifying Findings on Brain Scans That Could Help Make Better Predictions About Brain Cancer Progression, The GABLE Trial",Recruiting,Phase 2,"['Glioblastoma, IDH-Wildtype']","['Dynamic Susceptibility Contrast-Enhanced Magnetic Resonance Imaging'
 'Fluciclovine F18' 'Gadolinium-Chelate' 'Magnetic Resonance Spectroscopy'
 'Positron Emission Tomography']",['United States'],ECOG-ACRIN Cancer Research Group,ECOG-ACRIN Cancer Research Group,Global / Multi-Region,2.0,1.0,0.6,0.3
NCT06319196,Clear Me: Interception Trial to Detect and Clear Molecular Residual Disease in Patients With High-risk Melanoma,Recruiting,Phase 2,['Cutaneous Melanoma' 'Melanoma Stage IV' 'Mucosal Melanoma'],['Opdualag' 'Nivolumab'],['Canada'],"University Health Network, Toronto","University Health Network, Toronto",Global / Multi-Region,2.0,1.0,0.6,0.3
NCT06319248,MID-STEP (MIDodrine for Sepsis Treatment and Early vasoPressor Weaning) Trial,Recruiting,Phase 2,['Sepsis' 'Low Blood Pressure'],['Midodrine' 'Standard of Care'],['United States'],Mayo Clinic,Mayo Clinic,Global / Multi-Region,2.0,1.0,0.6,0.3
NCT06319274,Infusion of Prostacyclin vs Placebo for 72-hours in Mechanically Ventilated Patients With Acute Respiratory Failure,Recruiting,Phase 2,"['Acute Respiratory Failure' 'Endothelial Dysfunction'
 'Pulmonary Infection']",['Iloprost' 'Isotonic saline'],['Denmark'],Pär Johansson,Pär Johansson,Global / Multi-Region,2.0,1.0,0.6,0.3
NCT06319287,"Phase 2a Multi-Center Prospective, Randomized Trial to Evaluate the Safety & Efficacy of Topical PEP-TISSEEL for Diabetic Foot Ulcers (DFU)","Active, not recruiting",Phase 2,['Diabetic Foot Ulcer'],['PEP (Purified Exosome Product) / TISSEEL'],['United States'],Rion Inc.,Rion Inc.,Global / Multi-Region,2.0,1.0,0.6,0.3
NCT06320301,Adebrelimab and a TKI in Combination With GEMOX in First-line Treatment of Advanced Biliary Tract Cancers (BTC),Recruiting,Phase 2,['Biliary Tract Cancer' 'Gemox Chemotherapy'],['Adebrelimab + GEMOX + TKI'],['China'],Sun Yat-Sen Memorial Hospital of Sun Yat-Sen University,Sun Yat-Sen Memorial Hospital of Sun Yat-Sen University,Global / Multi-Region,2.0,1.0,0.6,0.3
NCT06317675,Osteopathic Manipulative Treatment for Gastro-oesophageal Reflux Disease,Recruiting,Phase 2,['Gastro-oesophageal Reflux Disease'],['Osteopathic manipulative treatment (OMT)'],['Italy'],Studio Osteopatico Busto Arsizio,Studio Osteopatico Busto Arsizio,Global / Multi-Region,2.0,1.0,0.6,0.3
NCT06321081,ICE Study: Combination of Irinotecan Plus Cetuximab and Envafolimab as a Rechallenge Regimen in mCRC,Recruiting,Phase 2,['RAS Mutation' 'Metastatic Colorectal Cancer' 'MSS'],"['irinotecan, cetuximab, envafolimab']",['China'],Beijing Hospital,Beijing Hospital,Global / Multi-Region,2.0,1.0,0.6,0.3
NCT06321302,A Study to Test Whether BI 764524 Helps People With an Eye Condition Called Diabetic Retinopathy,Recruiting,Phase 2,['Diabetic Retinopathy'],"['BI 764524' 'Sham comparator to BI 764524'
 'Aflibercept (Eylea®) - US only']","['Germany' 'Hungary' 'Italy' 'Japan' 'Poland' 'Puerto Rico' 'Spain'
 'United Kingdom' 'United States']",Boehringer Ingelheim,Boehringer Ingelheim,Global / Multi-Region,2.0,1.0,0.6,0.3
NCT06321536,Response to Emerging Antimicrobial Resistance With Containment Microbiota Therapy (REACT),Recruiting,Phase 2,['Multi-Drug Resistant Organism Colonization'],['Allogeneic Microbiota in Glycerol (9%) (AMG)'],['United States'],Emory University,Emory University,Global / Multi-Region,2.0,1.0,0.6,0.3
NCT06321796,Microbiota Transfer Therapy for Children and Adults With Both Pitt Hopkins Syndrome and Gastrointestinal Disorders,Recruiting,Phase 2,['Pitt Hopkins Syndrome'],"['MTP-101P' 'Vancomycin' 'Magnesium Citrate' 'Antacid' 'Placebo MTP-101P'
 'Placebo Vancomycin']",['United States'],Gut-Brain-Axis Therapeutics Inc.,Gut-Brain-Axis Therapeutics Inc.,Global / Multi-Region,2.0,1.0,0.6,0.3
NCT06321991,Nodular Shrinking in Dupuytren Disease,Recruiting,Phase 2,"[""Dupuytren's Disease""]","['Vitamin E-creme (Remederm®) vs Vaseline (Placebo)'
 'Ultrasound measurement']",['Belgium'],Universitaire Ziekenhuizen KU Leuven,Universitaire Ziekenhuizen KU Leuven,Global / Multi-Region,2.0,1.0,0.6,0.3
NCT06322095,A Study of GH21 Combined With Previous Target Therapy or Immunotherapy in Patients With Advanced Solid Tumors,Recruiting,Phase 2,"['Patients With Advanced Solid Tumor'
 'Advanced Solid Tumor With Oncogenic Driver Mutations']","['PD-1' 'MET inhibitor' 'ALK inhibitor' 'BRAF Inhibito'
 'EGFR Monoclonal antibody' 'GH21' 'MEK Inhibitor']",['China'],"Suzhou Genhouse Bio Co., Ltd.","Suzhou Genhouse Bio Co., Ltd.",Global / Multi-Region,2.0,1.0,0.6,0.3
NCT06322108,Assessment of the Safety and Efficacy of Balstilimab in Combination With Botensilimab for the Treatment of Non-Small Cell Lung Cancer (IMMONC0008),Recruiting,Phase 2,['Non-small Cell Lung Cancer'],['Botensilimab + Balstilimab'],['Armenia'],Immune Oncology Research Institute,Immune Oncology Research Institute,Global / Multi-Region,2.0,1.0,0.6,0.3
NCT06317818,Is Local Injection of Mesenchymal Stem Cells After Endoscopic Dilation Safe and Does it Improve the Outcome of Intestinal Stricture in Patients With Crohn's Disease?,Recruiting,Phase 2,['Safety Issues' 'Efficacy'],['Mesenchymal Stem Cells' 'Comparative placebo'],['Belgium'],Centre Hospitalier Universitaire de Liege,Centre Hospitalier Universitaire de Liege,Global / Multi-Region,2.0,1.0,0.6,0.3
NCT06317662,Testing the Addition of the Anti-cancer Drug Venetoclax and/or the Anti-cancer Immunotherapy Blinatumomab to the Usual Chemotherapy Treatment for Infants With Newly Diagnosed KMT2A-rearranged or KMT2A-non-rearranged Leukemia,Recruiting,Phase 2,['Acute Leukemia of Ambiguous Lineage' 'B Acute Lymphoblastic Leukemia'],"['Asparaginase Erwinia chrysanthemi' 'Biospecimen Collection'
 'Blinatumomab' 'Bone Marrow Aspiration' 'Calaspargase Pegol'
 'Computed Tomography' 'Cyclophosphamide' 'Cytarabine' 'Daunorubicin'
 'Dexamethasone' 'Doxorubicin' 'Echocardiography Test'
 'FDG-Positron Emission Tomography' 'Leucovorin' 'Levoleucovorin'
 'Lumbar Puncture' 'Magnetic Resonance Imaging' 'Mercaptopurine'
 'Methotrexate' 'Methylprednisolone' 'Multigated Acquisition Scan'
 'Prednisolone' 'Prednisone' 'Therapeutic Hydrocortisone' 'Thioguanine'
 'Venetoclax' 'Vincristine']",['Puerto Rico' 'United States'],National Cancer Institute (NCI),National Cancer Institute (NCI),Global / Multi-Region,2.0,1.0,0.6,0.3
NCT06313801,Comparing the Safety and Efficacy of First-line Polychemotherapy and Polychemotherapy in Combination With PIPAC Sessions,Recruiting,Phase 2,['Gastric Cancer'],"['Docetaxel' 'Oxaliplatin' 'Calcium folinate' 'Fluorouracil'
 'Diagnostic laparoscopy'
 'dPIPAC ( The description of the standard diagnostic laparoscopy procedure and the session of PIPAC (dPIPAC)).']",['Russia'],Nizhny Novgorod Regional Clinical Oncology Center,Nizhny Novgorod Regional Clinical Oncology Center,Global / Multi-Region,2.0,1.0,0.6,0.3
NCT06315426,A Study of IL4Rα Monoclonal Antibody in Patients With Seasonal Allergic Rhinitis(SAR).,"Active, not recruiting",Phase 2,['Allergic Rhinitis'],['GR1802 injection' 'Placebo'],['China'],"Genrix (Shanghai) Biopharmaceutical Co., Ltd.","Genrix (Shanghai) Biopharmaceutical Co., Ltd.",Global / Multi-Region,2.0,1.0,0.6,0.3
NCT06313970,First-line Regimen With QL1706 Plus Chemo ± Bev in PDAC Patients,Recruiting,Phase 2,['Pancreatic Cancer'],['QL1706' 'Nab-paclitaxel' 'Gemcitabine' 'Bevacizumab'],['China'],Fudan University,Fudan University,Global / Multi-Region,2.0,1.0,0.6,0.3
NCT06314087,Individualized Neoantigen Therapy with Unusual Radiotherapy Enhancement (iNATURE),Recruiting,Phase 2,['Advanced Tumors'],"['Placebo + conventional treatment including radiotherapy'
 'Radiation: Radiation Therapy；Biological: Personalized tumor peptide vaccine']",['China'],The University of Hong Kong-Shenzhen Hospital,The University of Hong Kong-Shenzhen Hospital,Global / Multi-Region,2.0,1.0,0.6,0.3
NCT06314334,Screening Study of Combined Sequential Chemotherapy and Radiation Therapy for Early-stage NK/T-cell Lymphoma,Recruiting,Phase 2,"['Natural Killer/T-Cell Lymphoma, Nasal and Nasal-Type']",['Sintilimab+Pegaspargase' 'P-GemOx' 'GELAD' 'IMRT'],['China'],Fudan University,Fudan University,Global / Multi-Region,2.0,1.0,0.6,0.3
NCT06314997,Dynamic Changes in Circulating Tumour Cells Protein Expression,Recruiting,Phase 2,['Recurrence Free Survival'],['panitumumab (EGFR inhibitors)'],['Italy'],Matteo's Friends,Matteo's Friends,Global / Multi-Region,2.0,1.0,0.6,0.3
NCT06315010,REPotrectinib in ROS1-positive Non-small Cell Lung Cancer Patients With Active Brain mEtastasis,Recruiting,Phase 2,['NSCLC' 'Brain Metastases' 'ROS1 Gene Rearrangement'],['Repotrectinib'],['Austria' 'Spain'],MedSIR,MedSIR,Global / Multi-Region,2.0,1.0,0.6,0.3
NCT06315231,Edaravone Dexborneol Sublingual Tablet for the PSCI in Acute Ischemic Stroke Patients,Recruiting,Phase 2,['Post-stroke Cognitive Impairment'],['Edaravone dexborneol sublingual tablet' 'Placebo'],['China'],"Simcere Pharmaceutical Co., Ltd","Simcere Pharmaceutical Co., Ltd",Global / Multi-Region,2.0,1.0,0.6,0.3
NCT06315309,Trial of 2 Step ATG for Acute GVHD Prevention Post Myeloablative Allogeneic Stem Cell Transplant,Recruiting,Phase 2,"['GVHD,Acute' 'Acute Leukemia' 'Myelodysplastic Syndromes'
 'Myeloproliferative Disorders']",['ATG Combined with Tacrolimus and Mini Methotrexate'],['United States'],University of Alabama at Birmingham,University of Alabama at Birmingham,Global / Multi-Region,2.0,1.0,0.6,0.3
NCT06315491,A Study of CBX 12 in Subjects With Platinum Resistant or Refractory Ovarian Cancer,Recruiting,Phase 2,['Platinum-resistant Ovarian Cancer' 'Refractory Ovarian Carcinoma'],['CBX-12'],['United States'],Cybrexa Therapeutics,Cybrexa Therapeutics,Global / Multi-Region,2.0,1.0,0.6,0.3
NCT06317649,Venetoclax and HMA Treatment of Older and Unfit Adults With FLT3 Mutated Acute Myeloid Leukemia (AML) (A MyeloMATCH Treatment Trial),Recruiting,Phase 2,['Acute Myeloid Leukemia'],"['Azacitidine' 'Biospecimen Collection' 'Bone Marrow Aspiration'
 'Bone Marrow Biopsy' 'Gilteritinib' 'Venetoclax']",['Puerto Rico' 'United States'],National Cancer Institute (NCI),National Cancer Institute (NCI),Global / Multi-Region,2.0,1.0,0.6,0.3
NCT06315530,Effect of Telitacicept on Antibody Titers in Primary APS Patients,"Active, not recruiting",Phase 2,['Antiphospholipid Syndrome (APS)'],['Telitacicept+SOC' 'SOC'],['China'],Ruijin Hospital,Ruijin Hospital,Global / Multi-Region,2.0,1.0,0.6,0.3
NCT06315686,The Dynamic Monitoring of Cerebrospinal Fluid ctDNA,Recruiting,Phase 2,['NSCLC'],['pemetrexed'],['China'],Jiangsu Province Nanjing Brain Hospital,Jiangsu Province Nanjing Brain Hospital,Global / Multi-Region,2.0,1.0,0.6,0.3
NCT06315751,Efficacy and Safety of Gemlapodect (NOE-105) in Adults and Adolescents With Tourette Syndrome,Recruiting,Phase 2,['Tourette Syndrome'],['Gemlapodect' 'Placebo'],['Belgium' 'France' 'Germany' 'Hungary' 'Poland' 'Spain' 'United States'],Noema Pharma AG,Noema Pharma AG,Global / Multi-Region,2.0,1.0,0.6,0.3
NCT06315881,Informing Oral Nicotine Pouch Regulations to Promote Public Health,Recruiting,Phase 2,['Tobacco-Related Carcinoma'],"['Biospecimen Collection' 'Cigarette' 'Nicotine Oral Pouch'
 'Nicotine Oral Pouch' 'Nicotine Oral Pouch' 'Nicotine Oral Pouch'
 'Smokeless Tobacco' 'Survey Administration'
 'Text Message-Based Navigation Intervention']",['United States'],Ohio State University Comprehensive Cancer Center,Ohio State University Comprehensive Cancer Center,Global / Multi-Region,2.0,1.0,0.6,0.3
NCT06316960,Safety and Efficacy of Avapritinib in Relapsed or Refractory Pediatric CBF-AML With KIT Mutation,Recruiting,Phase 2,"['AML, Childhood' 'Relapse/Recurrence' 'Refractory AML'
 'Core Binding Factor Acute Myeloid Leukemia' 'C-KIT Mutation']","['Avapritinib' 'Azacitidine Injection' 'Decitabine Injection'
 'Idarubicin Hydrochloride' 'Cytarabine'
 'Granulocyte Colony-Stimulating Factor']",['China'],Children's Hospital of Soochow University,Children's Hospital of Soochow University,Global / Multi-Region,2.0,1.0,0.6,0.3
NCT06317220,Vedolizumab for the Treatment of Collagenous Gastritis,Recruiting,Phase 2,['Collagenous Gastritis'],['Vedolizumab'],['United States'],Massachusetts General Hospital,Massachusetts General Hospital,Global / Multi-Region,2.0,1.0,0.6,0.3
NCT06317311,A Study of Dostarlimab in Combination With Carboplatin-paclitaxel in Japanese Participants With Primary Advanced or Recurrent Endometrial Cancer,"Active, not recruiting",Phase 2,['Carcinoma'],['Dostarlimab' 'Carboplatin' 'Paclitaxel'],['Japan'],GlaxoSmithKline,GlaxoSmithKline,Global / Multi-Region,2.0,1.0,0.6,0.3
NCT06300320,A Clinical Trial of TQ05105 Tablets in the Treatment of Chronic Graft-versus-host Disease,Recruiting,Phase 2,['Chronic Graft Versus Host Disease'],['TQ05105 tablets'],['China'],"Chia Tai Tianqing Pharmaceutical Group Co., Ltd.","Chia Tai Tianqing Pharmaceutical Group Co., Ltd.",Global / Multi-Region,2.0,1.0,0.6,0.3
NCT06299891,Efficacy and Safety of Phentermine/Topiramate in Youth With Hypothalamic Obesity,Recruiting,Phase 2,['Hypothalamic Obesity' 'Hypothalamic Tumor' 'Craniopharyngioma'],"['Phentermine / Topiramate Extended Release Oral Capsule [Qsymia]'
 'Placebo']",['United States'],Seattle Children's Hospital,Seattle Children's Hospital,Global / Multi-Region,2.0,1.0,0.6,0.3
NCT06277674,Efficacy of Cadonilimab in Non-squamous Non-small Cell Lung Cancer Patients Resistant to EGFR-TKI,Recruiting,Phase 2,['Non-small Cell Lung Cancer'],['Cadonilimab plus Pemetrexed and Anlotinib'],['China'],Guangzhou University of Traditional Chinese Medicine,Guangzhou University of Traditional Chinese Medicine,Global / Multi-Region,2.0,1.0,0.6,0.3
NCT06285643,A Study of AAV2-GDNF in Adults With Moderate Parkinson's Disease (REGENERATE-PD),Recruiting,Phase 2,['Parkinson Disease'],['AAV2-GDNF Gene therapy' 'Control Surgery'],['Germany' 'Poland' 'United Kingdom' 'United States'],AskBio Inc,AskBio Inc,Global / Multi-Region,2.0,1.0,0.6,0.3
NCT06283979,A Randomized Controlled Phase II Trial of STIMULAN VG vs Standard of Care (SoC) for the Treatment of Osteomyelitis Associated With Stage IV Pressure Ulcers.,Recruiting,Phase 2,"['Pressure Ulcer, Stage IV' 'Osteomyelitis']",['STIMULAN VG' 'Standard of Care'],['United States'],Biocomposites Ltd,Biocomposites Ltd,Global / Multi-Region,2.0,1.0,0.6,0.3
NCT06284564,A Phase II Study Bolstering Outcomes by Optimizing Immunotherapy Strategies With Evolocumab and Nivolumab in Patients With Metastatic Renal Cell Carcinoma (BOOST-RCC),"Active, not recruiting",Phase 2,['Metastatic Renal Cell Carcinoma'],['Evolocumab' 'Nivolumab'],['United States'],M.D. Anderson Cancer Center,M.D. Anderson Cancer Center,Global / Multi-Region,2.0,1.0,0.6,0.3
NCT06284590,"Study of the Efficacy of Intratumoral L19IL2 or L19TNF or L19IL2/L19TNF, in Combination with Pembrolizumab, in Unresectable Melanoma Patients",Recruiting,Phase 2,['Melanoma Stage III' 'Melanoma Stage IV'],['L19IL2' 'L19TNF' 'L19IL2/L19TNF' 'KEYTRUDA®'],['United States'],Philogen S.p.A.,Philogen S.p.A.,Global / Multi-Region,2.0,1.0,0.6,0.3
NCT06284746,Tirelizumab Combined With Chemotherapy in the Treatment of HER-2 Negative Locally Advanced Gastric Cancer,Recruiting,Phase 2,['Locally Advanced Gastric Carcinoma' 'HER2 Negative' 'Efficacy' 'Safety'],['Tirolizumab+SOX/XELOX' 'SOX/XELOX'],['China'],Lin Chen,Lin Chen,Global / Multi-Region,2.0,1.0,0.6,0.3
NCT06284954,A Study to Evaluate Safety and Efficacy of Empasiprubart in Adults With Dermatomyositis,"Active, not recruiting",Phase 2,['Dermatomyositis' 'Myositis'],['Empasiprubart IV' 'Placebo IV'],['Georgia' 'Greece' 'Italy' 'Moldova' 'Poland' 'Spain' 'United States'],argenx,argenx,Global / Multi-Region,2.0,1.0,0.6,0.3
NCT06285019,Modified TOMOX-HAIC in Combination With Sintilimab and Bevacizumab Biosimilar for First-line Treatment of Advanced Hepatocellular Carcinoma,Recruiting,Phase 2,['Hepatocellular Carcinoma'],['TOMOX-HAIC' 'Sintilimab' 'Bevacizumab'],['China'],Fudan University,Fudan University,Global / Multi-Region,2.0,1.0,0.6,0.3
NCT06285539,Drug Rediscovery for Rare Immune Mediated Inflammatory Diseases,Recruiting,Phase 2,"[""Behcet's Disease"" 'Idiopathic Inflammatory Myopathies'
 'IgG4-related Disease']",['Filgotinib'],['Netherlands'],UMC Utrecht,UMC Utrecht,Global / Multi-Region,2.0,1.0,0.6,0.3
NCT06285825,A Pilot Study of Emapalumab for the Treatment of CAR T-Cell Therapy-Associated Prolonged Cytopenia,Recruiting,Phase 2,['Cytopenia'],['Emapalumab'],['United States'],M.D. Anderson Cancer Center,M.D. Anderson Cancer Center,Global / Multi-Region,2.0,1.0,0.6,0.3
NCT06283550,"Efficacy, Safety, and Tolerability of Abrocitinib in Subjects With Moderate to Severe Chronic Hand Eczema Refractory to Corticosteroid Therapy","Active, not recruiting",Phase 2,['Chronic Hand Eczema'],['Abrocitinib 200 mg' 'Abrocitinib 100 mg' 'Placebo'],['Canada' 'Poland'],Innovaderm Research Inc.,Innovaderm Research Inc.,Global / Multi-Region,2.0,1.0,0.6,0.3
NCT06285916,"A Study to Assess the Efficacy, Safety, and Tolerability of Oral NORA520 in Adults With Severe Postpartum Depression","Active, not recruiting",Phase 2,"['Depression, Postpartum' 'Postpartum Depression' 'Post-partum Depression'
 'Postnatal Depression' 'Post-Natal Depression']",['NORA520 Dose 1' 'NORA520 Dose 2' 'Placebo'],['United States'],"DuKang Pharmaceuticals, Inc.","DuKang Pharmaceuticals, Inc.",Global / Multi-Region,2.0,1.0,0.6,0.3
NCT06286397,Topical Anti-Androgens in Pilonidal Sinus Disease,Recruiting,Phase 2,"['Pilonidal Disease' 'Pilonidal Disease of Natal Cleft' 'Pilonidal Sinus'
 'Pilonidal Cyst']",['1% Clascoterone' 'Vehicle Cream'],['United States'],University of Pennsylvania,University of Pennsylvania,Global / Multi-Region,2.0,1.0,0.6,0.3
NCT06286709,FAecal Microbiota Transplantation in primaRy sclerosinG chOlangitis,Recruiting,Phase 2,['Primary Sclerosing Cholangitis' 'Inflammatory Bowel Diseases'],['Faecal Microbiota Transplant' 'FMT Placebo'],['United Kingdom'],University of Birmingham,University of Birmingham,Global / Multi-Region,2.0,1.0,0.6,0.3
NCT06287398,Epcoritamab (Epcor)-Containing Combination Salvage Therapy Followed by ASCT & Epcor Consolidation in Patients With Relapsed LBCL,Recruiting,Phase 2,"['DLBCL - Diffuse Large B Cell Lymphoma' 'High-grade B-cell Lymphoma'
 'High Grade B-Cell Lymphoma With MYC and BCL2 or BCL6 Rearrangements'
 'DLBCL, Nos Genetic Subtypes'
 'High Grade B-Cell Lymphoma, Not Otherwise Specified'
 'Follicular Large Cell Lymphoma, Relapsed'
 'Follicular Large Cell Lymphoma']",['Epcoritamab'],['Australia'],Australasian Leukaemia and Lymphoma Group,Australasian Leukaemia and Lymphoma Group,Global / Multi-Region,2.0,1.0,0.6,0.3
NCT06287437,HRS9531 Controls Weight Regain in Obese Subjects,"Active, not recruiting",Phase 2,['Obesity'],['HRS9531' 'HRS9531 placebo'],['China'],Shanghai Zhongshan Hospital,Shanghai Zhongshan Hospital,Global / Multi-Region,2.0,1.0,0.6,0.3
NCT06287567,Lusutrombopag in the Treatment of Immune Thrombocytopenia (ITP),Recruiting,Phase 2,['Idiopathic Thrombocytopenic Purpura' 'Immune Thrombocytopenia'],['Lusutrombopag Oral Tablet'],['China'],"Institute of Hematology & Blood Diseases Hospital, China","Institute of Hematology & Blood Diseases Hospital, China",Global / Multi-Region,2.0,1.0,0.6,0.3
NCT06287619,Post-operative Intravenous Iron to Treat Iron-deficiency Anemia in Patients Undergoing Cardiac Surgery,Recruiting,Phase 2,['Chronic Iron Deficiency Anaemia' 'Cardiac Surgery'],['Monoferric Injectable Product' '0.9% sodium chloride solution'],['Canada'],"University Health Network, Toronto","University Health Network, Toronto",Global / Multi-Region,2.0,1.0,0.6,0.3
NCT06283849,Collaborative Solutions for Breaking up Sedentary Time in Black Older Adults With Type 2 Diabetes: The Interrupt Diabetes Study,Recruiting,Phase 2,['Cardiovascular Diseases' 'Type 2 Diabetes'],['strategies to break up SB'],['United States'],University of Minnesota,University of Minnesota,Global / Multi-Region,2.0,1.0,0.6,0.3
NCT06282978,Study of Elranatamab for Relapsed or Refractory Myeloma in Patients Previously Exposed to Three-drug Classes,Recruiting,Phase 2,['Multiple Myeloma in Relapse'],['Elranatamab (PF-06863135)'],['Spain'],PETHEMA Foundation,PETHEMA Foundation,Global / Multi-Region,2.0,1.0,0.6,0.3
NCT06288191,Neoadjuvant Nivolumab and Relatlimab in Cutaneous Squamous Cell Carcinoma,Recruiting,Phase 2,['Cutaneous Squamous Cell Carcinoma'],['Nivolumab 240 mg / Relatlimab 80 mg in a fixed dose combination'],['Australia'],Melanoma Institute Australia,Melanoma Institute Australia,Global / Multi-Region,2.0,1.0,0.6,0.3
NCT06280105,A Trial of Cadonilimab Plus Regorafenib in Patients With Hepatocellular Carcinoma Who Failed Camrelizumab Combined With Apatinib,Recruiting,Phase 2,['Hepatocellular Carcinoma'],['Cadonilimab+regorafenib'],['China'],Meng Chao Hepatobiliary Hospital of Fujian Medical University,Meng Chao Hepatobiliary Hospital of Fujian Medical University,Global / Multi-Region,2.0,1.0,0.6,0.3
NCT06277791,The Combination of Adebrelimab and TP Regimen for Neoadjuvant Therapy in Patients With Stage IVB Oral Squamous Cell Carcinoma,Recruiting,Phase 2,['Clinical IVb Stage Oral Squamous Cell Carcinomas Patients'],['Adebrelimab'],['China'],"Hospital of Stomatology, Wuhan University","Hospital of Stomatology, Wuhan University",Global / Multi-Region,2.0,1.0,0.6,0.3
NCT06277869,Effectiveness Trial of Thermal Jacket,Recruiting,Phase 2,['Preterm Neonate' 'Low Birthweight Neonate'],['Thermal Jacket' 'Kangaroo Mother Care'],['Bangladesh'],"International Centre for Diarrhoeal Disease Research, Bangladesh","International Centre for Diarrhoeal Disease Research, Bangladesh",Global / Multi-Region,2.0,1.0,0.6,0.3
NCT06278077,Neurexan - a Clinical Trial in Short-Term Insomnia Patients,Recruiting,Phase 2,['Insomnia' 'Stress Reaction'],['Neurexan' 'Placebo'],['Germany'],Biologische Heilmittel Heel GmbH,Biologische Heilmittel Heel GmbH,Global / Multi-Region,2.0,1.0,0.6,0.3
NCT06278545,Trial Evaluating Modified FOLFIRINOX and Modified FOLFOX in the Treatment of Locally Advanced or Metastatic Small Bowel Adenocarcinoma,Recruiting,Phase 2,['Locally Advanced or Metastatic Small Bowel Adenocarcinoma'],['modified FOLFORINOX' 'Modified FOLFOX'],['France'],Centre Hospitalier Universitaire Dijon,Centre Hospitalier Universitaire Dijon,Global / Multi-Region,2.0,1.0,0.6,0.3
NCT06278857,SATELLITE Study (feaSibility sAfeTy Efficacy dostarLimab earLy-stage defIcient endomeTrial cancEr),Recruiting,Phase 2,"['Endometrial Cancer Stage I' 'Mmr Deficiency'
 'Endometrioid Endometrial Adenocarcinoma' 'Immune-related Adverse Event']",['Dostarlimab-Gxly 50 MG/1 ML Intravenous Solution [JEMPERLI]'],['Australia'],Queensland Centre for Gynaecological Cancer,Queensland Centre for Gynaecological Cancer,Global / Multi-Region,2.0,1.0,0.6,0.3
NCT06279351,Thalidomide Enhances Clinical Efficacy of Cetuximab Combined With Standard Chemotherapy for Left Colorectal Cancer,Recruiting,Phase 2,['Thalidomide Enhances Clinical Efficacy of Cetuximab Combined With Standard Chemotherapy for Left Colorectal Cancer'],['Thalidomide+cetuximab+FOLFOX/FOLFIRI'],['China'],Xinqiao Hospital of Chongqing,Xinqiao Hospital of Chongqing,Global / Multi-Region,2.0,1.0,0.6,0.3
NCT06279793,Intravenous Fish Oil Based Lipid Emulsion to Enhance Recovery in High-Risk Cardiac Surgery Patients,Recruiting,Phase 2,"['Intensive Care Unit' 'Coronary Artery Bypass Grafting (CABG)'
 'High Risk Patients' 'Cardiopulmonary Bypass' 'Elective Cardiac Surgery'
 'Valvular Heart Surgery' 'Multiple Valve Surgeries'
 'Combined Cardiac Procedures' 'Aortic Surgical Procedures']",['Fish Oil' 'Intravenous 0.9% Sodium Chloride'],['Germany'],GCP-Service International West GmbH,GCP-Service International West GmbH,Global / Multi-Region,2.0,1.0,0.6,0.3
NCT06280391,"A Proof-of-Concept Study to Assess the Efficacy, Safety and Tolerability of Itepekimab (Anti-IL-33 mAb) in Participants With Non-cystic Fibrosis Bronchiectasis","Active, not recruiting",Phase 2,['Bronchiectasis'],['Itepekimab (SAR440340)' 'Placebo'],"['Argentina' 'Brazil' 'Canada' 'Chile' 'China' 'Czechia' 'Denmark'
 'France' 'Germany' 'Greece' 'Israel' 'Italy' 'Japan' 'Netherlands'
 'Poland' 'Spain' 'Taiwan' 'Turkey (Türkiye)' 'United Kingdom'
 'United States']",Sanofi,Sanofi,Global / Multi-Region,2.0,1.0,0.6,0.3
NCT06282445,Efficacy and Safety of Chemotherapy With XELOX (Oxaliplatin + Capecitabine) and Bevacizumab in Combination With Adebrelimab in First-line Treatment of Microsatellite Stable (MSS) Initially Unresectable Metastatic Colorectal Cancer,Recruiting,Phase 2,['Colorectal Cancer Metastatic'],['Adebrelimab' 'Oxaliplatin' 'Capecitabine' 'Bevacizumab'],['China'],The Fourth Affiliated Hospital of Zhejiang University School of Medicine,The Fourth Affiliated Hospital of Zhejiang University School of Medicine,Global / Multi-Region,2.0,1.0,0.6,0.3
NCT06280508,Chemotherapy Combined With Adebrelimab and Apatinib as the Perioperative Treatment in Patients With Biliary Tract Cancer,Recruiting,Phase 2,['Resectable Intrahepatic Cholangiocarcinoma With High Risk of Recurrence'],"['Adebrelimab, Apatinib, Gemcitabine, cisplatin']",['China'],Sun Yat-Sen Memorial Hospital of Sun Yat-Sen University,Sun Yat-Sen Memorial Hospital of Sun Yat-Sen University,Global / Multi-Region,2.0,1.0,0.6,0.3
NCT06280690,SGM-101 Tumor Targeted Fluorescence Endoscopy in Rectal Polyps With Suspected T1 Adenocarcinoma or High Grade Dysplasia,Recruiting,Phase 2,['Colorectal Cancer' 'Image' 'Low Grade Dysplasia of Colon'],['SGM-101'],['Netherlands'],Leiden University Medical Center,Leiden University Medical Center,Global / Multi-Region,2.0,1.0,0.6,0.3
NCT06280950,Expanding Liver Transplant Immunosuppression Minimization Via Everolimus,Recruiting,Phase 2,['Liver Transplant'],"['Everolimus' 'Tacrolimus (continued reduction)'
 'Tacrolimus (maintain 50% reduction)' 'Everolimus']",['United States'],National Institute of Allergy and Infectious Diseases (NIAID),National Institute of Allergy and Infectious Diseases (NIAID),Global / Multi-Region,2.0,1.0,0.6,0.3
NCT06281327,Avatrombopag in the Treatment of Pediatric Immune Thrombocytopenia,Recruiting,Phase 2,['Immune Thrombocytopenia' 'Treatment'],['Avatrombopag'],['China'],"Institute of Hematology & Blood Diseases Hospital, China","Institute of Hematology & Blood Diseases Hospital, China",Global / Multi-Region,2.0,1.0,0.6,0.3
NCT06281678,A Study of IBI363 in Subjects with Advanced Solid Malignancies,Recruiting,Phase 2,"['Melanoma' 'Non-small Cell Lung Cancer' 'Colorectal Cancer'
 'Renal Cell Cancer']",['IBI363'],['United States'],Innovent Biologics (Suzhou) Co. Ltd.,Innovent Biologics (Suzhou) Co. Ltd.,Global / Multi-Region,2.0,1.0,0.6,0.3
NCT06281886,"Induction Immuno-chemotherapy and Concurrent Chemoradiotherapy With or Without Apatinib in Unresectable, Locally Advanced Esophageal Squamous Cell Carcinoma",Recruiting,Phase 2,['Esophageal Squamous Cell Carcinoma' 'Efficacy' 'Toxicity'],"['Induction Immunotherapy-Toripalimab'
 'Induction Chemotherapy-Albumin-paclitaxel combined with cisplatin'
 'Radiotherapy' 'Apatinib' 'Capecitabine']",['China'],Sun Yat-sen University,Sun Yat-sen University,Global / Multi-Region,2.0,1.0,0.6,0.3
NCT06282159,A Phase 2 Study to Evaluate DNTH103 in Adults With Generalized Myasthenia Gravis (MAGIC),"Active, not recruiting",Phase 2,"['Myasthenia Gravis, Generalized']",['DNTH103' 'Placebo'],"['Argentina' 'Canada' 'Czechia' 'Denmark' 'France' 'Israel' 'Italy'
 'Netherlands' 'North Macedonia' 'Norway' 'Poland' 'Serbia' 'Sweden'
 'United States']",Dianthus Therapeutics,Dianthus Therapeutics,Global / Multi-Region,2.0,1.0,0.6,0.3
NCT06288113,"Re-treatment With 177Lu-PSMA-617 for the Treatment of Metastatic Castration-Resistant Prostate Cancer, RE-LuPSMA Trial",Recruiting,Phase 2,"['Castration-Resistant Prostate Carcinoma'
 'Stage IVB Prostate Cancer AJCC v8']","['Biospecimen Collection' 'Computed Tomography' 'Gallium Ga 68 Gozetotide'
 'Lutetium Lu 177 Vipivotide Tetraxetan' 'Positron Emission Tomography'
 'Questionnaire Administration'
 'Single Photon Emission Computed Tomography']",['United States'],Jonsson Comprehensive Cancer Center,Jonsson Comprehensive Cancer Center,Global / Multi-Region,2.0,1.0,0.6,0.3
NCT06288360,Neoadjuvant Immunochemotherapy in PD-L1-negative LACC,Recruiting,Phase 2,"['Cervical Cancer' 'Locally Advanced Cervical Cancer' 'PD-L1 Negative'
 'Neoadjuvant Chemoimmunotherapy']",['Camrelizumab' 'Paclitaxel-albumin' 'Cisplatin' 'radical surgery'],['China'],Tongji Hospital,Tongji Hospital,Global / Multi-Region,2.0,1.0,0.6,0.3
NCT06299826,A Phase IIb Study of AZD5462 in Patients With Chronic Heart Failure,"Active, not recruiting",Phase 2,['Chronic Heart Failure'],['AZD5462' 'Placebo'],"['Bulgaria' 'Czechia' 'Denmark' 'Hungary' 'India' 'Japan' 'Netherlands'
 'Poland' 'Slovakia' 'United States']",AstraZeneca,AstraZeneca,Global / Multi-Region,2.0,1.0,0.6,0.3
NCT06297226,Study of Arlocabtagene Autoleucel (BMS-986393) a GPRC5D-directed CAR T Cell Therapy in Adult Participants With Relapsed or Refractory Multiple Myeloma,Recruiting,Phase 2,['Multiple Myeloma'],['Arlocabtagene Autoleucel'],['Australia' 'Canada' 'Japan' 'United States'],"Juno Therapeutics, Inc., a Bristol-Myers Squibb Company","Juno Therapeutics, Inc., a Bristol-Myers Squibb Company",Global / Multi-Region,2.0,1.0,0.6,0.3
NCT06295432,A Phase II Clinical Trial of DZD9008 in Combination With AZD4205 in Standard Treatment Failed NSCLC Patients With EGFR Mutations (WU-KONG21),Recruiting,Phase 2,['Non-small Cell Lung Cancer'],['DZD9008+AZD4205'],['China'],Dizal Pharmaceuticals,Dizal Pharmaceuticals,Global / Multi-Region,2.0,1.0,0.6,0.3
NCT06295588,Clinical Trial of the Seaweed Supplement Fucoidan in Survivors of Cancer,Recruiting,Phase 2,['Fatigue' 'Inflammation'],"['Fucoidan extracted from F. Vesiculosus'
 'Fucoidan extracted from U. Pinnatifida']",['United States'],University of Rochester,University of Rochester,Global / Multi-Region,2.0,1.0,0.6,0.3
NCT06295770,Obinutuzumab in Treatment of Fibrillary Glomerulonephritis,Recruiting,Phase 2,['Fibrillary Glomerulonephritis'],['Obinutuzumab'],['United States'],Mayo Clinic,Mayo Clinic,Global / Multi-Region,2.0,1.0,0.6,0.3
NCT06295926,Serplulimab Combined With CCRT for LS-SCLC.,Recruiting,Phase 2,['Small Cell Lung Cancer'],['Serplulimab'],['China'],Peking Union Medical College Hospital,Peking Union Medical College Hospital,Global / Multi-Region,2.0,1.0,0.6,0.3
NCT06295952,A Study of Pasireotide in People With Prolactinoma,Recruiting,Phase 2,['Prolactin-Producing Pituitary Tumor'],['Pasireotide' 'SF-36 and HADS'],['United States'],Memorial Sloan Kettering Cancer Center,Memorial Sloan Kettering Cancer Center,Global / Multi-Region,2.0,1.0,0.6,0.3
NCT06296563,Perioperative Treatment of Resectable Intrahepatic Cholangiocarcinoma With the Combination of Adebrelimab and Apatinib and HAIC,Recruiting,Phase 2,['Intrahepatic Cholangiocarcinoma'],['HAIC' 'Adebrelimab' 'Apatinib'],['China'],Lei ZHAO,Lei ZHAO,Global / Multi-Region,2.0,1.0,0.6,0.3
NCT06296966,A Study to Evaluate the Safety and Efficacy of VSJ-110 Compared to Placebo in the Treatment of Dry Eye,Recruiting,Phase 2,['Dry Eye'],['VSJ-110' 'Placebo'],['United States'],Vanda Pharmaceuticals,Vanda Pharmaceuticals,Global / Multi-Region,2.0,1.0,0.6,0.3
NCT06297369,Evaluation of the Effect of N-acetylcysteine in Preventing Cisplatin-Induced Toxicities in Cancer Patients,Recruiting,Phase 2,"['Cisplatin Adverse Reaction' 'Cisplatin Nephrotoxicity'
 'Cisplatin Induced Peripheral Neuropathy' 'Cancer Patients'
 'Cisplatin Ototoxicity']",['N acetyl cysteine'],['Egypt'],Ain Shams University,Ain Shams University,Global / Multi-Region,2.0,1.0,0.6,0.3
NCT06295159,Neoadjuvant and Adjuvant Anti-PD1 or Combinations for Locoregionally Advanced Melanoma,Recruiting,Phase 2,['Melanoma Stage III' 'Melanoma Stage IV' 'Advanced Melanoma' 'Melanoma'],['Nivolumab' 'Nivolumab + Relatlimab' 'Ipilimumab'],['United States'],H. Lee Moffitt Cancer Center and Research Institute,H. Lee Moffitt Cancer Center and Research Institute,Global / Multi-Region,2.0,1.0,0.6,0.3
NCT06297434,Phase 2a Study to Evaluate Safety and Explore Efficacy of J2H-1702 for NASH,Recruiting,Phase 2,['Non-alcoholic Steatohepatitis'],['J2H-1702' 'J2H-1702' 'J2H-1702' 'Placebo'],['South Korea'],J2H Biotech,J2H Biotech,Global / Multi-Region,2.0,1.0,0.6,0.3
NCT06297512,Evaluate the Role of Anthracycline After Radio Therapy in Patients With Glioblastoma (pGBM).,Recruiting,Phase 2,['Glioblastoma'],"['Radiotherapy, Temozolomide, Doxorubicin']",['Italy'],Iacopo Sardi,Iacopo Sardi,Global / Multi-Region,2.0,1.0,0.6,0.3
NCT06297863,Head Down Tilt 15° to Increase Collateral Flow in Acute Ischemic Stroke,Recruiting,Phase 2,['Acute Ischemic Stroke'],['HEAD DOWN TILT -10° to -15°'],['Italy'],University of Milano Bicocca,University of Milano Bicocca,Global / Multi-Region,2.0,1.0,0.6,0.3
NCT06298955,"Long-Term Safety, Tolerability and Efficacy of OMS906 in Paroxysmal Nocturnal Hemoglobinuria",Recruiting,Phase 2,['Paroxysmal Nocturnal Hemoglobinuria'],['OMS906 study drug'],['Germany' 'Switzerland' 'Ukraine' 'United Kingdom'],Omeros Corporation,Omeros Corporation,Global / Multi-Region,2.0,1.0,0.6,0.3
NCT06298968,"Combined Therapy Using Gemcitabine and Cisplatin Chemotherapy, Lenvatinib and Adebrelimab for Patients With Advanced and Unresectable Intrahepatic Cholangiocarcinoma",Recruiting,Phase 2,['Intrahepatic Cholangiocarcinoma'],"['combined therapy using gemcitabine and cisplatin chemotherapy, Lenvatinib and Adebrelimab']",['China'],"Nanfang Hospital, Southern Medical University","Nanfang Hospital, Southern Medical University",Global / Multi-Region,2.0,1.0,0.6,0.3
NCT06299098,"A Study to Test if Trevogrumab or Trevogrumab With Garetosmab When Taken With Semaglutide is Safe and How Well They Work in Adult Patients With Obesity for Weight Loss, Fat Loss, and Lean Mass Preservation","Active, not recruiting",Phase 2,['Obesity'],"['Trevogrumab-Part A' 'Trevogrumab-Part B and Part C' 'Garetosmab'
 'Semaglutide' 'Matching Placebo-Part A' 'Matching Placebo-Trevogrumab'
 'Matching Placebo-Garetosmab']",['Puerto Rico' 'United States'],Regeneron Pharmaceuticals,Regeneron Pharmaceuticals,Global / Multi-Region,2.0,1.0,0.6,0.3
NCT06299111,"A Trial to Learn How Well REGN9933 and REGN7508 Work for Preventing Blood Clots, and How Safe They Are, in Adults Who Have a Peripherally Inserted Central Catheter (PICC)",Recruiting,Phase 2,['Venous Thromboembolism'],['REGN9933' 'REGN7508' 'Placebo'],['Bulgaria' 'Canada' 'Israel' 'Romania' 'United Kingdom' 'United States'],Regeneron Pharmaceuticals,Regeneron Pharmaceuticals,Global / Multi-Region,2.0,1.0,0.6,0.3
NCT06295302,A Study to Explore the Efficacy and Safety of HWH486 in Adults With Chronic Spontaneous Urticaria,Recruiting,Phase 2,['Chronic Spontaneous Urticaria'],['HWH486' 'Placebo'],['China'],"Hubei Biological Medicine Industrial Technology Institute Co., Ltd.","Hubei Biological Medicine Industrial Technology Institute Co., Ltd.",Global / Multi-Region,2.0,1.0,0.6,0.3
NCT06293365,Two-period Crossover Study to Demonstrate the Comparability of Pharmacokinetics of Subcutaneous Ianalumab Between 2mL Auto-injector/2mL PFS with1mL Pre-filled Syringe in Adult Participants With Autoimmune Disease,"Active, not recruiting",Phase 2,['Sjögrens Disease' 'Systemic Lupus Erythematosus' 'Rheumatoid Arthritis'],['VAY736 1ml PFS' 'VAY736 2 ml PFS' 'VAY736 2ml AI'],"['Argentina' 'Canada' 'Czechia' 'Hungary' 'Italy' 'Poland' 'Spain'
 'United States']",Novartis Pharmaceuticals,Novartis Pharmaceuticals,Global / Multi-Region,2.0,1.0,0.6,0.3
NCT06288451,DePTH: De-emphasize PTH,"Active, not recruiting",Phase 2,"['Kidney Failure, Chronic'
 'Chronic Kidney Disease-Mineral and Bone Disorder']",['Oral calcitriol with cinacalcet rescue' 'IV activated vitamin D'],['United States'],University of Washington,University of Washington,Global / Multi-Region,2.0,1.0,0.6,0.3
NCT06290505,"A Trial of Palliative Chemotherapy, Radiation and Immune Treatment for Oesophageal Cancer: PALEO Study",Recruiting,Phase 2,['Esophageal Cancer'],['Durvalumab'],['Australia' 'New Zealand'],Australasian Gastro-Intestinal Trials Group,Australasian Gastro-Intestinal Trials Group,Global / Multi-Region,2.0,1.0,0.6,0.3
NCT06289049,Heavy Strength Training in Head and Neck Cancer Survivors,Recruiting,Phase 2,"['Head and Neck Neoplasms' 'Head and Neck Cancer'
 'Head and Neck Squamous Cell Carcinoma' 'Head and Neck Carcinoma']",['Experimental'],['Canada'],University of Alberta,University of Alberta,Global / Multi-Region,2.0,1.0,0.6,0.3
NCT06289062,Neoadjuvant Chemotherapy Plus Camrelizumab for FIGO Stage IB1 Cervical Cancer,Recruiting,Phase 2,"['Cervical Cancer' 'Neoadjuvant Chemoimmunotherapy'
 'Fertility Preservation']",['Camrelizumab' 'Cisplatin' 'Nab paclitaxel' 'biopsy'],['China'],Tongji Hospital,Tongji Hospital,Global / Multi-Region,2.0,1.0,0.6,0.3
NCT06289751,Neoadjuvant Chemoimmunotherapy and Extrafascial Hysterectomy for IB2 Cervical Cancer,Recruiting,Phase 2,"['Cervical Cancer' 'Neoadjuvant Chemoimmunotherapy' 'Radical Hysterectomy'
 'Extrafascial Hysterectomy']","['Cadonilimab' 'Paclitaxel-albumin' 'Cisplatin'
 'Extrafascial hysterectomy' 'Radical hysterectomy' 'Cone biopsy']",['China'],Tongji Hospital,Tongji Hospital,Global / Multi-Region,2.0,1.0,0.6,0.3
NCT06289998,Study of Tamibarotene in Patients With ADPKD,"Active, not recruiting",Phase 2,['Autosomal Dominant Polycystic Kidney Disease (ADPKD)'],['Tamibarotene' 'Placebo'],['Japan'],"Rege Nephro Co., Ltd.","Rege Nephro Co., Ltd.",Global / Multi-Region,2.0,1.0,0.6,0.3
NCT06290063,Cannabidiol and Older Adult Cannabis Users,Recruiting,Phase 2,['Sleep' 'Anxiety' 'Depression' 'Pain'],['fsCBD Cannabidiol' 'bsCBD Cannabidiol' 'Placebo'],['United States'],"University of Colorado, Boulder","University of Colorado, Boulder",Global / Multi-Region,2.0,1.0,0.6,0.3
NCT06290193,Study of Acute Normovolemic Hemodilution (ANH) in People With Ovarian Cancer Who Are Having Cytoreductive Surgery,Recruiting,Phase 2,"['Ovarian Cancer' 'Fallopian Tube Carcinoma' 'Ovarian Carcinoma'
 'Peritoneal Carcinoma' 'Ovarian Cancer Stage IIIC'
 'Fallopian Tube Cancer Stage IIIC' 'Ovarian Cancer Stage IV'
 'Fallopian Tube Cancer Stage IV' 'Fallopian Tube Cancer'
 'Peritoneal Cancer']",['Acute Normovolemic Hemodilution/ANH'],['United States'],Memorial Sloan Kettering Cancer Center,Memorial Sloan Kettering Cancer Center,Global / Multi-Region,2.0,1.0,0.6,0.3
NCT06290401,A Socio-ecological Approach for Improving Self-management in Adolescents With SCD,Recruiting,Phase 2,"['Anemia, Sickle Cell']",['SCThrive' 'SCHealthED'],['United States'],"Children's Hospital Medical Center, Cincinnati","Children's Hospital Medical Center, Cincinnati",Global / Multi-Region,2.0,1.0,0.6,0.3
NCT06290687,Partial Cystectomy & Extended Pelvic Lymph Node Dissection With SOC Perioperative Systemic Therapy,Recruiting,Phase 2,['Malignant Neoplasm of Bladder' 'Muscle Invasive Bladder Carcinoma'],"['Neoadjuvant Chemotherapy'
 'Partial cystectomy with Extended pelvic lymph node dissection'
 'Adjuvant systemic therapy']",['United States'],Case Comprehensive Cancer Center,Case Comprehensive Cancer Center,Global / Multi-Region,2.0,1.0,0.6,0.3
NCT06293300,Understanding and Treating Traumatic Brain Injury (TBI) Associated Photophobia With Botulinum Toxin Type A (BoNT-A),Recruiting,Phase 2,['Traumatic Brain Injury'],['BoNT A'],['United States'],University of Miami,University of Miami,Global / Multi-Region,2.0,1.0,0.6,0.3
NCT06290713,Vasodilator and Exercise Study for DMD (VASO-REx),Recruiting,Phase 2,"['Duchenne Muscular Dystrophy' 'Duchenne Disease' 'Muscular Dystrophy'
 'Muscular Dystrophy in Children' 'Vasodilation' 'Exercise' 'DMD']",['Tadalafil' 'Placebo' 'Exercise Training'],['United States'],University of Florida,University of Florida,Global / Multi-Region,2.0,1.0,0.6,0.3
NCT06290817,Orelabrutinib Combined With R-CDOP for DLBCL Patients With High-risk of CNS Relapse Defined by CNS-IPI,Recruiting,Phase 2,['Diffuse Large B-cell Lymphoma'],['Orelabrutinib combined with R-CDOP regimen'],['China'],"Second Affiliated Hospital, School of Medicine, Zhejiang University","Second Affiliated Hospital, School of Medicine, Zhejiang University",Global / Multi-Region,2.0,1.0,0.6,0.3
NCT06290934,Study of GS-1427 in Participants With Moderately to Severely Active Ulcerative Colitis,Recruiting,Phase 2,['Ulcerative Colitis'],['GS-1427' 'Placebo-to-match GS-1427'],"['Australia' 'Austria' 'Belgium' 'Canada' 'Czechia' 'France' 'Georgia'
 'Germany' 'Hong Kong' 'Hungary' 'Italy' 'Malaysia' 'Moldova'
 'New Zealand' 'Poland' 'Romania' 'Serbia' 'South Korea' 'Spain' 'Taiwan'
 'United Kingdom' 'United States']",Gilead Sciences,Gilead Sciences,Global / Multi-Region,2.0,1.0,0.6,0.3
NCT06292689,"A Phase II, Single-arm, Multicenter, Prospective Study of Cardunolizumab in Recurrent or Metastatic Vulvar and Vaginal Cancer",Recruiting,Phase 2,['Vulvar and Vaginal Cancer'],['Cardunolizumab'],['China'],Zhejiang Cancer Hospital,Zhejiang Cancer Hospital,Global / Multi-Region,2.0,1.0,0.6,0.3
NCT06292923,A Study of Nasal Foralumab in Non-Active Secondary Progressive Multiple Sclerosis Patients,Recruiting,Phase 2,['Secondary Progressive Multiple Sclerosis'],['Foralumab' 'Placebo'],['United States'],Tiziana Life Sciences LTD,Tiziana Life Sciences LTD,Global / Multi-Region,2.0,1.0,0.6,0.3
NCT06293014,TAS-102 Combined With Bevacizumab for Second-line Maintenance Treatment of Advanced Colorectal Cancer,Recruiting,Phase 2,['Colorectal Cancer'],['TAS-102+bevacizumab' 'Standard chemotherapy+bevacizumab'],['China'],Henan Cancer Hospital,Henan Cancer Hospital,Global / Multi-Region,2.0,1.0,0.6,0.3
NCT06293287,Enoxaparin for Preventing the Radical Artery Occlusion After the Transradial Access Hepatic Arterial Infusion Chemotherapy,Recruiting,Phase 2,['Radial Artery Occlusion'],['Subcutaneous enoxaparin sodium' 'Placebo'],['China'],"Zhongshan Hospital (Xiamen), Fudan University","Zhongshan Hospital (Xiamen), Fudan University",Global / Multi-Region,2.0,1.0,0.6,0.3
NCT06234748,Trial of Individualized Adaptive RT in HPV-related High Risk Oropharynx Cancer,"Active, not recruiting",Phase 2,['Oropharynx Cancer' 'HPV-Related Carcinoma'],['Radiation' 'Platinum based chemotherapy'],['United States'],University of Michigan Rogel Cancer Center,University of Michigan Rogel Cancer Center,Global / Multi-Region,2.0,1.0,0.6,0.3
NCT06234007,"Short-course Radiotherapy Followed by Fruquintinib Plus Adebrelimab and CAPOX in the Full Course Neoadjuvant Treatment of Locally Advanced Rectal Cancer: a Multicenter, Single-arm, Open-label Study",Recruiting,Phase 2,['Locally Advanced Rectal Cancer'],"['Fruquintinib, Adebrelimab, Oxaliplatin, Capecitabine']",['China'],"Union Hospital, Tongji Medical College, Huazhong University of Science and Technology","Union Hospital, Tongji Medical College, Huazhong University of Science and Technology",Global / Multi-Region,2.0,1.0,0.6,0.3
NCT06322342,"Phase 2 Ascending Dose Safety and Efficacy Study of RVP-001, a Manganese-based MRI Contrast Agent",Recruiting,Phase 2,"['Central Nervous System (CNS) Lesions' 'Brain Metastases'
 'Brain Neoplasms' 'Brain Neoplasms, Benign' 'Brain Tumor, Primary'
 'Brain Tumor, Recurrent' 'Brain Tumors' 'Brain Cancer' 'Brain Tumor'
 'Brain Neoplasm, Primary' 'Multiple Sclerosis'
 'Multiple Sclerosis Brain Lesion' 'Neurofibroma' 'Acoustic Neuroma'
 'CNS Tumor' 'CNS Lesion' 'CNS Metastases' 'CNS Cancer' 'CNS Lymphoma'
 'Von Hippel Lindau' 'Meningioma' 'Glioma' 'Schwannomas'
 'Neuroinflammation' 'Neoplasia']",['RVP-001'],['United States'],Reveal Pharmaceuticals Inc.,Reveal Pharmaceuticals Inc.,Global / Multi-Region,2.0,1.0,0.6,0.3
NCT06233981,Phase II Study of Moderate-dose Hypofractionated RT Combined With Tislelizumab for HCC With Diffuse Tumor Thrombosis,Recruiting,Phase 2,"['Hepatocellular Carcinoma' 'Radiotherapy' 'Tislelizumab'
 'Tumor Thrombosis']","['Moderate-dose Hypofractionated Intensity-modulated Radiotherapy'
 'Tislelizumab']",['China'],"Cancer Institute and Hospital, Chinese Academy of Medical Sciences","Cancer Institute and Hospital, Chinese Academy of Medical Sciences",Global / Multi-Region,2.0,1.0,0.6,0.3
NCT06172127,PHESGO Maintenance After T-DXd Short Induction for HER2+ Unresectable Locally Recurrent or Metastatic Breast Cancer,Recruiting,Phase 2,['HER2-positive Breast Cancer'],"['Trastuzumab deruxtecan'
 'Phesgo 1,200 MG / 600 MG / 30,000 UNT Per 15 ML Injection'
 'Phesgo 600 MG / 600 MG / 20,000 UNT in 10 mL Injection']",['France' 'Germany' 'Italy' 'Spain' 'United States'],MedSIR,MedSIR,Global / Multi-Region,2.0,1.0,0.6,0.3
NCT06172478,A Study of HER3-DXd in Subjects With Locally Advanced or Metastatic Solid Tumors,Recruiting,Phase 2,"['Advanced Solid Tumor' 'Melanoma' 'Head and Neck Cancer' 'Gastric Cancer'
 'Ovarian Carcinoma' 'Cervical Cancer' 'Endometrial Cancer'
 'Bladder Cancer' 'Esophageal Cancer' 'Pancreatic Carcinoma'
 'Prostate Cancer' 'Non-small Cell Lung Cancer (NSCLC)' 'Lung Cancer'
 'Breast Cancer']",['HER3-DXd'],"['Australia' 'Belgium' 'Canada' 'France' 'Hungary' 'Italy' 'Japan'
 'Netherlands' 'Norway' 'South Korea' 'Spain' 'Taiwan' 'United Kingdom'
 'United States']",Daiichi Sankyo,Daiichi Sankyo,Global / Multi-Region,2.0,1.0,0.6,0.3
NCT06172595,FET PET in Differentiating Tumour Progression From Pseudoprogression in High Grade Glioma,Recruiting,Phase 2,"['Glioma, Malignant']",['FET PET'],['Singapore'],Singapore General Hospital,Singapore General Hospital,Global / Multi-Region,2.0,1.0,0.6,0.3
NCT06173037,"RC88 in Platinum-Resistant Recurrent Epithelial Ovarian Cancer, Fallopian Tube Cancer, and Primary Peritoneal Cancer",Recruiting,Phase 2,"['Primary Peritoneal Cancer' 'Fallopian Tube Cancer'
 'Epithelial Ovarian Cancer']",['RC88'],['China'],"RemeGen Co., Ltd.","RemeGen Co., Ltd.",Global / Multi-Region,2.0,1.0,0.6,0.3
NCT06173362,Abiraterone and Prednisone or Darolutamide for the Treatment of Advanced Prostate Cancer,Recruiting,Phase 2,"['Advanced Prostate Adenocarcinoma' 'Stage III Prostate Cancer AJCC v8'
 'Stage IV Prostate Cancer AJCC v8']",['Abiraterone' 'Biospecimen Collection' 'Darolutamide' 'Prednisone'],['United States'],Mamta Parikh,Mamta Parikh,Global / Multi-Region,2.0,1.0,0.6,0.3
NCT06173778,Semaglutide for Post-Smoking Cessation Weight Management,Recruiting,Phase 2,['Obesity' 'Overweight' 'Cigarette Smoking'],"['semaglutide 2.4mg' 'Placebo'
 'Nicotine Replacement Therapy (NRT, nicotine patch)'
 'Brief Smoking Cessation Counseling']",['United States'],"The University of Texas Health Science Center, Houston","The University of Texas Health Science Center, Houston",Global / Multi-Region,2.0,1.0,0.6,0.3
NCT06174220,Targeted Therapy With Glycogen Synthase Kinase-3 Inhibition for Arrhythmogenic Cardiomyopathy,Recruiting,Phase 2,"['Arrhythmogenic Cardiomyopathy'
 'Arrhythmogenic Right Ventricular Cardiomyopathy']",['Tideglusib' 'Placebo'],['Canada'],Hamilton Health Sciences Corporation,Hamilton Health Sciences Corporation,Global / Multi-Region,2.0,1.0,0.6,0.3
NCT06175000,Maintenance Obinutuzumab in Treating Patients With Central Nervous System Lymphoma Who Have Achieved a Complete or Partial Response,Recruiting,Phase 2,['Primary Central Nervous System Lymphoma'],['Cognitive Assessment' 'Obinutuzumab' 'Quality of Life Assessment'],['United States'],Providence Health & Services,Providence Health & Services,Global / Multi-Region,2.0,1.0,0.6,0.3
NCT06175065,"Safety, PK and PD Relationships of RLS-0071 in Patients With Acute Exacerbation of Chronic Obstructive Pulmonary Disease","Active, not recruiting",Phase 2,['Acute Exacerbation of Chronic Obstructive Pulmonary Disease'],['RLS-0071' 'Placebo'],['United States'],"ReAlta Life Sciences, Inc.","ReAlta Life Sciences, Inc.",Global / Multi-Region,2.0,1.0,0.6,0.3
NCT06175390,"Tiragolumab, Atezolizumab and Chemotherapy in Triple Negative Breast Cancer",Recruiting,Phase 2,['Triple Negative Breast Cancer'],"['68Ga-FAPI-46 PET/CT' 'Tumor samples analysis'
 'Blood samples analysis: Circulating Tumor DNA']",['France'],Institut Curie,Institut Curie,Global / Multi-Region,2.0,1.0,0.6,0.3
NCT06176040,A Study of TAVO101 in Atopic Dermatitis Patients,"Active, not recruiting",Phase 2,['Atopic Dermatitis'],['TAVO101'],['Australia' 'New Zealand'],Tavotek Biotherapeutics,Tavotek Biotherapeutics,Global / Multi-Region,2.0,1.0,0.6,0.3
NCT06176261,DATO-BASE: DATOpotamab-deruxtecan for Breast Cancer Brain metAstaSEs,Recruiting,Phase 2,"['Breast Cancer' 'Breast Cancer Female'
 'Metastatic Triple-Negative Breast Carcinoma' 'ER Positive Breast Cancer'
 'HER2-negative Breast Cancer' 'HER2 Negative Breast Carcinoma'
 'ER-negative Breast Cancer']",['Datopotamab Deruxtecan'],['United States'],"Sarah Sammons, MD","Sarah Sammons, MD",Global / Multi-Region,2.0,1.0,0.6,0.3
NCT06176339,"Assessing the Clinical Utility of Adding Pentoxifylline to Neoadjuvant Chemotherapy Protocols in Breast Cancer Patients""","Active, not recruiting",Phase 2,['Breast Cancer Female'],['Pentoxifylline Oral Tablet' 'Placebo'],['Egypt'],Mansoura University,Mansoura University,Global / Multi-Region,2.0,1.0,0.6,0.3
NCT06176508,Efficacy and Safety of HS-10374 Compared to Placebo in Adults With Active Psoriatic Arthritis,Recruiting,Phase 2,['Psoriatic Arthritis'],"['HS-10374' 'HS-10374-matched placebo tablets' 'Tofacitinib 5Mg Tab,Oral']",['China'],Hansoh BioMedical R&D Company,Hansoh BioMedical R&D Company,Global / Multi-Region,2.0,1.0,0.6,0.3
NCT06176534,"Combination Followed by Maintenance Chemotherapy Versus CDK4/6 Inhibitor Combined With Endocrine Therapy for HR Low/HER2-negative Advanced Breast Cancer: a Prospective, Randomized, Open-label Phase Ⅱ Clinical Trial",Recruiting,Phase 2,['Advanced Breast Cancer' 'Treatment' 'HR Low/HER2 Negative'],['Experimental: chemotheyapy' 'Active Comparator: endocrine therapy'],['China'],Henan Cancer Hospital,Henan Cancer Hospital,Global / Multi-Region,2.0,1.0,0.6,0.3
NCT06176729,Pola-R2 in Newly Diagnosed Non-fit Elderly DLBCL Patients,Recruiting,Phase 2,['Diffuse Large B Cell Lymphoma'],"['Polatuzumab Vedotin, Rituximab, Lenalidomide']",['China'],"Yan Zhang, MD","Yan Zhang, MD",Global / Multi-Region,2.0,1.0,0.6,0.3
NCT06176885,Efficacy and Safety of Combined With Immunotherapy After Induction Therapy With Chemotherapy and Targeted Therapy in the First-line Treatment of Microsatellite Stable (MSS) Initially Unresectable Metastatic Colorectal Cancer,Recruiting,Phase 2,['Colorectal Cancer'],['Camrelizumab'],['China'],yue junhan,yue junhan,Global / Multi-Region,2.0,1.0,0.6,0.3
NCT06171854,caBozantinib in Pre-treated pAtients With Metastatic COlorectal Cancer.,"Active, not recruiting",Phase 2,['Refractory Colorectal Adenocarcinoma'],['Cabozantinib'],['Italy'],University of Campania Luigi Vanvitelli,University of Campania Luigi Vanvitelli,Global / Multi-Region,2.0,1.0,0.6,0.3
NCT06171685,MMRC Horizon One Adaptive Platform Trial Evaluating Therapies in RRMM,Recruiting,Phase 2,['Relapse Multiple Myeloma' 'Refractory Multiple Myeloma'],['Teclistamab Monotherapy' 'Teclistamab'],['United States'],Multiple Myeloma Research Consortium,Multiple Myeloma Research Consortium,Global / Multi-Region,2.0,1.0,0.6,0.3
NCT06171555,Efficacy of CTM for Tennis ELbow,Enrolling by invitation,Phase 2,"['Tennis Elbow' 'Lateral Epicondylitis \\(Tennis Elbow\\)'
 'Lateral Elbow Tendinopathy']",['CTM' 'Celestone'],['United States'],Indiana Hand to Shoulder Center,Indiana Hand to Shoulder Center,Global / Multi-Region,2.0,1.0,0.6,0.3
NCT06168851,Anti-CD38 Antibody Treating Pediatric Primary Immune Thrombocytopenia (ITP),Recruiting,Phase 2,['Immune Thrombocytopenia' 'Treatment'],['Anti-CD38 antibody Injection'],['China'],"Institute of Hematology & Blood Diseases Hospital, China","Institute of Hematology & Blood Diseases Hospital, China",Global / Multi-Region,2.0,1.0,0.6,0.3
NCT06166576,Radioembolization as a Spearhead Treatment of Hepatocellular Carcinoma With Localized Portal Vein Tumor Thrombosis,Recruiting,Phase 2,['Hepatocellular Carcinoma'],['Ablative radioembolization'],['South Korea'],Seoul National University Hospital,Seoul National University Hospital,Global / Multi-Region,2.0,1.0,0.6,0.3
NCT06167291,Phase II Randomized-registry Embedded Study of Lymphoscintigraphy for Oropharyngeal Neoplasms to Enable Risk-adapted Nodal Guidance for Robotic Surgery and/or Radiotherapy (LONE-RANGR2),Recruiting,Phase 2,"['Oropharyngeal Neoplasms' 'Robotic Surgery and/or Radiotherapy'
 'Lymphoscintigraphy']",['Arm 1- Ipsilateral'],['United States'],M.D. Anderson Cancer Center,M.D. Anderson Cancer Center,Global / Multi-Region,2.0,1.0,0.6,0.3
NCT06167785,A Study to Evaluate Zanubrutinib and Tislelizumab in Progressive Lymphoma Post CAR-T,Recruiting,Phase 2,['Large B-cell Lymphoma'],['Tislelizumab' 'Zanubrutinib' 'Tislelizumab + Zanubrutinib'],['Canada'],"University Health Network, Toronto","University Health Network, Toronto",Global / Multi-Region,2.0,1.0,0.6,0.3
NCT06168383,To Evaluate the Efficacy and Safety of HSK31679 in Chinese Patients With Non-Alcoholic Steatohepatitis (NASH) .,"Active, not recruiting",Phase 2,['Non-Alcoholic Steatohepatitis (NASH)'],['HSK31679 80mg' 'HSK31679 160mg' 'Placebo'],['China'],"Haisco Pharmaceutical Group Co., Ltd.","Haisco Pharmaceutical Group Co., Ltd.",Global / Multi-Region,2.0,1.0,0.6,0.3
NCT06168786,Cadonilimab Combined With Fruquintinib and SBRT as Athird-line and Posterior Line Treatment in Patients With MSS CRC,Recruiting,Phase 2,['Colorectal Cancer'],['Fruquintinib' 'Cadonilimab' 'SBRT'],['China'],Huazhong University of Science and Technology,Huazhong University of Science and Technology,Global / Multi-Region,2.0,1.0,0.6,0.3
NCT06168799,Ilofotase Alfa for Prevention of Renal Damage After Cardiac Surgery,"Active, not recruiting",Phase 2,['Open Heart Surgery'],['Ilofotase alfa' 'Placebo'],['Germany'],AM-Pharma,AM-Pharma,Global / Multi-Region,2.0,1.0,0.6,0.3
NCT06168812,A Study of Glipizide to Treat High Blood Sugar in People With Pancreatic Cancer,Recruiting,Phase 2,"['Pancreatic Cancer' 'Pancreatic Carcinoma'
 'Pancreatic Ductal Adenocarcinoma' 'Pancreatic Cancer Metastatic'
 'Metastatic Pancreatic Cancer'
 'Metastatic Pancreatic Ductal Adenocarcinoma']",['Glipizide'],['United States'],Memorial Sloan Kettering Cancer Center,Memorial Sloan Kettering Cancer Center,Global / Multi-Region,2.0,1.0,0.6,0.3
NCT06169046,A Placebo-controlled Study of Clenbuterol in Spinal and Bulbar Muscular Atrophy,Recruiting,Phase 2,['Spinal and Bulbar Muscular Atrophy'],['Clenbuterol' 'Placebo'],['Italy'],Gianni Soraru,Gianni Soraru,Global / Multi-Region,2.0,1.0,0.6,0.3
NCT06171217,Realizing Effectiveness Across Continents With Hydroxyurea,"Active, not recruiting",Phase 2,['Sickle Cell Disease' 'Children'],['Hydroxyurea' 'Hydroxyurea'],['Angola' 'Democratic Republic of the Congo' 'Kenya' 'Uganda'],"Children's Hospital Medical Center, Cincinnati","Children's Hospital Medical Center, Cincinnati",Global / Multi-Region,2.0,1.0,0.6,0.3
NCT06169072,Sentinel Lymph Node Localisation With an Ultra-low Dose of Magtrace in Breast Cancer Patients,Recruiting,Phase 2,['Breast Cancer' 'Sentinel Lymph Node'],['Superparamagnetic Iron Oxide' 'Technetium99'],['Sweden'],Vastra Gotaland Region,Vastra Gotaland Region,Global / Multi-Region,2.0,1.0,0.6,0.3
NCT06169124,Study to Test the Drug Darolutamide Along With the Drugs Leuprolide Acetate and Exemestane in Patients With Recurrent Ovarian Granulosa Cell Tumors,"Active, not recruiting",Phase 2,['Adult Ovarian Granulosa Cell Tumor'],"['Biospecimen Collection' 'Chest Radiography' 'Computed Tomography'
 'Darolutamide' 'Exemestane' 'Leuprolide Acetate'
 'Magnetic Resonance Imaging' 'Positron Emission Tomography']",['United States'],National Cancer Institute (NCI),National Cancer Institute (NCI),Global / Multi-Region,2.0,1.0,0.6,0.3
NCT06169215,Comparing the Combination of Selinexor-Daratumumab-Velcade-Dexamethasone (Dara-SVD) With the Usual Treatment (Dara-RVD) for High-Risk Newly Diagnosed Multiple Myeloma,Recruiting,Phase 2,['Multiple Myeloma'],"['Biospecimen Collection' 'Bone Marrow Aspiration' 'Bone Marrow Biopsy'
 'Bortezomib' 'Computed Tomography'
 'Daratumumab and Recombinant Human Hyaluronidase' 'Dexamethasone'
 'Lenalidomide' 'Magnetic Resonance Imaging'
 'Positron Emission Tomography' 'Selinexor']",['United States'],National Cancer Institute (NCI),National Cancer Institute (NCI),Global / Multi-Region,2.0,1.0,0.6,0.3
NCT06169397,An Open-label Extension Study of XTMAB-16 in Patients With Pulmonary Sarcoidosis,Enrolling by invitation,Phase 2,['Pulmonary Sarcoidosis'],['XTMAB-16'],['Czechia' 'Poland' 'United Kingdom' 'United States'],"Xentria, Inc.","Xentria, Inc.",Global / Multi-Region,2.0,1.0,0.6,0.3
NCT06170710,Postoperative CCRT Followed by Immunotherapy in High-Risk LA HNSCC,Recruiting,Phase 2,['Head and Neck Squamous Cell Carcinoma'],['Anti-PD-1 monoclonal antibody' 'Postoperative CCRT'],['China'],"Cancer Institute and Hospital, Chinese Academy of Medical Sciences","Cancer Institute and Hospital, Chinese Academy of Medical Sciences",Global / Multi-Region,2.0,1.0,0.6,0.3
NCT06170840,A Study of QY101 Ointment in Subjects With Plaque Psoriasis,Recruiting,Phase 2,['Psoriasis'],['QY101Placebo/QY101 ointment'],['China'],"E-nitiate Biopharmaceuticals (Hangzhou) Co., Ltd.","E-nitiate Biopharmaceuticals (Hangzhou) Co., Ltd.",Global / Multi-Region,2.0,1.0,0.6,0.3
NCT06170970,Solriamfetol for the Treatment of Multiple Sclerosis Fatigue,Recruiting,Phase 2,['Multiple Sclerosis' 'Multiple Sclerosis Fatigue'],['Solriamfetol' 'Placebo'],['United States'],Johns Hopkins University,Johns Hopkins University,Global / Multi-Region,2.0,1.0,0.6,0.3
NCT06176911,The Combination of Teriflunomide and Danazol for Steroid-resistant/Relapse Immune Thrombocytopenia,Recruiting,Phase 2,['Immune Thrombocytopenia'],['Teriflunomide' 'Danazol'],['China'],Peking University People's Hospital,Peking University People's Hospital,Global / Multi-Region,2.0,1.0,0.6,0.3
NCT06176989,Enasidenib in IDH2-Mutated Malignant Sinonasal and Skull Base Tumors,Recruiting,Phase 2,"['Metastatic Chondrosarcoma' 'Locally Advanced Chondrosarcoma'
 'Metastatic Sinonasal Adenocarcinoma'
 'Locally Advanced Sinonasal Adenocarcinoma'
 'Metastatic Large-cell Neuroendocrine Carcinoma'
 'Locally Advanced Large-cell Neuroendocrine Carcinoma'
 'Metastatic Olfactory Neuroblastoma'
 'Locally Advanced Olfactory Neuroblastoma'
 'Metastatic Sinonasal Undifferentiated Carcinoma'
 'Locally Advanced Sinonasal Undifferentiated Carcinoma']",['Enasidenib'],['United States'],National Cancer Institute (NCI),National Cancer Institute (NCI),Global / Multi-Region,2.0,1.0,0.6,0.3
NCT06177522,Adebrelimab Combined With Chemotherapy for Neoadjuvant Therapy in Resectable Pancreatic Cancer,Recruiting,Phase 2,['Pancreatic Cancer' 'Neoadjuvant Therapy'],['Adebrelimab' 'albumin-bound paclitaxel' 'Gemcitabine'],['China'],"Jinling Hospital, China","Jinling Hospital, China",Global / Multi-Region,2.0,1.0,0.6,0.3
NCT06186648,Evaluation of Treatment by Glofitamab in Combination With Rituximab or Obinutuzumab Plus CHOP in Patients With RIchter Syndrome,Recruiting,Phase 2,['Richter Syndrome'],['Glofitamab + Obinutuzumab'],['France'],French Innovative Leukemia Organisation,French Innovative Leukemia Organisation,Global / Multi-Region,2.0,1.0,0.6,0.3
NCT06184750,"Finding the Best Tamoxifen Dose for Breast Cancer Risk Reduction in Premenopausal Women, RENAISSANCE Trial",Recruiting,Phase 2,"['Breast Atypical Ductal Hyperplasia'
 'Breast Atypical Lobular Hyperplasia' 'Breast Carcinoma'
 'Breast Ductal Carcinoma In Situ' 'Breast Lobular Carcinoma In Situ'
 'Estrogen Receptor-Positive Breast Carcinoma']","['Biopsy Procedure' 'Biospecimen Collection' 'Mammography'
 'Questionnaire Administration' 'Tamoxifen']",['United States'],National Cancer Institute (NCI),National Cancer Institute (NCI),Global / Multi-Region,2.0,1.0,0.6,0.3
NCT06185205,ASHBY: Accelerated Super-Hypofractionated Breast Brachytherapy,Recruiting,Phase 2,['Breast Cancer'],['Accelerated partial breast irradiation'],['United States'],Virginia Commonwealth University,Virginia Commonwealth University,Global / Multi-Region,2.0,1.0,0.6,0.3
NCT06185543,"A Phase 2, Randomized, Prospective Double-Blind, Single-Center, Placebo-controlled Study to Evaluate Safety, Tolerability, Target Engagement, and Efficacy of PrimeC in Patients With Mild to Moderate Alzheimer's Disease.",Recruiting,Phase 2,['Alzheimer Disease'],['PrimeC' 'Placebo'],['Israel'],NeuroSense Therapeutics Ltd.,NeuroSense Therapeutics Ltd.,Global / Multi-Region,2.0,1.0,0.6,0.3
NCT06185972,Novel Magnetic Resonance Imaging-Guided Ultrasound-Stimulated Microbubble Radiation Treatment for Patients With Chest-Wall and Breast Cancer,Recruiting,Phase 2,['Breast Cancer'],['Definity' 'Sonalleve Focused Ultrasound Device'],['Canada'],Sunnybrook Health Sciences Centre,Sunnybrook Health Sciences Centre,Global / Multi-Region,2.0,1.0,0.6,0.3
NCT06186102,Polyamine Treatment in Elderly Patients With Coronary Artery Disease,Recruiting,Phase 2,"['Ischemic Heart Disease' 'Myocardial Infarction'
 'Cardiovascular Diseases' 'Hypertensive Heart Disease' 'Hypertension'
 'Diastolic Dysfunction' 'Obesity' 'Metabolic Syndrome'
 'Diabetes Mellitus, Type 2' 'Dietary Habits' 'Inflammation'
 'Quality of Life' 'Cognition Disorder' 'Cognitive Impairment']",['Spermidine' 'Placebo'],['Denmark'],University of Aarhus,University of Aarhus,Global / Multi-Region,2.0,1.0,0.6,0.3
NCT06186531,PhytoSERM for Menopausal Hot Flashes and Sustained Brain Health,Recruiting,Phase 2,['Menopause' 'Hot Flashes'],['PhytoSERM' 'Placebo'],['United States'],NeuTherapeutics,NeuTherapeutics,Global / Multi-Region,2.0,1.0,0.6,0.3
NCT06186609,PD-1 Inhibitor Combined With Radiotherapy for Elderly ESCC,Recruiting,Phase 2,['Esophageal Squamous Cell Carcinoma'],"['PD-1 inhibitor 200mg per three to four weeks, for one year']",['China'],Affiliated Hospital of Nantong University,Affiliated Hospital of Nantong University,Global / Multi-Region,2.0,1.0,0.6,0.3
NCT06186726,Clinical Study of Carbon Ion Radiotherapy Combined With Chemotherapy for Thymic Epithelial Tumors,Recruiting,Phase 2,"['Carbon Ion Radiotherapy, Thymoma, Thymic Carcinoma, Radiotherapy, Chemotherapy']",['carbon ion radiotherapy'],['China'],Jian Chen,Jian Chen,Global / Multi-Region,2.0,1.0,0.6,0.3
NCT06184516,Assessment of Decision Tool to Select Women for Gynecologic Sparing Radical Cystectomy,Recruiting,Phase 2,['Urothelial Carcinoma Bladder'],['Reproductive organ sparing radical cystectomy' 'Radical cystectomy'],['United States'],University of Florida,University of Florida,Global / Multi-Region,2.0,1.0,0.6,0.3
NCT06186804,A Phase II Study Evaluating the Efficacy and Safety of ABSK021 (Pimicotinib)) in the Treatment of cGvHD Chronic Graft Versus Host Disease (cGvHD),Enrolling by invitation,Phase 2,['cGvHD'],['ABSK021'],['China'],"Abbisko Therapeutics Co, Ltd","Abbisko Therapeutics Co, Ltd",Global / Multi-Region,2.0,1.0,0.6,0.3
NCT06187506,Disitamab Vedotin Combined With BCG Therapy in HER2-expressing High-risk Non-muscle Invasive Bladder Cancer,Recruiting,Phase 2,['Non-muscle Invasive Bladder Cancer' 'HER-2 Protein Overexpression'],['Disitamab vedotin' 'Bacillus Calmette Guerin Vaccine'],['China'],Fudan University,Fudan University,Global / Multi-Region,2.0,1.0,0.6,0.3
NCT06187597,Consolidation of Toripalimab After Chemoradiotherapy in Elderly Esophageal Cancer (EC-CRT-007),Recruiting,Phase 2,['Locally Advanced Esophageal Squamous Cell Carcinoma'],['S-1' 'Toripalimab' 'Intensity-modulated radiotherapy'],['China'],Sun Yat-sen University,Sun Yat-sen University,Global / Multi-Region,2.0,1.0,0.6,0.3
NCT06187961,"Combined HAIC, Lenvatinib and Cadonilimab As Conversion Therapy for Unresectable Hepatocellular Carcinoma",Recruiting,Phase 2,['Hepatocellular Carcinoma Non-resectable'],['HAIC' 'Lenvatinib plus cadonilimab'],['China'],Tongji Hospital,Tongji Hospital,Global / Multi-Region,2.0,1.0,0.6,0.3
NCT06188559,A Study of BB-1701 in Previously Treated Participants With Human Epidermal Growth Factor Receptor 2 (HER2)-Positive or HER2-low Unresectable or Metastatic Breast Cancer,"Active, not recruiting",Phase 2,['Breast Cancer'],['BB-1701'],['France' 'Japan' 'Spain' 'United States'],Eisai Inc.,Eisai Inc.,Global / Multi-Region,2.0,1.0,0.6,0.3
NCT06188663,SalT Supplementation in Older Adults With Orthostatic Intolerance Disorders,Recruiting,Phase 2,['Orthostatic Hypotension'],['Salt supplementation (encapsulated sodium chloride)'],['Ireland'],University of Galway,University of Galway,Global / Multi-Region,2.0,1.0,0.6,0.3
NCT06188741,Selumetinib for the Prevention of Plexiform Neurofibroma Growth in NF Type 1,Recruiting,Phase 2,['Neurofibromatosis 1' 'Plexiform Neurofibroma'],['Selumetinib'],['United States'],University of Alabama at Birmingham,University of Alabama at Birmingham,Global / Multi-Region,2.0,1.0,0.6,0.3
NCT06184698,Liposomal Irinotecan and Leucovorin/5-fluorouracil Plus Bevacizumab in Metastatic Colorectal Cancer,Recruiting,Phase 2,['Colorectal Cancer'],['liposomal irinotecan' '5-FU' 'LV' 'Bevacizumab'],['China'],Hebei Medical University Fourth Hospital,Hebei Medical University Fourth Hospital,Global / Multi-Region,2.0,1.0,0.6,0.3
NCT06184009,Treatment of Newly Diagnosed High Risk Pediatric Acute Lymphoblastic Leukemia,Recruiting,Phase 2,['Pediatric Acute Lymphoblastic Leukemia'],"['ALL, High risk']",['South Korea'],Jae Wook Lee,Jae Wook Lee,Global / Multi-Region,2.0,1.0,0.6,0.3
NCT06177925,A Phase Ⅱ Clinical Study of Adebrelimab Combined With Chemotherapy and Concurrent Radiotherapy for Extensive-Stage Oligometastatic SCLC,Recruiting,Phase 2,"['Respiratory Tract Neoplasms' 'Thoracic Neoplasms' 'Neoplasms by Site'
 'Neoplasms' 'Lung Diseases' 'Respiratory Tract Diseases'
 'Carcinoma, Bronchogenic' 'Bronchial Neoplasms' 'Lung Neoplasms'
 'Small Cell Lung Carcinoma']",['Adebrelimab' 'Carboplatin/Cisplatin' 'Etoposide' 'Radiation therapy'],['China'],"Nanfang Hospital, Southern Medical University","Nanfang Hospital, Southern Medical University",Global / Multi-Region,2.0,1.0,0.6,0.3
NCT06179303,"Functional Imaging in Prediction of Response to Abemaciclib for Advanced Hormone Receptor-Positive, HER2-Negative Breast Cancer",Recruiting,Phase 2,"['Anatomic Stage III Breast Cancer AJCC v8'
 'Anatomic Stage IV Breast Cancer AJCC v8'
 'Locally Advanced Unresectable HER2-Negative Breast Carcinoma'
 'Locally Advanced Unresectable Hormone Receptor-Positive Breast Carcinoma'
 'Metastatic HER2-Negative Breast Carcinoma'
 'Metastatic Hormone Receptor-Positive Breast Carcinoma']","['Abemaciclib' 'Anastrozole' 'Biospecimen Collection'
 'Computed Tomography' 'Diagnostic Imaging Testing' 'Exemestane'
 'Fludeoxyglucose F-18' 'Fluorine F 18 Fluoro Furanyl Norprogesterone'
 'Fulvestrant' 'Gonadotropin-releasing Hormone Analog' 'Letrozole'
 'Positron Emission Tomography' 'Tamoxifen' 'Therapeutic Estradiol']",['United States'],University of Washington,University of Washington,Global / Multi-Region,2.0,1.0,0.6,0.3
NCT06177964,Lerapolturev (PVSRIPO) in GBM,Recruiting,Phase 2,['Recurrent Supratentorial Glioblastoma'],['Lerapolturev' 'Lomustine Pill'],['United States'],Darell Bigner,Darell Bigner,Global / Multi-Region,2.0,1.0,0.6,0.3
NCT06178055,A Study of the Efficacy and Safety of KUS121 in Participants With Acute Non-Arteritic Central Retinal Artery Occlusion (CRAO),"Active, not recruiting",Phase 2,['Central Retinal Artery Occlusion'],['KUS121 high dose' 'KUS121 low dose' 'Sham procedure'],['United States'],"Kyoto Drug Discovery and Development Co., Ltd.","Kyoto Drug Discovery and Development Co., Ltd.",Global / Multi-Region,2.0,1.0,0.6,0.3
NCT06178159,DV in Combination With Pertuzumab With or Without Toripalimab Neoadjuvant Therapy With HER2-positive Breast Cancer,Recruiting,Phase 2,['Breast Cancer'],['Disitamab Vedotin Injection' 'Pertuzumab Injection' 'Toripalimab'],['China'],"RemeGen Co., Ltd.","RemeGen Co., Ltd.",Global / Multi-Region,2.0,1.0,0.6,0.3
NCT06178198,Radiation Major Hepatectomy to Selectively Treat Large Unifocal Hepatocellular Carcinoma,Recruiting,Phase 2,['Hepatocellular Carcinoma'],['Ablative radioembolization using Yttrium-90 resin microspheres'],['South Korea'],Seoul National University Hospital,Seoul National University Hospital,Global / Multi-Region,2.0,1.0,0.6,0.3
NCT06178445,Efficacy and Safety of GemCis Plus Trastuzumab Plus Pembrolizumab in Previously Untreated HER2-positive Biliary Tract Cancer,Recruiting,Phase 2,['Biliary Tract Cancer' 'HER2 Gene Mutation' 'HER2'],['SOC plus trastuzumab and pembrolizumab'],['Germany'],Institut für Klinische Krebsforschung IKF GmbH at Krankenhaus Nordwest,Institut für Klinische Krebsforschung IKF GmbH at Krankenhaus Nordwest,Global / Multi-Region,2.0,1.0,0.6,0.3
NCT06178588,"Sacituzumab Govitecan for the Treatment for Patients With Locally Advanced, Recurrent, or Metastatic Cholangiocarcinoma",Recruiting,Phase 2,"['Locally Advanced Cholangiocarcinoma' 'Metastatic Cholangiocarcinoma'
 'Recurrent Cholangiocarcinoma'
 'Stage III Hilar Cholangiocarcinoma AJCC v8'
 'Stage III Intrahepatic Cholangiocarcinoma AJCC v8'
 'Stage IV Hilar Cholangiocarcinoma AJCC v8'
 'Stage IV Intrahepatic Cholangiocarcinoma AJCC v8']","['Biopsy' 'Biospecimen Collection' 'Computed Tomography'
 'Magnetic Resonance Imaging' 'Positron Emission Tomography'
 'Sacituzumab Govitecan']",['United States'],University of Kansas Medical Center,University of Kansas Medical Center,Global / Multi-Region,2.0,1.0,0.6,0.3
NCT06178601,A Study of RC48-ADC Combined With Cadonilimab（AK104）in the Treatment of HER2-expression Locally Advanced or Metastatic Urothelial Carcinoma,Recruiting,Phase 2,['Urothelial Carcinoma'],['RC48-ADC' 'AK104'],['China'],Shanxi Province Cancer Hospital,Shanxi Province Cancer Hospital,Global / Multi-Region,2.0,1.0,0.6,0.3
NCT06179524,CAR-T-19 Injection in the Treatment of CD19-positive Relapsed/Refractory B-ALL,Recruiting,Phase 2,"['Relapsed B-cell Acute Lymphoblastic Leukemia'
 'Refractory B-cell Acute Lymphoblastic Leukemia']",['CAR-T-19 cell injection'],['China'],Beijing Yongtai Ruike Biotechnology Company Ltd,Beijing Yongtai Ruike Biotechnology Company Ltd,Global / Multi-Region,2.0,1.0,0.6,0.3
NCT06183489,Use of Elranatamab in Patients With High-risk Smoldering Multiple Myeloma,Recruiting,Phase 2,['Smoldering Multiple Myeloma'],['Elranatamab'],['Finland' 'France' 'Greece' 'Italy' 'Netherlands' 'Norway'],Stichting European Myeloma Network,Stichting European Myeloma Network,Global / Multi-Region,2.0,1.0,0.6,0.3
NCT06179888,Iberdomide Versus Observation Off Therapy After Idecabtagene Vicleucel CAR-T for Multiple Myeloma,Recruiting,Phase 2,['Multiple Myeloma'],"['Biospecimen Collection' 'Bone Marrow Aspiration' 'Bone Marrow Biopsy'
 'Computed Tomography' 'Iberdomide' 'Magnetic Resonance Imaging'
 'Patient Monitoring' 'Positron Emission Tomography'
 'Skeletal Survey X-Ray']",['United States'],National Cancer Institute (NCI),National Cancer Institute (NCI),Global / Multi-Region,2.0,1.0,0.6,0.3
NCT06180356,Niraparib Rechallenge After Surgery in Ovarian Cancer Patients With Oligometastatic Progression,Recruiting,Phase 2,['Ovarian Cancer' 'Oligometastatic Disease' 'Serous Ovarian Tumor'],['Niraparib oral tablets'],['Spain'],MedSIR,MedSIR,Global / Multi-Region,2.0,1.0,0.6,0.3
NCT06180733,Neo-adjuvant Pembrolizumab as an Alternative Treatment for MMRd Uterine Cancer,Recruiting,Phase 2,['Endometrial Cancer'],['Pembrolizumab Injection [Keytruda]'],['Netherlands'],University Medical Center Groningen,University Medical Center Groningen,Global / Multi-Region,2.0,1.0,0.6,0.3
NCT06180889,Factor XI inhibiTion for the Prevention of Venous Thromboembolism in Patients Undergoing Total Knee Arthroplasty,"Active, not recruiting",Phase 2,"['Knee Arthroplasty, Total']",['Enoxaparin' 'KN060 Low' 'KN060 Middle' 'KN060 Hight'],['China'],"Suzhou Alphamab Co., Ltd.","Suzhou Alphamab Co., Ltd.",Global / Multi-Region,2.0,1.0,0.6,0.3
NCT06182085,Study to Assess Safety and Efficacy of PRI-002 in Patients With MCI to Mild Dementia Due to Alzheimer's Disease (AD),"Active, not recruiting",Phase 2,"[""Mild Cognitive Impairment Due to Alzheimer's Disease""
 ""Alzheimer's Disease, Early Onset""]",['PRI-002' 'Placebo'],['Czechia' 'Germany' 'Italy' 'Netherlands' 'Poland' 'Spain'],PRInnovation GmbH,PRInnovation GmbH,Global / Multi-Region,2.0,1.0,0.6,0.3
NCT06182839,Canagliflozin in Advanced Renal Disease With MRI Endpoints,Recruiting,Phase 2,"['ESRD, CKD Stage 4, CKD Stage 5']",['Canagliflozin 300Mg Tab' 'Placebo'],['Canada'],McGill University Health Centre/Research Institute of the McGill University Health Centre,McGill University Health Centre/Research Institute of the McGill University Health Centre,Global / Multi-Region,2.0,1.0,0.6,0.3
NCT06183073,Caudal Block With Bupivacaine and Dexmedetomidine Versus TAP Block With Bupivacaine Alone for Postoperative Analgesia in Pediatric Undergoing Infraumbical Surgeries,Recruiting,Phase 2,['Postoperative Pain'],['caudal block' 'Dexmedetomidine' 'TAP' 'Bupivacain'],['Egypt'],Sohag University,Sohag University,Global / Multi-Region,2.0,1.0,0.6,0.3
NCT06165900,Stereotactic Radiotherapy Combined With Adebrelimab and TCb (Nab-paclitaxel + Carboplatin) in Neoadjuvant Treatment of TNBC,Recruiting,Phase 2,['Stereotactic Radiotherapy' 'Immunotherapy' 'Breast Cancer'],"['adebrelimab plus stereotactic radiotherapy followed by adebrelimab plus chemotherapy (nab-paclitaxel + carboplatin)'
 'adebrelimab plus chemotherapy (nab-paclitaxel + carboplatin)']",['China'],Shengjing Hospital,Shengjing Hospital,Global / Multi-Region,2.0,1.0,0.6,0.3
NCT06165419,Definitive Radiation for High-Risk Spine Metastases,Recruiting,Phase 2,"['Metastatic Cancer' 'Metastatic Lung Cancer' 'Metastatic Breast Cancer'
 'Metastatic Tumor' 'Metastatic Tumor of Bone'
 'Metastatic Tumor to the Spine' 'Spine Metastases' 'Metastasis']",['SBRT to the spine'],['United States'],Stony Brook University,Stony Brook University,Global / Multi-Region,2.0,1.0,0.6,0.3
NCT06165380,Cardenilimab Combined With Chemotherapy for Locally Advanced Esophageal Squamous Cell Carcinoma,Recruiting,Phase 2,['Esophageal Squamous Cell Carcinoma' 'Neoadjuvant Therapies'],['Cardenilimab Combined With Chemotherapy'],['China'],Li Zhang,Li Zhang,Global / Multi-Region,2.0,1.0,0.6,0.3
NCT06153173,Mirdametinib in Histiocytic Disorders,Recruiting,Phase 2,"['Langerhans Cell Histiocytosis (LCH)' 'Juvenile Xanthogranuloma (JXG)'
 'Rosai-Dorfman Disease (RDD)' 'Histiocytic Disorders']",['Mirdametinib'],['United States'],"Children's Hospital Medical Center, Cincinnati","Children's Hospital Medical Center, Cincinnati",Global / Multi-Region,2.0,1.0,0.6,0.3
NCT06151236,Neoadjuvant Nivolumab and Relatlimab in Merkel Cell Carcinoma,Recruiting,Phase 2,['Merkel Cell Carcinoma'],['Nivolumab 240 mg / Relatlimab 80 mg in a fixed dose combination'],['Australia'],Melanoma Institute Australia,Melanoma Institute Australia,Global / Multi-Region,2.0,1.0,0.6,0.3
NCT06151262,A Study of Trilaciclib Combined With mFOLFIRINOX in the Treatment of Patients With Advanced Pancreatic Cancer,Recruiting,Phase 2,['Pancreatic Cancer'],['Trilaciclib+mFOLFIRINOX'],['China'],The Affiliated Nanjing Drum Tower Hospital of Nanjing University Medical School,The Affiliated Nanjing Drum Tower Hospital of Nanjing University Medical School,Global / Multi-Region,2.0,1.0,0.6,0.3
NCT06151743,Neoadjuvant PD-1 Inhibitor Combined With Cetuximab and Platinum in Resectable Locally Advanced Hypopharyngeal Carcinoma,Recruiting,Phase 2,['Locally Advanced Hypopharyngeal Carcinoma'],"['three cycles (toripalimab + cetuximab + platinum)' 'Radical surgery'
 'Radiotherapy or chemoradiotherapy']",['China'],Eye & ENT Hospital of Fudan University,Eye & ENT Hospital of Fudan University,Global / Multi-Region,2.0,1.0,0.6,0.3
NCT06151847,Lifileucel With Reduced Dose Fludarabine/Cyclophosphamide Lymphodepletion and Interleukin-2 for the Treatment of Patients With Unresectable or Metastatic Melanoma,Recruiting,Phase 2,"['Clinical Stage IV Cutaneous Melanoma AJCC v8' 'Metastatic Melanoma'
 'Pathologic Stage IIIC Cutaneous Melanoma AJCC v8'
 'Unresectable Melanoma']","['Biospecimen Collection' 'Cyclophosphamide' 'Echocardiography'
 'Fludarabine' 'Interleukin-2' 'Lifileucel' 'Magnetic Resonance Imaging'
 'Multigated Acquisition Scan' 'Tumor Resection']",['United States'],University of Kansas Medical Center,University of Kansas Medical Center,Global / Multi-Region,2.0,1.0,0.6,0.3
NCT06152731,HRD Tests for Ovarian cancER,Recruiting,Phase 2,['Ovarian Cancer'],['tests to determine HRD status'],['France'],Centre Francois Baclesse,Centre Francois Baclesse,Global / Multi-Region,2.0,1.0,0.6,0.3
NCT06152822,Pyrotinib Combined With Capecitabine and Bevacizumab for Patients With HER2 Positive Breast Cancer and Brain Metastases,Recruiting,Phase 2,['Breast Cancer With Brain Metastases'],['pyrotinib+capecitabine+bevacizumab'],['China'],Tongji Hospital,Tongji Hospital,Global / Multi-Region,2.0,1.0,0.6,0.3
NCT06152861,Travoprost Ophthalmic Topical Cream for Open-angle Glaucoma or Ocular Hypertension,Recruiting,Phase 2,['Open Angle Glaucoma' 'Ocular Hypertension'],"['Travoprost Ophthalmic Topical Cream low-dose'
 'Travoprost Ophthalmic Topical Cream mid-dose'
 'Travoprost Ophthalmic Topical Cream high-dose'
 'Timolol maleate ophthalmic solution, 0.5%'
 'Travoprost Ophthalmic Solution, 0.004%']",['United States'],Glaukos Corporation,Glaukos Corporation,Global / Multi-Region,2.0,1.0,0.6,0.3
NCT06153342,A Study of TL-925 for the Treatment of Allergic Conjunctivitis,Recruiting,Phase 2,['Allergic Conjunctivitis'],['TL-925' 'Placebo'],['United States'],"Telios Pharma, Inc.","Telios Pharma, Inc.",Global / Multi-Region,2.0,1.0,0.6,0.3
NCT06151080,Lenalidomide Combined With G-CHOP in the Treatment of Newly Diagnosed DLBCL With FL,Recruiting,Phase 2,['DLBCL - Diffuse Large B Cell Lymphoma' 'Follicular Lymphoma'],['Lenalidomide combined with G-CHOP (LO CHOP)'],['China'],The First Affiliated Hospital of Xiamen University,The First Affiliated Hospital of Xiamen University,Global / Multi-Region,2.0,1.0,0.6,0.3
NCT06153420,Study of the Research Medicine CIN-103 in Adults with Irritable Bowel Syndrome with Predominant Diarrhea (IBS-D).,Recruiting,Phase 2,['Irritable Bowel Syndrome with Diarrhea'],['CIN-103' 'Placebo'],['United States'],"CinPhloro Pharma, LLC","CinPhloro Pharma, LLC",Global / Multi-Region,2.0,1.0,0.6,0.3
NCT06153498,PK/PD Properties and Safety of Remazolam Besylate for Injection in ICU Patients With Impaired Renal Function,Recruiting,Phase 2,['Mechanically Ventilated Patients'],['Remimazolam besylate'],['China'],"Union Hospital, Tongji Medical College, Huazhong University of Science and Technology","Union Hospital, Tongji Medical College, Huazhong University of Science and Technology",Global / Multi-Region,2.0,1.0,0.6,0.3
NCT06153836,Neurotization of the Nipple Areolar Complex to Restore Sensation for Patients With Breast Cancer Undergoing Nipple Sparing Mastectomy and Reconstruction,Recruiting,Phase 2,"['Anatomic Stage 0 Breast Cancer AJCC v8'
 'Anatomic Stage I Breast Cancer AJCC v8'
 'Anatomic Stage IIA Breast Cancer AJCC v8']","['Neurotization Procedure' 'Questionnaire Administration'
 'Subcutaneous Mastectomy']",['United States'],Mayo Clinic,Mayo Clinic,Global / Multi-Region,2.0,1.0,0.6,0.3
NCT06154044,Cell Therapy and Myocardial Recovery in Heart Failure Patients Undergoing Left Ventricular Assist Device Support,Recruiting,Phase 2,['Heart Failure' 'Mechanical Circulatory Support'],['CD34+ stem cell therapy'],['Slovenia'],University Medical Centre Ljubljana,University Medical Centre Ljubljana,Global / Multi-Region,2.0,1.0,0.6,0.3
NCT06154278,Intrahepatic and Peripheral Responses to Imdusiran (AB-729) in Chronic Hepatitis B,Recruiting,Phase 2,['Chronic Hepatitis B'],['Imdusiran (AB-729)'],['United States'],"University of Maryland, Baltimore","University of Maryland, Baltimore",Global / Multi-Region,2.0,1.0,0.6,0.3
NCT06154538,Cadonilimab + FOLFOX Versus FOLFOX in the Neoadjuvant Treatment of pMMR/MSS Locally Advanced Colorectal Cancer,Recruiting,Phase 2,['Locally Advanced Colorectal Carcinoma'],['Cadonilimab' 'FOLFOX regimen'],['China'],"Cancer Institute and Hospital, Chinese Academy of Medical Sciences","Cancer Institute and Hospital, Chinese Academy of Medical Sciences",Global / Multi-Region,2.0,1.0,0.6,0.3
NCT06155279,Induction Chemo+Immunotherapy in Resectable Epithelioid and Biphasic Pleural Mesothelioma (CHIMERA Study),Recruiting,Phase 2,['Pleural Mesothelioma'],['Carboplatin/Cisplatin - Pemetrexed - Pembrolizumab'],['Italy'],Istituto Oncologico Veneto IRCCS,Istituto Oncologico Veneto IRCCS,Global / Multi-Region,2.0,1.0,0.6,0.3
NCT06151106,Chidamide and Duvalisibon for the Treatment of Refractory/Relapsed Peripheral T-cell Lymphoma,Recruiting,Phase 2,"['Peripheral T Cell Lymphoma' 'Relapsed Peripheral T-Cell Lymphoma'
 'Refractory T-Cell Lymphoma']",['Chidamide combined with Duvillisib'],['China'],The First Affiliated Hospital of Xiamen University,The First Affiliated Hospital of Xiamen University,Global / Multi-Region,2.0,1.0,0.6,0.3
NCT06150898,Ketorolac and Pregabalin Effects on breaSt Cancer (KePreSt),Recruiting,Phase 2,['Early-stage Breast Cancer' 'Estrogen-receptor-positive Breast Cancer'],"['Prospective data and sample collection' 'Ketorolac 10 Mg Oral Tablet'
 'Pregabalin 75mg' 'Omeprazole 20mg Capsule']",['Belgium'],Jules Bordet Institute,Jules Bordet Institute,Global / Multi-Region,2.0,1.0,0.6,0.3
NCT06155396,A Study of RC48-ADC Combination With Zimberelimab Injection Therapies at Least First-line Platinum-containing Standard Therapy Failed With Recurrent or Metastatic Cervical Cancer,Recruiting,Phase 2,['Cervical Cancer'],['Disitamab Vedotin' 'Zimberelimab'],['China'],"RemeGen Co., Ltd.","RemeGen Co., Ltd.",Global / Multi-Region,2.0,1.0,0.6,0.3
NCT06147635,Prophylactic Tributyrin Supplementation in Acute Pancreatitis,Recruiting,Phase 2,['Acute Pancreatitis'],"['Micro-encapsulated granules of tributyrin (intervention)'
 'Micro-encapsulated granules of sunflower oil (placebo)']",['Netherlands'],St. Antonius Hospital,St. Antonius Hospital,Global / Multi-Region,2.0,1.0,0.6,0.3
NCT06145412,A Study of Xevinapant With Cisplatin and Radiation Therapy After Surgery in People With Head and Neck Cancer,"Active, not recruiting",Phase 2,['Head and Neck Cancer'],['Xevinapan' 'Cisplatin' 'External beam'],['United States'],Memorial Sloan Kettering Cancer Center,Memorial Sloan Kettering Cancer Center,Global / Multi-Region,2.0,1.0,0.6,0.3
NCT06145633,Vorinostat and 177Lu-PSMA-617 for the Treatment of PSMA-Low Metastatic Castration-Resistant Prostate Cancer,Recruiting,Phase 2,"['Castration-Resistant Prostate Carcinoma'
 'Metastatic Prostate Adenocarcinoma' 'Stage IVB Prostate Cancer AJCC v8']","['Biopsy Procedure' 'Biospecimen Collection' 'Bone Scan'
 'Computed Tomography' 'Fludeoxyglucose F-18' 'Gallium Ga 68 Gozetotide'
 'Lutetium Lu 177 Vipivotide Tetraxetan' 'Positron Emission Tomography'
 'Single Photon Emission Computed Tomography' 'Vorinostat']",['United States'],Fred Hutchinson Cancer Center,Fred Hutchinson Cancer Center,Global / Multi-Region,2.0,1.0,0.6,0.3
NCT06146062,Effects of Intravascular Administration of Mesenchymal Stromal Cells Derived from Wharton's Jelly of the Umbilical Cord on Systemic Immunomodulation and Neuroinflammation After Traumatic Brain Injury.,Recruiting,Phase 2,['Traumatic Brain Injury'],['Mesenchymal Stromal Cells (MSC)' 'placebo'],['France'],Assistance Publique - Hôpitaux de Paris,Assistance Publique - Hôpitaux de Paris,Global / Multi-Region,2.0,1.0,0.6,0.3
NCT06146881,Effectiveness of Diquafosol Prophylactic Therapy to Prevent Dry Eye Disease for Cataract Surgery Patients in Indonesia,Recruiting,Phase 2,['Dry Eye Disease'],['Diquafosol sodium 3%' 'Sodium hyaluronate 0.1%'],['Indonesia'],Indonesia University,Indonesia University,Global / Multi-Region,2.0,1.0,0.6,0.3
NCT06147271,Impact of SGLT2 Inhibitors in Heart Transplant Recipients,Enrolling by invitation,Phase 2,"['Transplant; Failure, Heart' 'Cardiac Allograft Vasculopathy'
 'Rejection Heart Transplant']",['SGLT2i'],['Brazil'],Universidade Federal do Ceara,Universidade Federal do Ceara,Global / Multi-Region,2.0,1.0,0.6,0.3
NCT06147531,Delayed Cold-Stored Platelets -PLTS-1,Recruiting,Phase 2,['Platelets' 'Bleeding' 'Cardiopulmonary Bypass' 'Cardiac Surgery'],"['Delayed Cold-Stored Buffy Coat Platelets'
 'Room Temperature Buffy Coat Platelets']",['Canada'],"University Health Network, Toronto","University Health Network, Toronto",Global / Multi-Region,2.0,1.0,0.6,0.3
NCT06147570,A Study of HS-10365 in Patients With Advanced or Metastatic RET Fusion-Positive Non-Small Cell Lung Cancer,Recruiting,Phase 2,['Nonsmall Cell Lung Cancer'],['HS-10365 capsules'],['China'],"Jiangsu Hansoh Pharmaceutical Co., Ltd.","Jiangsu Hansoh Pharmaceutical Co., Ltd.",Global / Multi-Region,2.0,1.0,0.6,0.3
NCT06147986,Evaluate the Efficacy and Safety of Allogeneic Umbilical Cord Mesenchymal Stem Cells As an Add-On Treatment for Acute ST-elevation Myocardial Infarction (STEMI) Patients,Recruiting,Phase 2,['ST Elevation Myocardial Infarction'],['Allogeneic umbilical cord mesenchymal stem cells' 'Control group'],['Taiwan'],"Ever Supreme Bio Technology Co., Ltd.","Ever Supreme Bio Technology Co., Ltd.",Global / Multi-Region,2.0,1.0,0.6,0.3
NCT06150859,Ayahuasca Assisted Psychotherapy for Grief,Enrolling by invitation,Phase 2,['Bereavement'],"['Ayahausca-Assisted psychotherapy' 'Constructivist Psychotherapy'
 'No treatment']",['Spain'],Beckley Med Foundation,Beckley Med Foundation,Global / Multi-Region,2.0,1.0,0.6,0.3
NCT06148311,Dexmedetomidine Sublingual Film for the Ambulatory Treatment of Hyperadrenergic Autonomic Crisis in Patients With Familial Dysautonomia,Enrolling by invitation,Phase 2,['Familial Dysautonomia'],['Matching placebo' 'Dexmedetomidine'],['United States'],NYU Langone Health,NYU Langone Health,Global / Multi-Region,2.0,1.0,0.6,0.3
NCT06148402,Fruquintinib Plus Camrelizumab and Capecitabine as Salvage Therapy After Progression on FOLFOXIRI-based First-line Treatment in Patients With Unresectable/Metastatic Colorectal Cancer,Recruiting,Phase 2,['Unresectable/Metastatic Colorectal Cancer'],['Fruquintinib plus camrelizumab and capecitabine'],['China'],Sun Yat-Sen Memorial Hospital of Sun Yat-Sen University,Sun Yat-Sen Memorial Hospital of Sun Yat-Sen University,Global / Multi-Region,2.0,1.0,0.6,0.3
NCT06149130,Adebrelimab Combined With Dalpiciclib and Standard Endocrine Therapy for HR+/HER2 - Advanced Breast Cancer,Recruiting,Phase 2,['Breast Cancer'],['Adebrelimab' 'dalpiciclib'],['China'],Tongji Hospital,Tongji Hospital,Global / Multi-Region,2.0,1.0,0.6,0.3
NCT06149169,CD19-targeted CAR T Cells for Relapsed and Refractory (R/R) Large B-cell Lymphoma,"Active, not recruiting",Phase 2,"['Lymphoma, Non-Hodgkin' 'Diffuse Large B Cell Lymphoma']",['CD19-targeted Chimeric Antigen Receptor(CAR) T Cells'],['China'],"Shanghai Ming Ju Biotechnology Co., Ltd.","Shanghai Ming Ju Biotechnology Co., Ltd.",Global / Multi-Region,2.0,1.0,0.6,0.3
NCT06149520,A Study to Learn More About How Well BAY3018250 Works and How Safe it is for People With Proximal Deep Vein Thrombosis,Recruiting,Phase 2,['Thrombolysis' 'Symptomatic Proximal Deep Vein Thrombosis'],['BAY3018250' 'Placebo to BAY3018250'],"['Belgium' 'Bulgaria' 'Canada' 'Czechia' 'France' 'Germany' 'Greece'
 'Hungary' 'Italy' 'Netherlands' 'Slovakia' 'Spain' 'Turkey (Türkiye)']",Bayer,Bayer,Global / Multi-Region,2.0,1.0,0.6,0.3
NCT06149689,mFOLFIRINOX Plus Radiotherapy to Patients With CA19-9-normal Advanced Pancreatic Cancer,Recruiting,Phase 2,['Pancreatic Adenocarcinoma'],['mFOLFIRINOX plus radiotherapy'],['China'],Fudan University,Fudan University,Global / Multi-Region,2.0,1.0,0.6,0.3
NCT06150417,MDRT in Prostate Cancer Treated With Long-term Androgen Deprivation Therapy in the STAMPEDE Trial (METANOVA),Recruiting,Phase 2,"['Prostate Cancer' 'Malignant Neoplasm of Prostate'
 'Secondary Malignant Neoplasm of Prostate']","['Androgen deprivation therapy (ADT)'
 'Androgen receptor signaling inhibitor (ARSI)'
 'Local Therapy: Radical Prostatectomy (RP) or Radiotherapy (RT)'
 'Metastasis directed radiotherapy (MDRT)']",['United States'],Case Comprehensive Cancer Center,Case Comprehensive Cancer Center,Global / Multi-Region,2.0,1.0,0.6,0.3
NCT06155383,Perioperative Disitamab Vedotin Plus Toripalimab and XELOX in Gastric or Gastroesophageal Junction Adenocarcinoma.,Recruiting,Phase 2,['Gastric Cancer' 'Gastroesophageal Junction Adenocarcinoma'],['Capecitabine' 'oxaliplatin' 'Disitamab Vedotin' 'Toripalimab'],['China'],"RemeGen Co., Ltd.","RemeGen Co., Ltd.",Global / Multi-Region,2.0,1.0,0.6,0.3
NCT06155604,SGLT2 Inhibitor in Lupus Nephritis Patients With Chronic Kidney Disease,Recruiting,Phase 2,['Lupus Nephritis' 'Chronic Kidney Diseases'],['Dapagliflozin 10mg Tab' 'Standard maintenance therapy'],['Hong Kong'],The University of Hong Kong,The University of Hong Kong,Global / Multi-Region,2.0,1.0,0.6,0.3
NCT06164613,Use of Cinnamomum Verum for Induction of Labor. Double Blind Randomized Clinical Trial,Recruiting,Phase 2,['Labor Onset and Length Abnormalities' 'First Birth'],['Cinnamomum Verum oil extract' 'Placebo'],['Honduras'],Universidad Nacional Autonoma de Honduras,Universidad Nacional Autonoma de Honduras,Global / Multi-Region,2.0,1.0,0.6,0.3
NCT06162013,The NADAPT Study: a Randomized Double-blind Trial of NAD Replenishment Therapy for Atypical Parkinsonism,Recruiting,Phase 2,"['Progressive Supranuclear Palsy' 'Multiple System Atrophy'
 'Corticobasal Syndrome']",['Nicotinamide Riboside' 'Placebo'],['Norway'],Haukeland University Hospital,Haukeland University Hospital,Global / Multi-Region,2.0,1.0,0.6,0.3
NCT06161311,Baseline Relative Peripheral Refraction in Myopia Control,Recruiting,Phase 2,['Myopia'],['DIMS lenses'],['Hong Kong'],The Hong Kong Polytechnic University,The Hong Kong Polytechnic University,Global / Multi-Region,2.0,1.0,0.6,0.3
NCT06161441,"A Trial to Learn if the Combination of Fianlimab, Cemiplimab, and Chemotherapy is Safe and Works Better Than the Combination of Cemiplimab and Chemotherapy in Adult Patients With Non-Small Cell Lung Cancer That Can be Treated With Surgery",Recruiting,Phase 2,['Resectable Non-small Cell Lung Cancer'],"['Fianlimab' 'Cemiplimab' 'Pemetrexed' 'Paclitaxel' 'Carboplatin'
 'Cisplatin' 'Placebo']","['Australia' 'Chile' 'France' 'Georgia' 'Germany' 'Italy' 'Malaysia'
 'Romania' 'South Korea' 'Spain' 'Taiwan' 'Turkey (Türkiye)'
 'United States']",Regeneron Pharmaceuticals,Regeneron Pharmaceuticals,Global / Multi-Region,2.0,1.0,0.6,0.3
NCT06161506,Surface Electrical Stimulation for Urinary Incontinence in Men Treated for Prostate Cancer,Recruiting,Phase 2,"['Urinary Urge Incontinence' 'Stress Urinary Incontinence'
 'Prostatic Hyperplasia']",['Elidah Device'],['United States'],National Cancer Institute (NCI),National Cancer Institute (NCI),Global / Multi-Region,2.0,1.0,0.6,0.3
NCT06161532,"Sacituzumab Govitecan With or Without Atezolizumab Immunotherapy in Rare Genitourinary Tumors (SMART) Such as High Grade Neuroendocrine Carcinomas, Adenocarcinoma, and Squamous Cell Bladder/Urinary Tract Cancer, Renal Medullary Carcinoma and Penile C...",Recruiting,Phase 2,"['Small Cell Carcinoma of the Bladder'
 'Small Cell Carcinoma of the Urinary Tract'
 'Squamous Cell Carcinoma of the Bladder'
 'Squamous Cell Carcinoma of the Urinary Tract'
 'Primary Adenocarcinoma of the Bladder'
 'Primary Adenocarcinoma of the Urinary Tract' 'Renal Medullary Carcinoma'
 'Squamous Cell Carcinoma of the Penis']",['Sacituzumab govitecan' 'Atezolizumab'],['United States'],National Cancer Institute (NCI),National Cancer Institute (NCI),Global / Multi-Region,2.0,1.0,0.6,0.3
NCT06161545,Pembrolizumab + N-803 Alone or in Combination With PD-L1 t-haNK Cells for Resectable Head and Neck Squamous Cell Carcinoma,Recruiting,Phase 2,"['Stage II Squamous Cell Carcinoma of the Head and Neck'
 'Stage III Squamous Cell Carcinoma of the Head and Neck'
 'Stage IV Squamous Cell Carcinoma of the Head and Neck']",['PD-L1 t-haNK cells' 'pembrolizumab' 'N-803'],['United States'],National Cancer Institute (NCI),National Cancer Institute (NCI),Global / Multi-Region,2.0,1.0,0.6,0.3
NCT06161688,Ensitrelvir for Viral Persistence and Inflammation in People Experiencing Long COVID,"Active, not recruiting",Phase 2,['Long COVID' 'Post Acute Sequelae of COVID-19' 'Post-Acute COVID-19'],['Ensitrelvir' 'Placebo'],['United States'],Timothy Henrich,Timothy Henrich,Global / Multi-Region,2.0,1.0,0.6,0.3
NCT06161974,Study of Olutasidenib and Temozolomide in HGG,Recruiting,Phase 2,"['High Grade Glioma' 'Astrocytoma' 'Astrocytoma, Grade III'
 'Astrocytoma, Grade IV' 'Diffuse Intrinsic Pontine Glioma'
 'WHO Grade III Glioma' 'WHO Grade IV Glioma' 'Metastatic Brain Tumor'
 'Diffuse Midline Glioma, H3 K27M-Mutant' 'Thalamus Tumor' 'Spinal Tumor'
 'IDH1 Mutation' 'IDH1 R132' 'IDH1 R132C' 'IDH1 R132H' 'IDH1 R132S'
 'IDH1 R132G' 'IDH1 R132L' 'Oligodendroglioma']",['Olutasidenib + TMZ'],"['Australia' 'Canada' 'Germany' 'Netherlands' 'United Kingdom'
 'United States']",Rigel Pharmaceuticals,Rigel Pharmaceuticals,Global / Multi-Region,2.0,1.0,0.6,0.3
NCT06162351,"A Study to Evaluate the Efficacy and Toxicities of PLX038, in Patients With Locally Advanced or Metastatic Triple-negative Breast Cancer",Recruiting,Phase 2,['Breast' 'Cancer'],['PLX038'],['France'],Institut Curie,Institut Curie,Global / Multi-Region,2.0,1.0,0.6,0.3
NCT06160232,Psilocybin-Assisted Therapy for Severe Alcohol Use Disorder,Recruiting,Phase 2,['Severe Alcohol Use Disorder'],['Psilocybin (high dose)' 'Active placebo (low dose of psilocybin)'],['Belgium'],Brugmann University Hospital,Brugmann University Hospital,Global / Multi-Region,2.0,1.0,0.6,0.3
NCT06162650,Total Neoadjuvant Therapy in Rectal Cancer,Recruiting,Phase 2,['Rectal Cancer'],['Short-course radiotherapy' 'mFOLFOX6'],['Taiwan'],National Cheng-Kung University Hospital,National Cheng-Kung University Hospital,Global / Multi-Region,2.0,1.0,0.6,0.3
NCT06162832,Periodontal Regeneration With Recombinant Human Platelet Derived Growth Factor (rH-PDGF-BB) and Allograft,Recruiting,Phase 2,['Periodontal Diseases'],['Allograft and rHPDGF-BB' 'Allograft and Saline solution'],['Mexico'],Universidad Autonoma de Nuevo Leon,Universidad Autonoma de Nuevo Leon,Global / Multi-Region,2.0,1.0,0.6,0.3
NCT06163573,Treatment of Patellofemoral Osteoarthritis With Engineered Cartilage.,Recruiting,Phase 2,['Patellofemoral Osteoarthritis'],['N-TEC' 'Platelet rich plasma'],['Croatia' 'Germany' 'Switzerland'],"University Hospital, Basel, Switzerland","University Hospital, Basel, Switzerland",Global / Multi-Region,2.0,1.0,0.6,0.3
NCT06163729,Camrelizumab Combined With Chemotherapy and Radiotherapy Perioperative Treatment of Esophageal Gastric Junction Adenocarcinoma,Recruiting,Phase 2,['Gastroesophageal Junction Adenocarcinoma (Siewert II-III)'],['Camrelizumab+Oxaliplatin+Paclitaxel (Albumin Bound) +radiotherapy'],['China'],"Cancer Institute and Hospital, Chinese Academy of Medical Sciences","Cancer Institute and Hospital, Chinese Academy of Medical Sciences",Global / Multi-Region,2.0,1.0,0.6,0.3
NCT06163833,Mesenchymal Stromal Cells for Traumatic Brain Injury,Recruiting,Phase 2,['Traumatic Brain Injury With Loss of Consciousness'],"['Mesenchymal stromal cell low dosage-80*10^6 cells'
 'Mesenchymal stromal cell low dosage-160*10^6 cells'
 'Placebo-storage solution']",['Italy'],Fondazione IRCCS San Gerardo dei Tintori,Fondazione IRCCS San Gerardo dei Tintori,Global / Multi-Region,2.0,1.0,0.6,0.3
NCT06164275,Pembrolizumab Followed by Chemotherapy for the Treatment of Patients With Classical Hodgkin Lymphoma,"Active, not recruiting",Phase 2,['Classic Hodgkin Lymphoma'],"['Biopsy' 'Biospecimen Collection' 'Computed Tomography' 'Dacarbazine'
 'Doxorubicin' 'Echocardiography' 'Multigated Acquisition Scan'
 'Pembrolizumab' 'Positron Emission Tomography' 'Vinblastine']",['United States'],Northwestern University,Northwestern University,Global / Multi-Region,2.0,1.0,0.6,0.3
NCT06164600,Bovine Colostrum for Prophylaxis Against Recurrent Urinary Tract Infection in Children,Recruiting,Phase 2,"['Urinary Tract Infections' 'Recurrent' 'Child' 'Prevention & Control'
 'Infections' 'Urologic Diseases' 'Communicable Diseases']",['Bovine colostrum' 'Placebo'],['Egypt'],Ain Shams University,Ain Shams University,Global / Multi-Region,2.0,1.0,0.6,0.3
NCT06160843,Pembrolizumab and Olaparib Treatment for Relapsed or Refractory Peripheral T-Cell Lymphoma,Recruiting,Phase 2,"['Relapsed Peripheral T-Cell Lymphoma'
 'Refractory Peripheral T-Cell Lymphoma']","['Pembrolizumab IV infusion Q3W, with daily oral Olaparib.']",['Singapore'],"National Cancer Centre, Singapore","National Cancer Centre, Singapore",Global / Multi-Region,2.0,1.0,0.6,0.3
NCT06160206,Retifanlimab with Bevacizumab and Hypofractionated Radiotherapy for the Treatment of Recurrent Glioblastoma,Recruiting,Phase 2,['Recurrent Glioblastoma' 'Recurrent WHO Grade 4 Glioma'],"['Bevacizumab' 'Biospecimen Collection' 'Computed Tomography'
 'Electronic Health Record Review' 'Hypofractionated Radiation Therapy'
 'Magnetic Resonance Imaging' 'Retifanlimab']",['United States'],Academic and Community Cancer Research United,Academic and Community Cancer Research United,Global / Multi-Region,2.0,1.0,0.6,0.3
NCT06156527,A Randomized Phase II Study of LAZE rtiNib Alone Versus Lazertinib Plus bevaCizumab for NSCLC With EGFR + & Smoker,Recruiting,Phase 2,['Lazertinib'],['Lazertinib' 'Bevacizumab Injectable Product'],['South Korea'],"National Cancer Center, Korea","National Cancer Center, Korea",Global / Multi-Region,2.0,1.0,0.6,0.3
NCT06158113,Efficacy and Safety of Baricitinib in Oral Lichen Planus: a Proof-of-Concept Study,Recruiting,Phase 2,"['Lichen Planus, Oral' 'Lichen Planus, Mucosal' 'Oral Lichen Planus']",['Baricitinib 4 milligram Oral Tablet'],['United States'],"University of North Carolina, Chapel Hill","University of North Carolina, Chapel Hill",Global / Multi-Region,2.0,1.0,0.6,0.3
NCT06156579,Combination Salvage Therapy With Venetoclax and Decitabine in Relapsed/Refractory AML,Recruiting,Phase 2,['AML' 'MDS'],['Decitabine' 'Venetoclax'],['Germany'],University Hospital Tuebingen,University Hospital Tuebingen,Global / Multi-Region,2.0,1.0,0.6,0.3
NCT06156878,PD-1 Inhibitor Plus Anti-EGFR Therapy And Radiotherapy in Locally Advanced NPC Resistant to Induction Chemotherapy,Recruiting,Phase 2,['Nasopharyngeal Carcinoma'],['Anti-EGFR and PD-1 inhibitor arm'],['China'],Fudan University,Fudan University,Global / Multi-Region,2.0,1.0,0.6,0.3
NCT06156891,PD-1 Inhibitor Based Induction Chemotherapy Followed by De-escalation Protocols in OPSCC,Recruiting,Phase 2,['Oropharyngeal Cancer'],['Toxicities reduced treatment' 'Conventional treatment'],['China'],Fudan University,Fudan University,Global / Multi-Region,2.0,1.0,0.6,0.3
NCT06157099,"Atorvastatin for Preventing Disease Metastasis in Patients With Resected High-Risk Stage IIA, IIB, or IIIA Melanoma",Recruiting,Phase 2,"['Pathologic Stage IIIA Cutaneous Melanoma AJCC v8'
 'Pathologic Stage IIA Cutaneous Melanoma AJCC v8'
 'Pathologic Stage IIB Cutaneous Melanoma AJCC v8']","['Atorvastatin' 'Placebo Administration' 'Computed Tomography'
 'Magnetic Resonance Imaging' 'Electronic Health Record Review']",['United States'],OHSU Knight Cancer Institute,OHSU Knight Cancer Institute,Global / Multi-Region,2.0,1.0,0.6,0.3
NCT06157151,PRGN-2009 in Combination With Pembrolizumab Versus Pembrolizumab in Patients With Recurrent or Metastatic Cervical Cancer,Recruiting,Phase 2,"['Cervical Cancer' 'HPV-Related Carcinoma' 'HPV-Related Malignancy'
 'Recurrent Cervical Carcinoma' 'Metastatic Cervical Cancer']",['PRGN-2009 plus Pembrolizumab' 'Pembrolizumab alone'],['United States'],"Precigen, Inc","Precigen, Inc",Global / Multi-Region,2.0,1.0,0.6,0.3
NCT06157892,A Study of Disitamab Vedotin With Other Anticancer Drugs in Solid Tumors,Recruiting,Phase 2,"['Breast Neoplasms' 'Gastroesophageal Junction Adenocarcinoma'
 'HER2 Low Breast Neoplasms' 'HER2 Positive Breast Neoplasms'
 'Stomach Neoplasms' 'Triple Negative Breast Neoplasms'
 'Metastatic Breast Cancer' 'Metastatic Gastric Cancer'
 'Advanced Breast Cancer' 'Advanced Gastric Cancer']",['disitamab vedotin' 'tucatinib'],"['Australia' 'Canada' 'Germany' 'Italy' 'South Korea' 'Spain' 'Taiwan'
 'United Kingdom' 'United States']","Seagen, a wholly owned subsidiary of Pfizer","Seagen, a wholly owned subsidiary of Pfizer",Global / Multi-Region,2.0,1.0,0.6,0.3
NCT06157996,Lenvatinib Plus Tislelizumab and CapeOX as First-Line Treatment for Advanced GC/GEJC With Positive PD-L1 and Low TMEscore,Recruiting,Phase 2,['Gastric Cancer'],"['lenvatinib and tislelizumab plus CapeOX chemotherapy'
 'tislelizumab plus CapeOX chemotherapy']",['China'],"Nanfang Hospital, Southern Medical University","Nanfang Hospital, Southern Medical University",Global / Multi-Region,2.0,1.0,0.6,0.3
NCT06158230,Comparison of Efficacy Between Combination of Amitriptyline-propranolol and Pizotifen for Migraine Prophylaxis.,"Active, not recruiting",Phase 2,['Migraine'],['Pizotifen' 'Amitriptyline-propranolol'],['Bangladesh'],"Bangabandhu Sheikh Mujib Medical University, Dhaka, Bangladesh","Bangabandhu Sheikh Mujib Medical University, Dhaka, Bangladesh",Global / Multi-Region,2.0,1.0,0.6,0.3
NCT06159478,Binimetinib in Patients With BRAF Fusion-positive Low-grade Glioma or Pancreatic Cancer (Perfume),Recruiting,Phase 2,['Low-grade Glioma' 'Pancreatic Cancer'],['Binimetinib 15 MG'],['Japan'],"National Cancer Center, Japan","National Cancer Center, Japan",Global / Multi-Region,2.0,1.0,0.6,0.3
NCT06158269,DVRd in the Treatment of Patients With Newly Diagnosed Double-hit Multiple Myeloma,Recruiting,Phase 2,['Multiple Myeloma'],['DVRd'],['China'],"Institute of Hematology & Blood Diseases Hospital, China","Institute of Hematology & Blood Diseases Hospital, China",Global / Multi-Region,2.0,1.0,0.6,0.3
NCT06158386,Chidamide Combined With Linperlisibon for the Treatment of Refractory/Relapsed Follicular Lymphoma,Recruiting,Phase 2,"['Follicular Lymphoma' 'Refractory B-Cell Lymphoma'
 'Relapsed Non-Hodgkin Lymphoma']",['Chidamide combined with Linperlisib'],['China'],The First Affiliated Hospital of Xiamen University,The First Affiliated Hospital of Xiamen University,Global / Multi-Region,2.0,1.0,0.6,0.3
NCT06158399,AZA Combined With RCHOP in P53-mutated DLBCL.,Recruiting,Phase 2,['DLBCL - Diffuse Large B Cell Lymphoma' 'TP53'],['Azacitidine in combination with R-CHOP'],['China'],The First Affiliated Hospital of Xiamen University,The First Affiliated Hospital of Xiamen University,Global / Multi-Region,2.0,1.0,0.6,0.3
NCT06158412,All-trans Retinoic Acid in Combination With a KPD Regimen for the Treatment of Refractory/Relapsed Multiple Myeloma,Recruiting,Phase 2,"['Multiple Myeloma in Relapse' 'Multiple Myeloma, Refractory']",['All-trans Retinoic Acid in combination with the KPD Regimen'],['China'],The First Affiliated Hospital of Xiamen University,The First Affiliated Hospital of Xiamen University,Global / Multi-Region,2.0,1.0,0.6,0.3
NCT06158490,A Study to Evaluate JYP0061 Tablets in Patients With Moderate-to-severe Atopic Dermatitis,Enrolling by invitation,Phase 2,['Moderate-to-severe Atopic Dermatitis'],['JYP0061 15 mg' 'JYP0061 30 mg' 'Placebo'],['China'],"Guangzhou JOYO Pharma Co., Ltd","Guangzhou JOYO Pharma Co., Ltd",Global / Multi-Region,2.0,1.0,0.6,0.3
NCT06158594,Determining the Optimal Amount of Structured Environments for Healthy Kids,Recruiting,Phase 2,"['Health Status Disparities' 'Pediatric Obesity' 'Ethnic Groups'
 'Socioeconomic Factors']",['Summer day camp'],['United States'],University of South Carolina,University of South Carolina,Global / Multi-Region,2.0,1.0,0.6,0.3
NCT06159283,Intravenous Immunoglobulin Replacement Therapy for Persistent COVID-19 in Patients With B-cell Impairment,Recruiting,Phase 2,['COVID-19'],['Immunoglobulins'],['South Korea'],Jaehoon Ko,Jaehoon Ko,Global / Multi-Region,2.0,1.0,0.6,0.3
NCT06188923,A New Intervention to Improve Function in Veterans With Anxiety and Depression,Recruiting,Phase 2,['Anxiety and Depression'],['Pregnenolone' 'Placebo'],['United States'],VA Office of Research and Development,VA Office of Research and Development,Global / Multi-Region,2.0,1.0,0.6,0.3
NCT06189209,Efficacy and Safety of Tenalisib in Patients With Metastatic Triple Negative Breast Cancer (TNBC),Recruiting,Phase 2,['Triple Negative Breast Cancer (TNBC)'],['Tenalisib'],['India'],Rhizen Pharmaceuticals SA,Rhizen Pharmaceuticals SA,Global / Multi-Region,2.0,1.0,0.6,0.3
NCT06189495,"A Randomized, Double-blind, Placebo-controlled Phase II Clinical Study to Evaluate the Safety, Tolerability, Efficacy, and Pharmacokinetic Profile of Genakumab Injection in Patients With Connective Tissue Disease-associated Interstitial Lung Disease",Recruiting,Phase 2,"['Systemic Sclerosis Associated Interstitial Lung Disease'
 'Rheumatoid Arthritis Associated Interstitial Lung Disease (RA-ILD)'
 'Systemic Sclerosis Associated Interstitial Lung Disease (SSc-ILD)']",['GenSci048' 'GenSci048 placebo'],['China'],"Changchun GeneScience Pharmaceutical Co., Ltd.","Changchun GeneScience Pharmaceutical Co., Ltd.",Global / Multi-Region,2.0,1.0,0.6,0.3
NCT06222125,A Study of HB0025 Injection in Patients With Advanced Renal Cancer,Recruiting,Phase 2,['Renal Cancer'],['HB0025'],['China'],"Huabo Biopharm Co., Ltd.","Huabo Biopharm Co., Ltd.",Global / Multi-Region,2.0,1.0,0.6,0.3
NCT06220487,"A Single-arm, Open-label Study of Olverembatinib, CD3/CD19 Bispecific T-cell Engager, and Chidamide in Patients With Newly Diagnosed Ph+ALL",Recruiting,Phase 2,"['Acute Lymphoblastic Leukemia' 'Philadelphia Chromosome'
 'Philadelphia-Positive ALL' 'Adult ALL' 'IKZF1 Gene Mutation']","['Prednisone, Olverembatinib, Blinatumomab, Chidamide']",['China'],"Nanfang Hospital, Southern Medical University","Nanfang Hospital, Southern Medical University",Global / Multi-Region,2.0,1.0,0.6,0.3
NCT06220552,The Efficacy and Safety of Low-dose Radiotherapy Combined With Sintilimab and Temozolomide in Recurrent Glioblastoma,Recruiting,Phase 2,['Recurrent Glioblastoma'],['Sintilimab' 'Low-dose Radiotherapy'],['China'],"Fifth Affiliated Hospital, Sun Yat-Sen University","Fifth Affiliated Hospital, Sun Yat-Sen University",Global / Multi-Region,2.0,1.0,0.6,0.3
NCT06220669,A Study of LY3541860 in Adult Participants With Relapsing Multiple Sclerosis,Recruiting,Phase 2,['Multiple Sclerosis'],['LY3541860' 'Placebo'],"['France' 'Germany' 'Israel' 'Italy' 'Latvia' 'Lithuania' 'Poland'
 'Slovakia' 'United Kingdom' 'United States']",Eli Lilly and Company,Eli Lilly and Company,Global / Multi-Region,2.0,1.0,0.6,0.3
NCT06221059,Efficacy and Safety of HRS-1780 Tablets and Henagliflozin Proline Tablets in Patients With Chronic Kidney Disease,"Active, not recruiting",Phase 2,['Chronic Kidney Disease'],['HRS-1780 tablet；Henagliflozin Proline tablet；HRS-1780 tablet placebo ；Henagliflozin Proline tablet placebo'],['China'],"Shandong Suncadia Medicine Co., Ltd.","Shandong Suncadia Medicine Co., Ltd.",Global / Multi-Region,2.0,1.0,0.6,0.3
NCT06221241,Evaluate the Efficacy and Safety of JMKX000623 in Participants With Diabetic Peripheral Neuropathic Pain,Recruiting,Phase 2,['Diabetic Peripheral Neuropathic Pain'],['JMKX000623' 'Pregabalin' 'Placebo'],['China'],Jemincare,Jemincare,Global / Multi-Region,2.0,1.0,0.6,0.3
NCT06221670,Toripalimab Therapy After Resection in High-risk Stage IA2-IB NSCLC With no Driver Alterations (EGFR or ALK),Recruiting,Phase 2,['NSCLC'],['Toripalimab'],['China'],Tianjin Medical University Cancer Institute and Hospital,Tianjin Medical University Cancer Institute and Hospital,Global / Multi-Region,2.0,1.0,0.6,0.3
NCT06221683,Clinical Study of Induction Therapy Options Based on Molecular Subtyping and MRD in Children and Adolescents With AML,Recruiting,Phase 2,"['AML, Childhood' 'Acute Myeloid Leukemia']","['Homoharringtonine' 'Cytarabine' 'Etoposide' 'Venetoclax'
 'Mitoxantrone hydrochloride liposome'
 'Recombinant Human Granulocyte Colony-Stimulating Factor'
 'Idarubicin Hydrochloride' 'Sorafenib' 'Gilteritinib' 'Avapritinib']",['China'],Children's Hospital of Soochow University,Children's Hospital of Soochow University,Global / Multi-Region,2.0,1.0,0.6,0.3
NCT06222489,Whole Body HER3 Quantification With Radiolabelled Patritumab Deruxtecan (HER3-DXd) PET/CT,Recruiting,Phase 2,"['Non-Small Cell Lung Carcinoma'
 'Advanced Non-Small Cell Squamous Lung Cancer' 'EGFR Gene Mutation']",['89Zr-Patritumab deruxtecan'],['Netherlands'],The Netherlands Cancer Institute,The Netherlands Cancer Institute,Global / Multi-Region,2.0,1.0,0.6,0.3
NCT06220162,VAC Regimen for AML Patients Who Failed to Response to VA Regimen,Recruiting,Phase 2,['Acute Myeloid Leukemia'],['chidamide in combination with venetoclax and azacitidine (VAC)'],['China'],The First Affiliated Hospital of Soochow University,The First Affiliated Hospital of Soochow University,Global / Multi-Region,2.0,1.0,0.6,0.3
NCT06222671,A Study to Evaluate 608 in Patients With Non- Radiographic Axial Spondyloarthritis (Nr-axSpA),Recruiting,Phase 2,['Axial Spondyloarthritis'],['608' '608' 'Placebo'],['China'],"Sunshine Guojian Pharmaceutical (Shanghai) Co., Ltd.","Sunshine Guojian Pharmaceutical (Shanghai) Co., Ltd.",Global / Multi-Region,2.0,1.0,0.6,0.3
NCT06222723,LAssa Fever Adjunct Treatment With DEXamethasone,Recruiting,Phase 2,['Lassa Fever'],['Dexamethasone' 'Ribavirin'],['Nigeria'],Bernhard Nocht Institute for Tropical Medicine,Bernhard Nocht Institute for Tropical Medicine,Global / Multi-Region,2.0,1.0,0.6,0.3
NCT06222827,Study to Evaluate the Efficacy and Safety of Satralizumab in FSHD1,"Active, not recruiting",Phase 2,['Facioscapulohumeral Muscular Dystrophy 1'],['Satralizumab Prefilled Syringe' 'Placebo Comparator'],['Canada' 'France'],Centre Hospitalier Universitaire de Nice,Centre Hospitalier Universitaire de Nice,Global / Multi-Region,2.0,1.0,0.6,0.3
NCT06223048,A Study of AMDX-2011P in Participants With Primary Open Angle Glaucoma,Recruiting,Phase 2,['Primary Open Angle Glaucoma'],['AMDX-2011P'],['United States'],Amydis Inc.,Amydis Inc.,Global / Multi-Region,2.0,1.0,0.6,0.3
NCT06223074,Improving the Treatment of Acute Relapses in Multiple Sclerosis Through Intranasal Methylprednisolone Administration,Enrolling by invitation,Phase 2,['Multiple Sclerosis Relapsing Remitting' 'Treatment'],['IV Methylprednisolone administration' 'Nasal Methylprednisolone (MT)'],['Mexico'],Universidad Nacional Autonoma de Mexico,Universidad Nacional Autonoma de Mexico,Global / Multi-Region,2.0,1.0,0.6,0.3
NCT06223360,A Trial to Evaluate the Safety and Efficacy of Benfotiamine in Patients With Early Alzheimer's Disease (BenfoTeam),Recruiting,Phase 2,['Alzheimer Disease'],['Low Dose Benfotiamine' 'High Dose Benfotiamine' 'Placebo'],['United States'],Alzheimer's Disease Cooperative Study (ADCS),Alzheimer's Disease Cooperative Study (ADCS),Global / Multi-Region,2.0,1.0,0.6,0.3
NCT06223568,Phase II Trial of Neoadjuvant Chemotherapy (NAC) Alone or in Combination With Immunotherapy Vaccine PRGN-2009 in Subjects With Newly Diagnosed HPV-Associated Oropharyngeal (Head and Neck) Cancer,Recruiting,Phase 2,"['Squamous Cell Carcinoma of the Head and Neck' 'Oropharynx'
 'Human Papillomavirus Viruses' 'Drug Therapy' 'Cancer Vaccine']",['Docetaxel' 'Cisplatin' 'PRGN-2009'],['United States'],National Cancer Institute (NCI),National Cancer Institute (NCI),Global / Multi-Region,2.0,1.0,0.6,0.3
NCT06220188,PSMA-RLT in Biochemically Recurrent PCa,Recruiting,Phase 2,['Prostate Cancer Recurrent'],['[177Lu]Lu-PSMA I&T'],['Austria'],Medical University of Vienna,Medical University of Vienna,Global / Multi-Region,2.0,1.0,0.6,0.3
NCT06220097,Mitoxantrone Hydrochloride Liposome Injection-containing Bridging Regimen and CD19-targeting CAR-T Therapies,"Active, not recruiting",Phase 2,['B-cell Acute Lymphoblastic Leukemia' 'B-cell Lymphoma Refractory'],['Mitoxantrone hydrochloride liposome Injection-based bridging therapy+ Fludarabine-based chemotherapy +CD19 CAR-T Cells'],['China'],"Union Hospital, Tongji Medical College, Huazhong University of Science and Technology","Union Hospital, Tongji Medical College, Huazhong University of Science and Technology",Global / Multi-Region,2.0,1.0,0.6,0.3
NCT06223711,Durvalumab With Consolidative Radiochemotherapy and Ablative Stereotactic Radiotherapy in Oligometastatic ES-SCLC,Recruiting,Phase 2,['Extensive-stage Small-cell Lung Cancer'],"['Thoracic Radiochemotherapy' 'durvalumab'
 'Stereotactic radiotherapy of further tumor locations' 'Chemotherapy']",['Germany'],Universität des Saarlandes,Universität des Saarlandes,Global / Multi-Region,2.0,1.0,0.6,0.3
NCT06216366,Rhu-pGSN to Mitigate Proinflammatory Responses to Decompression in Healthy SCUBA Divers,"Active, not recruiting",Phase 2,['Decompression Sickness'],"['Sodium Chloride 0.9% Inj pre-exposure'
 'Sodium Chloride 0.9% Inj post-exposure'
 'Recombinant human plasma gelsolin pre-exposure'
 'Recombinant human plasma gelsolin post-exposure' 'Hyperbaric chamber']",['United States'],BioAegis Therapeutics Inc.,BioAegis Therapeutics Inc.,Global / Multi-Region,2.0,1.0,0.6,0.3
NCT06213311,A Study of Axicabtagene Ciloleucel and Glofitamab as Second-Line Therapy for Relapsed or Refractory Patients With Large B Cell Lymphoma,Recruiting,Phase 2,['B Cell Lymphoma'],['Glofitamab' 'Obinutuzumab' 'Axi-cel'],['United States'],M.D. Anderson Cancer Center,M.D. Anderson Cancer Center,Global / Multi-Region,2.0,1.0,0.6,0.3
NCT06213506,"A Study on the Safety, Reactogenicity, and Immune Response to the GVGH iNTS-GMMA Vaccine Against Invasive Nontyphoidal Salmonella in Adults, Children, and Infants",Recruiting,Phase 2,['Salmonella Infections'],"['Measles and Rubella vaccine' 'Yellow Fever vaccine'
 'Pentavalent vaccine' 'Pneumococcal vaccine' 'Inactivated polio vaccine'
 'iNTS-GMMA Dose C' 'iNTS-GMMA Dose B' 'iNTS-GMMA Dose A' 'MenACWY'
 'DTPa-HBV-IPV+Hib' 'Placebo']",['Ghana'],GlaxoSmithKline,GlaxoSmithKline,Global / Multi-Region,2.0,1.0,0.6,0.3
NCT06213857,Beneficial Effect of Silymarin in Ulcerative Colitis,Recruiting,Phase 2,['Ulcerative Colitis'],['Silymarin' 'Mesalamine' 'Azathioprine'],['Egypt'],Tanta University,Tanta University,Global / Multi-Region,2.0,1.0,0.6,0.3
NCT06215261,An Evaluation of the Safety and Efficacy of Methylone for the Treatment of PTSD,"Active, not recruiting",Phase 2,['Post Traumatic Stress Disorder'],['Methylone'],['Australia' 'United Kingdom' 'United States'],Transcend Therapeutics,Transcend Therapeutics,Global / Multi-Region,2.0,1.0,0.6,0.3
NCT06215651,Cadonilimab and Lenvatinib for Conversion Therapy in Unresectable Hepatocellular Carcinoma,Recruiting,Phase 2,['Cadonilimab and Lenvatinib'],['Cadonilimab lenvatinib'],['China'],Peking Union Medical College Hospital,Peking Union Medical College Hospital,Global / Multi-Region,2.0,1.0,0.6,0.3
NCT06215911,A Study to Assess Safety & Effectiveness of Tovinontrine in Chronic Heart Failure With Reduced Ejection Fraction (Cycle-1-REF),"Active, not recruiting",Phase 2,"['Heart Failure' 'Heart Failure With Reduced Ejection Fraction'
 'Cardiovascular Diseases' 'Heart Diseases']",['Tovinontrine (CRD-750)' 'Placebo'],"['Australia' 'Belgium' 'Bulgaria' 'Canada' 'Czechia' 'Georgia' 'Germany'
 'Hungary' 'Italy' 'Latvia' 'Lithuania' 'Netherlands' 'New Zealand'
 'Poland' 'Slovakia' 'Spain' 'Taiwan' 'United Kingdom' 'United States']","Cardurion Pharmaceuticals, Inc.","Cardurion Pharmaceuticals, Inc.",Global / Multi-Region,2.0,1.0,0.6,0.3
NCT06216249,Phase 2 Randomized Trial of Flexible Dosing Schedule of 177Lu-PSMA-617 for the Treatment of Metastatic Castration-Resistant Prostate Cancer (FLEX-MRT),Recruiting,Phase 2,"['Prostate Carcinoma'
 'Stage IVB Prostate Cancer American Joint Committee on Cancer (AJCC) v8']","['Computed Tomography' 'Gallium Ga 68 Gozetotide'
 'Lutetium Lu 177 Vipivotide Tetraxetan' 'Positron Emission Tomography'
 'PSMA PET Scan' 'Questionnaire Administration'
 'Single Photon Emission Computed Tomography']",['United States'],Jonsson Comprehensive Cancer Center,Jonsson Comprehensive Cancer Center,Global / Multi-Region,2.0,1.0,0.6,0.3
NCT06216470,Vaccinal Effect of HBsAg Monoclonal Ab VIR-3434 in Chronic Hepatitis B Infection [VISION],Recruiting,Phase 2,"['Hepatitis B, Chronic']",['VIR-3434'],['Canada'],"University Health Network, Toronto","University Health Network, Toronto",Global / Multi-Region,2.0,1.0,0.6,0.3
NCT06219980,SBRT Followed by Neoadjuvant Chemoimmunotherapy of Sindilizumab Plus Docetaxel and Cisplatin for Locoregionally Advanced Squamous Carcinoma of Oral Cavity and Oropharynx,Recruiting,Phase 2,['SBRT'],['SBRT+chemoimmunotherapy'],['China'],Sun Yat-sen University,Sun Yat-sen University,Global / Multi-Region,2.0,1.0,0.6,0.3
NCT06216535,Escitalopram in Asthma Patients With Frequent Exacerbation,Recruiting,Phase 2,['Asthma'],['Escitalopram' 'Placebo'],['United States'],University of Texas Southwestern Medical Center,University of Texas Southwestern Medical Center,Global / Multi-Region,2.0,1.0,0.6,0.3
NCT06218056,Cannabidiol for Reducing Cigarette Use,Recruiting,Phase 2,['Tobacco Use Disorder' 'Tobacco Smoking' 'Tobacco Dependence'],['Cannabidiol (CBD) 800 mg' 'Placebo'],['United States'],"University of California, Los Angeles","University of California, Los Angeles",Global / Multi-Region,2.0,1.0,0.6,0.3
NCT06218420,Evaluation of Stereotactic Body Radiotherapy as a Bridge Therapy for Hepatocellular Carcinoma Patients Enlisted for Liver Transplantation,Recruiting,Phase 2,['Hepatocellular Carcinoma'],['Stereotactic Body Radiotherapy (SBRT)'],['France'],Assistance Publique - Hôpitaux de Paris,Assistance Publique - Hôpitaux de Paris,Global / Multi-Region,2.0,1.0,0.6,0.3
NCT06218602,Pilot Trial of Fecal Microbiota Transplantation for Lymphoma Patients Receiving Axicabtagene Ciloleucel Therapy.,Recruiting,Phase 2,['Lymphoma'],['Fecal Microbiota Transplantation' 'Chemotherapy' 'CAR-T Therapy'],['United States'],M.D. Anderson Cancer Center,M.D. Anderson Cancer Center,Global / Multi-Region,2.0,1.0,0.6,0.3
NCT06218810,"Cadonilimab in Combination With Bevacizumab and FOLFOX Regimen for the First-Line Treatment of Advanced Unresectable MSS-Type, RAS-Mutated Metastatic Colorectal Cancer",Recruiting,Phase 2,"['Metastatic Colorectal Cancer'
 'Microsatellite Stable Colorectal Carcinoma' 'RAS Mutation' 'Cadonilimab']",['Cadonilimab + bevacizumab + FOLFOX'],['China'],Fudan University,Fudan University,Global / Multi-Region,2.0,1.0,0.6,0.3
NCT06219317,Immunotherapy Consolidation After Radical Treatment of Synchronous Oligo-metastatic NSCLC,Recruiting,Phase 2,['NSCLC Stage IV'],['Cemiplimab' 'Placebo'],['Belgium' 'France' 'Italy' 'Netherlands' 'Spain'],European Organisation for Research and Treatment of Cancer - EORTC,European Organisation for Research and Treatment of Cancer - EORTC,Global / Multi-Region,2.0,1.0,0.6,0.3
NCT06219941,AZD0901 in Participants With Advanced Solid Tumours Expressing Claudin18.2,Recruiting,Phase 2,"['Gastric Cancer' 'Gastroesophageal Junction Cancer'
 'Biliary Tract Cancer' 'Pancreatic Ductal Adenocarcinoma']","['AZD0901' '5-Fluorouracil' 'Leucovorin' 'l-leucovorin' 'Irinotecan'
 'Nanoliposomal Irinotecan' 'Gemcitabine']","['Australia' 'Canada' 'China' 'Georgia' 'Japan' 'Malaysia' 'Moldova'
 'Poland' 'Singapore' 'South Korea' 'Spain' 'Taiwan' 'United Kingdom'
 'United States']",AstraZeneca,AstraZeneca,Global / Multi-Region,2.0,1.0,0.6,0.3
NCT06223659,EMLA Topical Cream for Treatment of Pain in Patients Receiving Intra-Dermal Technetium 99 Injections for Lymphoscintigraphy for Skin Cancers,Recruiting,Phase 2,"['Cutaneous Melanoma' 'Merkel Cell Carcinoma'
 'Skin Squamous Cell Carcinoma']","['Eutectic Mixture of Local Anesthetics' 'Placebo Administration'
 'Questionnaire Administration']",['United States'],Ohio State University Comprehensive Cancer Center,Ohio State University Comprehensive Cancer Center,Global / Multi-Region,2.0,1.0,0.6,0.3
NCT06224036,Clinical Study of JDB0131 Benzenesulfonate Tablets in Patients With Drug-sensitive Pulmonary Tuberculosis,Recruiting,Phase 2,['Drug-resistant Tuberculosis'],['JDB0131' 'Delamanid' 'Ethylpyrazine rifampicide (II)'],['China'],Beijing Chest Hospital,Beijing Chest Hospital,Global / Multi-Region,2.0,1.0,0.6,0.3
NCT06212583,High-Risk Metachronous Oligometastatic Prostate Cancer Trial,Recruiting,Phase 2,['Prostate Cancer' 'Oligometastatic Disease'],"['niraparib/abiraterone acetate'
 'Stereotactic ablative radiation therapy (SABR)'
 'Androgen deprivation therapy (ADT)']",['United States'],"University of Maryland, Baltimore","University of Maryland, Baltimore",Global / Multi-Region,2.0,1.0,0.6,0.3
NCT06231563,Ketamine for Veterans With Parkinson's Disease,Recruiting,Phase 2,"[""Parkinson's Disease""]",['Ketamine' 'Remimazolam'],['United States'],VA Office of Research and Development,VA Office of Research and Development,Global / Multi-Region,2.0,1.0,0.6,0.3
NCT06229340,Leflunomide or Combination of MEK Inhibitor and Hydroxychloroquine for Refractory Patients With RAS Mutations,Recruiting,Phase 2,"['RAS Mutation' 'Ras (Kras or Nras) Gene Mutation'
 'Colorectal Cancer Recurrent' 'Pancreas Cancer' 'Lung Cancer' 'Melanoma'
 'Refractory Cancer']","['Leflunomide'
 'The combination of MEK inhibitor + hydroxychloroquine( plaquenil) ± bevacizumab']",['Russia'],N.N. Petrov National Medical Research Center of Oncology,N.N. Petrov National Medical Research Center of Oncology,Global / Multi-Region,2.0,1.0,0.6,0.3
NCT06229912,A Phase II Study of the Menin Inhibitor Revumenib in Leukemia Associated With Upregulation of HOX Genes,Recruiting,Phase 2,['Leukemia' 'HOX Gene'],['Revumenib'],['United States'],M.D. Anderson Cancer Center,M.D. Anderson Cancer Center,Global / Multi-Region,2.0,1.0,0.6,0.3
NCT06230354,Explore the Efficacy and Mechanism of Action of Tezepelumab in Eosinophilic Granulomatosis With Polyangiitis,Enrolling by invitation,Phase 2,['EGPA - Eosinophilic Granulomatosis With Polyangiitis'],['Tezepelumab' 'Placebo'],['United Kingdom'],Imperial College London,Imperial College London,Global / Multi-Region,2.0,1.0,0.6,0.3
NCT06230471,Pembrolizumab With or Without Lenvatinib or Chemotherapy in First-Line Treatment of Advanced Biliary Tract Cancer,Recruiting,Phase 2,['Biliary Tract Neoplasms Immunotherapy'],"['Pembrolizumab,Lenvatinib and Gemox Chemotherapy（Gemcitabine and Oxaliplatin）'
 'Pembrolizumab and Lenvatinib'
 'Pembrolizumab and Gemox Chemotherapy（Gemcitabine and Oxaliplatin）']",['China'],Peking Union Medical College Hospital,Peking Union Medical College Hospital,Global / Multi-Region,2.0,1.0,0.6,0.3
NCT06230757,Psilocybin for Treatment-Resistant Depression,Recruiting,Phase 2,['Major Depressive Disorder' 'Anhedonia' 'Treatment Resistant Depression'],['Psilocybin 25mg' 'Placebo (active placebo)'],['United States'],"University of Colorado, Denver","University of Colorado, Denver",Global / Multi-Region,2.0,1.0,0.6,0.3
NCT06231017,Adebrelimab Plus Cetuximab and Chemotherapy for Patients With RAS/BRAF Wild-Type Unresectable Liver Metastases Colorectal Cancer,Recruiting,Phase 2,['Metastatic Colorectal Cancer'],['Adebrelimab + Cetuximab+ Chemotherapy'],['China'],The First Affiliated Hospital of Zhengzhou University,The First Affiliated Hospital of Zhengzhou University,Global / Multi-Region,2.0,1.0,0.6,0.3
NCT06231381,Efficacy and Safety of HB0034 in Patients with Generalized Pustular Psoriasis (GPP),Recruiting,Phase 2,['Generalized Pustular Psoriasis (GPP)'],['HB0034' 'Placebo'],['China'],"Shanghai Huaota Biopharmaceutical Co., Ltd.","Shanghai Huaota Biopharmaceutical Co., Ltd.",Global / Multi-Region,2.0,1.0,0.6,0.3
NCT06231641,The Effects of Lemborexant on the Ability to Sleep During Daytime,Recruiting,Phase 2,['Shift-Work Sleep Disorder'],['Lemborexant 5 MG [Dayvigo]' 'Matching Placebo'],['Canada'],Centre Integre Universitaire de Sante et Services Sociaux du Nord de l'ile de Montreal,Centre Integre Universitaire de Sante et Services Sociaux du Nord de l'ile de Montreal,Global / Multi-Region,2.0,1.0,0.6,0.3
NCT06228560,Efficacy and Safety of LP-003 in Patients With CSU Who Remain Symptomatic Despite Antihistamine (H1) Treatment,Recruiting,Phase 2,['Chronic Spontaneous Urticaria'],['LP-003' 'Placebo' 'Omalizumab'],['China'],Longbio Pharma,Longbio Pharma,Global / Multi-Region,2.0,1.0,0.6,0.3
NCT06231680,Thalidomide Prevention or Treatment of Camrelizumab-induced Reactive Cutaneous Capillary Endothelial Proliferation (RCCEP),Recruiting,Phase 2,"['Lung Cancer, Nonsmall Cell' 'Esophageal Carcinoma']","['Camrelizumab' 'Thalidomide 50mg' 'Thalidomide 100mg' 'Thalidomide 200mg'
 'Chemotherapy']",['China'],Henan Cancer Hospital,Henan Cancer Hospital,Global / Multi-Region,2.0,1.0,0.6,0.3
NCT06232564,A Study of Etoposide-carboplatin in Combination With Pembrolizumab and Lenvatinib Maintenance in HG-NETs,Recruiting,Phase 2,['Neuroendocrine Tumors'],['Pembrolizumab in combination with carboplatin and etoposide chemotherapy followed by pembrolizumab and lenvatinib maintenance therapy'],['United Kingdom'],Imperial College London,Imperial College London,Global / Multi-Region,2.0,1.0,0.6,0.3
NCT06232577,5x-Multiplier vs 3-Tier Model for Discharge Opioid Prescriptions After Intra-abdominal Cancer Surgery: A Randomized Clinical Trial,"Active, not recruiting",Phase 2,['Intra-abdominal Cancer'],['Hydrocodone' 'Tramadol' 'Oxycodone'],['United States'],M.D. Anderson Cancer Center,M.D. Anderson Cancer Center,Global / Multi-Region,2.0,1.0,0.6,0.3
NCT06232655,Cladribine Venetoclax in Monocytic AML,Recruiting,Phase 2,['Acute Myeloid Leukemia'],['Cladribine' 'Venetoclax' 'Azacitidine'],['United States'],"University of Colorado, Denver","University of Colorado, Denver",Global / Multi-Region,2.0,1.0,0.6,0.3
NCT06233344,Mindfulness-assisted Psychedelic Therapy,Recruiting,Phase 2,['Mental Health'],['Psilocybin plus mindfulness training' 'Psilocybin'],['United States'],University of Southern California,University of Southern California,Global / Multi-Region,2.0,1.0,0.6,0.3
NCT06233461,A Study on the Safety of TAK-279 and Whether it Can Reduce Inflammation in the Bowel of Participants With Moderately to Severely Active Crohn's Disease,Recruiting,Phase 2,"[""Crohn's Disease""]",['TAK-279' 'Placebo'],"['Australia' 'Belgium' 'Bulgaria' 'Canada' 'China' 'Czechia' 'Denmark'
 'France' 'Germany' 'Greece' 'Hungary' 'Israel' 'Italy' 'Japan'
 'Netherlands' 'Norway' 'Poland' 'Romania' 'Slovakia' 'South Korea'
 'Switzerland' 'Taiwan' 'United Kingdom' 'United States']",Takeda,Takeda,Global / Multi-Region,2.0,1.0,0.6,0.3
NCT06233591,Evaluating LP-10 in Subjects With OLP,"Active, not recruiting",Phase 2,['Oral Lichen Planus'],['LP-10 (Liposomal Tacrolimus)'],['United States'],"Lipella Pharmaceuticals, Inc.","Lipella Pharmaceuticals, Inc.",Global / Multi-Region,2.0,1.0,0.6,0.3
NCT06228963,Orelabrutinib in the Treatment of HP-positive Gastric MALT Lymphoma,Recruiting,Phase 2,['MALT Lymphoma of Stomach' 'Helicobacter Pylori Infection'],"['Triple therapy for eradication of Helicobacter Pylori and Orelabrutinib'
 'Triple therapy for eradication of Helicobacter Pylori']",['China'],Fudan University,Fudan University,Global / Multi-Region,2.0,1.0,0.6,0.3
NCT06228066,Lurbinectedin With or Without Avelumab in Small Cell Carcinoma of the Bladder (LASER),Recruiting,Phase 2,"['Small Cell Carcinoma of the Bladder'
 'High Grade Neuroendocrine Tumors of the Urinary Tract']",['Lurbinectedin' 'Avelumab'],['United States'],National Cancer Institute (NCI),National Cancer Institute (NCI),Global / Multi-Region,2.0,1.0,0.6,0.3
NCT06224244,External Hypofractionated Radiotherapy With Simultaneous Integrated Boost in Early Breast Cancer Patients,"Active, not recruiting",Phase 2,['Breast Neoplasms' 'Breast Cancer'],"['Ten-fraction hypofractionated breast radiotherapy with 40 Gy simultaneous integrated bed boost'
 'Ten-fraction hypofractionated breast radiotherapy with 43 Gy simultaneous integrated bed boost']",['Italy'],Regina Elena Cancer Institute,Regina Elena Cancer Institute,Global / Multi-Region,2.0,1.0,0.6,0.3
NCT06225999,"Phase 2 Study of Irinotecan Liposome Injection, Oxaliplatin, 5-fluorouracil/Levoleucovorin in Japanese Participants Not Previously Treated for Metastatic Adenocarcinoma of the Pancreas","Active, not recruiting",Phase 2,['Metastatic Adenocarcinoma of the Pancreas'],"['Irinotecan liposome injection (S095013)' 'Oxaliplatin'
 'LLV (levoisomer form of leucovorin)' '5- FU (5-Fluorouracil)']",['Japan'],Institut de Recherches Internationales Servier,Institut de Recherches Internationales Servier,Global / Multi-Region,2.0,1.0,0.6,0.3
NCT06224257,Efficacy and Safety of Linperlisib in Relapsed/Refractory Large Granular T Lymphocytic Leukemia,Recruiting,Phase 2,['Relapsed/Refractory Large Granular T Lymphocytic Leukemia'],['Linperlisib'],['China'],"Institute of Hematology & Blood Diseases Hospital, China","Institute of Hematology & Blood Diseases Hospital, China",Global / Multi-Region,2.0,1.0,0.6,0.3
NCT06225232,Psilocybin in the Treatment of Cannabis Use Disorder: A-Proof-of-Concept Study,Recruiting,Phase 2,"['Cannabis Use Disorder, Moderate' 'Cannabis Use Disorder, Severe']",['Psilocybin combined with Psychotherapy'],['Canada'],McMaster University,McMaster University,Global / Multi-Region,2.0,1.0,0.6,0.3
NCT06225258,Xanthohumol as an Adjuvant in the Treatment of Septic Shock,Recruiting,Phase 2,['Septic Shock' 'Pneumonia' 'ARDS'],['Xanthohumol'],['Poland'],Medical University of Lublin,Medical University of Lublin,Global / Multi-Region,2.0,1.0,0.6,0.3
NCT06225284,Neoadjuvant Chemotherapy With or Without GnRH Agonist for Premenopausal Triple-negative Early Breast Cancer Patients,Recruiting,Phase 2,['Triple Negative Breast Cancer' 'Premenopausal Breast Cancer'],['Goserelin Acetate 3.6mg、Goserelin Acetate 10.8mg、Leuprolide Acetate 3.75mg、Leuprorelin Acetate 22.5mg、Triptorelin pamoate 11.25mg、Triptorelin pamoate 22.5mg'],['Taiwan'],National Taiwan University Hospital,National Taiwan University Hospital,Global / Multi-Region,2.0,1.0,0.6,0.3
NCT06225544,Lumasiran in Hyperoxalaemic Patients on Haemodialysis,Recruiting,Phase 2,"['Haemodialysis' 'Chronic Kidney Disease Requiring Chronic Dialysis'
 'Cardiovascular Disease' 'Cardiovascular Risk Factor' 'Hyperoxalemia']",['Lumasiran' '0.9% Sodium Chloride (placebo)'],['Germany'],"Charite University, Berlin, Germany","Charite University, Berlin, Germany",Global / Multi-Region,2.0,1.0,0.6,0.3
NCT06225843,Sotevtamab (AB-16B5) Combined With FOLFOX as Neoadjuvant Treatment Prior to Resection of Colorectal Cancer Liver Metastasis,Recruiting,Phase 2,['Metastatic Colorectal Cancer'],['Sotevtamab' 'FOLFOX'],['Canada'],Alethia Biotherapeutics,Alethia Biotherapeutics,Global / Multi-Region,2.0,1.0,0.6,0.3
NCT06225973,A Study of TL-925 Ophthalmic Emulsion as a Treatment for Dry Eye Disease,"Active, not recruiting",Phase 2,['Dry Eye Disease'],['TL-925' 'Placebo'],['United States'],"Telios Pharma, Inc.","Telios Pharma, Inc.",Global / Multi-Region,2.0,1.0,0.6,0.3
NCT06226025,Correcting Circadian Rhythms to Breakthrough in Bipolar Disorder,Recruiting,Phase 2,['Bipolar Disorder' 'Delayed Sleep-Wake Phase Disorder'],"['Melatonin' 'Placebo' 'Behavioral sleep intervention'
 'Behavioral sleep control']",['United States'],Leslie Swanson,Leslie Swanson,Global / Multi-Region,2.0,1.0,0.6,0.3
NCT06228053,Study of SX-682 Plus Enzalutamide in Men With Abiraterone-Resistant Metastatic Castration Resistant Prostate Cancer,Recruiting,Phase 2,['Metastatic Castration-resistant Prostate Cancer'],['SX-682' 'Enzalutamide'],['United States'],"Syntrix Biosystems, Inc.","Syntrix Biosystems, Inc.",Global / Multi-Region,2.0,1.0,0.6,0.3
NCT06226610,Dupixent in Adults With Refractory Post-Burn Pruritus in an Ambulatory Clinic,Recruiting,Phase 2,['Pruritis'],['Dupilumab' 'Placebo'],['United States'],Akron Children's Hospital,Akron Children's Hospital,Global / Multi-Region,2.0,1.0,0.6,0.3
NCT06226805,Study of BB-031 in Acute Ischemic Stroke Patients (RAISE),Recruiting,Phase 2,['Acute Ischemic Stroke'],['BB-031' 'Placebo'],['Australia' 'Canada' 'United States'],"Basking Biosciences, Inc.","Basking Biosciences, Inc.",Global / Multi-Region,2.0,1.0,0.6,0.3
NCT06226883,A Phase 2 Study to Evaluate MORF-057 in Adults With Moderately to Severely Active Crohn's Disease,Recruiting,Phase 2,"['Inflammatory Bowel Diseases' ""Crohn's Disease""]",['Placebo' 'MORF-057'],"['Austria' 'Brazil' 'Canada' 'Colombia' 'Croatia' 'Czechia' 'France'
 'Georgia' 'Germany' 'Hungary' 'India' 'Italy' 'Japan' 'Kazakhstan'
 'Latvia' 'Mexico' 'Poland' 'Romania' 'Serbia' 'Slovakia' 'Spain'
 'United States']","Morphic Therapeutic, Inc. (A Wholly Owned Subsidiary of Eli Lilly and Company)","Morphic Therapeutic, Inc. (A Wholly Owned Subsidiary of Eli Lilly and Company)",Global / Multi-Region,2.0,1.0,0.6,0.3
NCT06227117,"Neoadjuvant Study of DV in Combination Toripalimab or Sequence Chemotherapy in HR-negative, HER2 Low-expressing Breast Cancer",Recruiting,Phase 2,['Breast Cancer'],"['Disitamab Vedotin Injection （18 weeks）' 'Toripalimab （18weeks）'
 'Carboplatin' 'Disitamab Vedotin Injection （12 weeks）'
 'Sequential Epirubicin' 'Sequential CTX' 'Toripalimab （12weeks）']",['China'],"RemeGen Co., Ltd.","RemeGen Co., Ltd.",Global / Multi-Region,2.0,1.0,0.6,0.3
NCT06227156,"Disitamab Vedotin in the Treatment With HER2- Expression, Subjects With Locally Advanced or Metastatic Castration-resistant Prostate Cancer",Recruiting,Phase 2,['Castration-resistant Prostate Cancer'],['Disitamab Vedotin Injection'],['China'],"RemeGen Co., Ltd.","RemeGen Co., Ltd.",Global / Multi-Region,2.0,1.0,0.6,0.3
NCT06227546,MGC018 in Patients With Relapsed or Refractory Extensive-Stage Small-Cell Lung Cancer,"Active, not recruiting",Phase 2,['Extensive-stage Small-cell Lung Cancer'],['MGC018'],['United States'],Georgetown University,Georgetown University,Global / Multi-Region,2.0,1.0,0.6,0.3
NCT06227585,Feasibility Study for Bevonescein-Assisted Nerve Visualization in Head & Neck Surgery,Recruiting,Phase 2,['Head and Neck Surgery'],['REVEAL 475 System' 'Bevonescein'],['United States'],"Alume Biosciences, Inc.","Alume Biosciences, Inc.",Global / Multi-Region,2.0,1.0,0.6,0.3
NCT06213233,MIVetsCan: Cannabidiol (CBD)-Care Trial,Recruiting,Phase 2,"['Pain, Chronic']",['Placebo' 'Cannabidiol'],['United States'],Kevin Boehnke,Kevin Boehnke,Global / Multi-Region,2.0,1.0,0.6,0.3
NCT06212453,"Evaluation of the Functional Outcomes After Bilateral, 3D Ultrasound-guided Focal Thermal Ablation of the Prostate Transition Zone, in Patients with Benign Prostatic Hyperplasia-related Obstruction",Recruiting,Phase 2,['Benign Prostatic Hyperplasia'],['Targeted Microwave Ablation'],['France'],Assistance Publique - Hôpitaux de Paris,Assistance Publique - Hôpitaux de Paris,Global / Multi-Region,2.0,1.0,0.6,0.3
NCT06189638,Phase II Study to Evaluate Efficacy and Safety of AMP Peptide PL-5 in Mild Infections of Diabetic Foot Ulcers,"Active, not recruiting",Phase 2,['Diabetic Foot Ulcers'],['Antimicrobial Peptide PL-5 Topical Spray and Placebo'],['United States'],"Jiangsu ProteLight Pharmaceutical & Biotechnology Co., Ltd.","Jiangsu ProteLight Pharmaceutical & Biotechnology Co., Ltd.",Global / Multi-Region,2.0,1.0,0.6,0.3
NCT06196788,Transcatheter Arterial Infusion to Patients With Advanced Pancreatic Cancer,Recruiting,Phase 2,['Pancreatic Cancer'],['Gemcitabine' 'Nab paclitaxel'],['China'],Fudan University,Fudan University,Global / Multi-Region,2.0,1.0,0.6,0.3
NCT06195072,Platform Clinical Study for Conquering Scleroderma,Recruiting,Phase 2,['Interstitial Lung Disease Due to Systemic Disease' 'Scleroderma'],['Amlitelimab' 'BI 1015550 (Nerandomilast)' 'Placebo'],['United States'],"Scleroderma Research Foundation, Inc.","Scleroderma Research Foundation, Inc.",Global / Multi-Region,2.0,1.0,0.6,0.3
NCT06195306,Low Dose Tamoxifen With or Without Omega-3 Fatty Acids for Breast Cancer Risk Reduction,Recruiting,Phase 2,"['Breast Atypical Hyperplasia' 'Breast Carcinoma'
 'Breast Ductal Carcinoma In Situ' 'Breast Lobular Carcinoma In Situ']","['Biospecimen Collection' 'Mammography' 'Omega-3-Acid Ethyl Esters'
 'Questionnaire Administration'
 'Random Periareolar Fine-Needle Aspiration' 'Tamoxifen']",['United States'],National Cancer Institute (NCI),National Cancer Institute (NCI),Global / Multi-Region,2.0,1.0,0.6,0.3
NCT06195683,"Serplulimab for Patients With Non-small Cell Lung Cancer (NSCLC) With TPS ≥ 50%: a Prospective, Single-center, Single-arm Phase 2 Study.","Active, not recruiting",Phase 2,['Non-small Cell Lung Cancer' 'PDL1 Gene Mutation'],['Serplulimab'],['China'],Zhejiang Cancer Hospital,Zhejiang Cancer Hospital,Global / Multi-Region,2.0,1.0,0.6,0.3
NCT06195982,Ketones in Heart Failure With Reduced Ejection Fraction,Enrolling by invitation,Phase 2,['Heart Failure With Reduced Ejection Fraction'],['ketone ester' 'placebo'],['United States'],Duke University,Duke University,Global / Multi-Region,2.0,1.0,0.6,0.3
NCT06196203,A Study of AK117 in Combination With Azacitidine in Patients With Myelodysplastic Syndromes,Recruiting,Phase 2,['Higher-risk Myelodysplastic Syndromes'],['AK117' 'Placebo' 'Azacitidine'],['China' 'United States'],Akeso,Akeso,Global / Multi-Region,2.0,1.0,0.6,0.3
NCT06196450,Maternal Probiotic Intervention to Improve Gut Health,Recruiting,Phase 2,['Environmental Enteric Dysfunction' 'Gut Microbiota Dysbiosis'],['Vivomixx' 'Microcrystalline maltose'],['Bangladesh'],"International Centre for Diarrhoeal Disease Research, Bangladesh","International Centre for Diarrhoeal Disease Research, Bangladesh",Global / Multi-Region,2.0,1.0,0.6,0.3
NCT06196697,AK104 in Combination With AK112 Plus Chemotherapy(SOX/XELOX) as First-line Treatment for Advanced G/GEJ Cancer,Recruiting,Phase 2,['Gastric Adenocarcinoma' 'Gastroesophageal Junction Adenocarcinoma'],['Cadonilimab' 'Ivonescimab' 'XELOX' 'SOX'],['China'],Harbin Medical University,Harbin Medical University,Global / Multi-Region,2.0,1.0,0.6,0.3
NCT06196840,Safety and Efficacy of LX102 Gene Therapy in Patients With Neovascular Age-related Macular Degeneration (nAMD) (VENUS),"Active, not recruiting",Phase 2,['Neovascular Age-Related Macular Degeneration'],['LX102 subretinal injection' 'Aflibercept intravitreal injection'],['China'],"Innostellar Biotherapeutics Co.,Ltd","Innostellar Biotherapeutics Co.,Ltd",Global / Multi-Region,2.0,1.0,0.6,0.3
NCT06194656,Clinical Trial of SIBP-03 in Patients With Head and Neck Squamous Cell Carcinoma,Recruiting,Phase 2,['Head and Neck Squamous Cell Carcinoma'],"['HER3 Monoclonal antibodies-Dose A' 'HER3 Monoclonal antibodies-Dose B'
 'HER3 Monoclonal antibodies-Dose C' 'HER3 Monoclonal antibodies-Dose D'
 'Placebo' 'Cetuximab injection']",['China'],Shanghai Institute Of Biological Products,Shanghai Institute Of Biological Products,Global / Multi-Region,2.0,1.0,0.6,0.3
NCT06196879,A Study to Investigate the Efficacy and Safety of Verekitug (UPB-101) in Adult Participants With Severe Asthma (VALIANT),"Active, not recruiting",Phase 2,['Severe Asthma'],['Verekitug (UPB-101)' 'Placebo'],"['Argentina' 'Bulgaria' 'Canada' 'Chile' 'Czechia' 'Germany' 'Italy'
 'Japan' 'Poland' 'South Africa' 'South Korea' 'Spain' 'Ukraine'
 'United Kingdom' 'United States']",Upstream Bio Inc.,Upstream Bio Inc.,Global / Multi-Region,2.0,1.0,0.6,0.3
NCT06198712,A Study to Evaluate the Pharmacokinetics and Safety of Etavopivat in Pediatric Patients With Sickle Cell Disease,Recruiting,Phase 2,['Sickle Cell Disease'],['Etavopivat'],['Canada' 'Kenya' 'Lebanon' 'Nigeria' 'Turkey (Türkiye)' 'United Kingdom'],"Forma Therapeutics, Inc.","Forma Therapeutics, Inc.",Global / Multi-Region,2.0,1.0,0.6,0.3
NCT06198751,A Study of Neoadjuvant Treatment With TQB2102 for Injection for Human Epidermal Growth Factor Receptor 2 (HER2) Positive Breast Cancer,"Active, not recruiting",Phase 2,['Breast Cancer'],['6.0 mg/kg of TQB2102 for injection' '7.5 mg/kg of TQB2102 for injection'],['China'],"Chia Tai Tianqing Pharmaceutical Group Co., Ltd.","Chia Tai Tianqing Pharmaceutical Group Co., Ltd.",Global / Multi-Region,2.0,1.0,0.6,0.3
NCT06198842,Low Dose Treosulfan Based Conditioning Regimen and PTCy in HSCT for Nijmegen Breakage Syndrome,Recruiting,Phase 2,['Nijmegen Breakage Syndrome'],['Treosulfan'],['Russia'],"Federal Research Institute of Pediatric Hematology, Oncology and Immunology","Federal Research Institute of Pediatric Hematology, Oncology and Immunology",Global / Multi-Region,2.0,1.0,0.6,0.3
NCT06199037,Safety and Pharmacodynamics of SHR-1707 in Alzheimer's Disease Patients,Recruiting,Phase 2,"[""Alzheimer's Disease""]",['SHR-1707' 'SHR-1707 placebo'],['China'],"Shanghai Hengrui Pharmaceutical Co., Ltd.","Shanghai Hengrui Pharmaceutical Co., Ltd.",Global / Multi-Region,2.0,1.0,0.6,0.3
NCT06199089,"A Randomized, Double-blind, Placebo-controlled, and Multi-center Clinical Study of CM313 in the Treatment of Immune Thrombocytopenia","Active, not recruiting",Phase 2,['Immune Thrombocytopenia' 'Treatment'],['CM313 Injection' 'Placebo Injection'],['China'],"Institute of Hematology & Blood Diseases Hospital, China","Institute of Hematology & Blood Diseases Hospital, China",Global / Multi-Region,2.0,1.0,0.6,0.3
NCT06199427,PTCy and and Ruxolitinib for GVHD Prophylaxis After HSCT With Thymoglobulin in Conditioning Regimen in Patients With Inborn Errors of Immunity,Recruiting,Phase 2,['Inborn Errors of Immunity'],['Cyclophosphamide' 'Ruxolitinib'],['Russia'],"Federal Research Institute of Pediatric Hematology, Oncology and Immunology","Federal Research Institute of Pediatric Hematology, Oncology and Immunology",Global / Multi-Region,2.0,1.0,0.6,0.3
NCT06194851,Examining Intranasal Oxytocin Augmentation of Brief Couples Therapy for Veterans With PTSD,Recruiting,Phase 2,['Post-Traumatic Stress Disorder (PTSD)'],"['Oxytocin nasal spray' 'Saline nasal spray'
 'Brief Cognitive-Behavioral Conjoint Therapy']",['United States'],VA Office of Research and Development,VA Office of Research and Development,Global / Multi-Region,2.0,1.0,0.6,0.3
NCT06194448,"To Evaluate the Efficacy/Safety of Osimertinib Prior to CRT and Maintenance of it With Stage III, Unresectable NSCLC With EGFR Mutations","Active, not recruiting",Phase 2,['Lung Cancer'],"['Osimertinib' 'Cisplatin or Carboplatin; Pemetrexed or Paclitaxel'
 'Radiation']","['China' 'Israel' 'South Korea' 'Spain' 'Taiwan' 'Thailand'
 'Turkey (Türkiye)' 'United States' 'Vietnam']",AstraZeneca,AstraZeneca,Global / Multi-Region,2.0,1.0,0.6,0.3
NCT06199921,ATORvastatin in Pulmonary TUBerculosis,Recruiting,Phase 2,"['Pulmonary Tuberculosis' 'Tuberculosis' ""Koch's Disease""]","['Atorvastatin 20mg' 'Atorvastatin 40mg' 'Atorvastatin 60mg'
 'Fixed dose combination of Rifampicin (R) Isoniazid (H) Pyrazinamide (Z) Ethambutol (E)']",['Nigeria'],Obafemi Awolowo University Teaching Hospital,Obafemi Awolowo University Teaching Hospital,Global / Multi-Region,2.0,1.0,0.6,0.3
NCT06191198,Communication Bridge 3 Study,Recruiting,Phase 2,['Primary Progressive Aphasia'],['Communication Bridge™' 'Evidence-Based Impairment Focused'],['United States'],University of Chicago,University of Chicago,Global / Multi-Region,2.0,1.0,0.6,0.3
NCT06189742,Tezepelumab in Allergic Rhinitis and Asthma Study (TEZARS),Recruiting,Phase 2,['Asthma With Allergic Rhinitis'],['Tezepelumab'],['Canada'],Dr. Anne Ellis,Dr. Anne Ellis,Global / Multi-Region,2.0,1.0,0.6,0.3
NCT06189820,Role of the Fibroblast Activation Protein (FAP) as Biomarker of Fibrotic Lung Diseases,Recruiting,Phase 2,"['Pulmonary Fibrosis' 'Lung Fibrosis' 'Idiopathic Pulmonary Fibrosis'
 'FAP']",['FAPI PET/CT'],['Belgium'],Erasme University Hospital,Erasme University Hospital,Global / Multi-Region,2.0,1.0,0.6,0.3
NCT06189833,Phase 2 Study Applying MRD Techniques for Participants With Previously Untreated Multiple Myeloma Treated With D-VRd Prior To and After High-dose Therapy Followed by ASCT - TAURUS,Recruiting,Phase 2,['Multiple Myeloma'],['Daratumumab' 'Bortezomib' 'Lenalidomide' 'Dexamethasone'],['Austria' 'Germany' 'Greece' 'Italy' 'Netherlands'],Stichting European Myeloma Network,Stichting European Myeloma Network,Global / Multi-Region,2.0,1.0,0.6,0.3
NCT06190067,Azacitidine Plus PD-1 Therapy for R/R Hodgkin Lymphoma,Recruiting,Phase 2,['Relapsed Classic Hodgkin Lymphoma' 'Refractory Classic Hodgkin Lymphoma'],['Azacitidine Plus PD-1 therapy'],['China'],"Navy General Hospital, Beijing","Navy General Hospital, Beijing",Global / Multi-Region,2.0,1.0,0.6,0.3
NCT06190145,Teriflunomide for Steroid-resistant/Relapse Immune Thrombocytopenia,Recruiting,Phase 2,['Immune Thrombocytopenia'],['Teriflunomide'],['China'],Peking University People's Hospital,Peking University People's Hospital,Global / Multi-Region,2.0,1.0,0.6,0.3
NCT06190639,A Clinical Study of Sintilimab as Adjuvant Therapy in Node-positive ESCC,Recruiting,Phase 2,['Esophageal Squamous Cell Carcinoma'],['sintilimab'],['China'],Zhejiang Cancer Hospital,Zhejiang Cancer Hospital,Global / Multi-Region,2.0,1.0,0.6,0.3
NCT06190951,A Trial to Learn if Fianlimab and Cemiplimab Are Safe and Work Better Than Anti-PD1 Alone in Adult Participants With Resectable Stage 3 or 4 Melanoma,Recruiting,Phase 2,['Melanoma'],"['cemiplimab' 'Fixed Dose Combination (FDC) cemiplimab+fianlimab'
 'Placebo']",['Australia' 'Canada' 'France' 'Germany' 'Italy' 'Spain' 'United States'],Regeneron Pharmaceuticals,Regeneron Pharmaceuticals,Global / Multi-Region,2.0,1.0,0.6,0.3
NCT06191263,Safety and Efficacy of RVU120 Combined With Venetoclax for Treatment of Relapsed/Refractory AML,Recruiting,Phase 2,['Acute Myeloid Leukemia'],['RVU120' 'Venetoclax'],['France' 'Italy' 'Poland' 'Spain'],Ryvu Therapeutics SA,Ryvu Therapeutics SA,Global / Multi-Region,2.0,1.0,0.6,0.3
NCT06194305,Multimodal Profiling of Response to Pediatric Comprehensive Behavioral Intervention for Tics,Recruiting,Phase 2,['Tourette Syndrome' 'Persistent Tic Disorder'],['CBIT'],['United States'],University of Minnesota,University of Minnesota,Global / Multi-Region,2.0,1.0,0.6,0.3
NCT06192160,Trial of Novel Regimens for the Treatment of Pulmonary Tuberculosis,Recruiting,Phase 2,['Pulmonary Tuberculosis'],"['Isoniazid' 'Rifampicin' 'Pyrazinamide' 'Ethambutol' 'Bedaquiline'
 'Pretomanid' 'Linezolid' 'TBI-223' 'Sutezolid' 'TBI-223' 'Sutezolid']","['Botswana' 'Brazil' 'Haiti' 'India' 'Kenya' 'Malawi' 'Mexico' 'Peru'
 'Philippines' 'South Africa' 'Thailand' 'Uganda' 'Vietnam' 'Zimbabwe']",National Institute of Allergy and Infectious Diseases (NIAID),National Institute of Allergy and Infectious Diseases (NIAID),Global / Multi-Region,2.0,1.0,0.6,0.3
NCT06192784,"Combined DEB-TACE, Lenvatinib and Pucotenlimab as Conversion Therapy for Unresectable Intrahepatic Cholangiocarcinoma",Recruiting,Phase 2,['Cholangiocarcinoma Non-resectable'],['DEB-TACE' 'Lenvatinib plus pucotenlimab'],['China'],Tongji Hospital,Tongji Hospital,Global / Multi-Region,2.0,1.0,0.6,0.3
NCT06192797,"Combined HAIC, Lenvatinib and Pucotenlimab As Conversion Therapy for Unresectable Intrahepatic Cholangiocarcinoma",Recruiting,Phase 2,['Cholangiocarcinoma Non-resectable'],['HAIC' 'Lenvatinib plus pucotenlimab'],['China'],Tongji Hospital,Tongji Hospital,Global / Multi-Region,2.0,1.0,0.6,0.3
NCT06192849,"To Assess the Efficacy and Safety of Furmonertinib in Patients With Epidermal Growth Factor Receptor 20ins Mutation Positive Stage IB-IIIA Non-small Cell Lung Carcinoma, Following Complete Tumour Resection With or Without Adjuvant Chemotherapy",Recruiting,Phase 2,['Non Small Cell Lung Cancer' 'EGFR Exon 20 Insertion Mutation'],['Furmonertinib'],['China'],"Juan LI, MD","Juan LI, MD",Global / Multi-Region,2.0,1.0,0.6,0.3
NCT06193239,Diagnostic Accuracy Study for OWL-EVO1 As a Lung Cancer EVOC® Probe (Evolution Phase 2),Recruiting,Phase 2,['Lung Cancer'],['OWL-EVO1'],['Czechia' 'Hungary' 'United Kingdom'],Owlstone Ltd,Owlstone Ltd,Global / Multi-Region,2.0,1.0,0.6,0.3
NCT06193525,FUnctional Selection of Advanced Breast Cancer Patients for Talazoparib Treatment Using the REpair Capacity (RECAP) Test,Recruiting,Phase 2,['Advanced Breast Cancer'],['Talazoparib'],['Netherlands'],Erasmus Medical Center,Erasmus Medical Center,Global / Multi-Region,2.0,1.0,0.6,0.3
NCT06194201,A Trial of Intravenous HRS9432 in the Treatment of Subjects With Candidemia and/or Invasive Candidiasis,Recruiting,Phase 2,['Patients With Candidemia and/or Invasive Candidiasis'],['HRS9432' 'Caspofungin Acetate for Injection'],['China'],"Fujian Shengdi Pharmaceutical Co., Ltd.","Fujian Shengdi Pharmaceutical Co., Ltd.",Global / Multi-Region,2.0,1.0,0.6,0.3
NCT06199895,"Clinical Efficacy and Safety of Paclitaxel Polymeric Micelles for Injection in the Treatment of Patients With Taxans-resistant Pancreatic Adenocarcinoma, Cholangiocarcinoma, Lung Cancer, Gastric Cancer, Esophageal Carcinoma, or Breast Cancer",Recruiting,Phase 2,"['Pancreatic Adenocarcinoma' 'Cholangiocarcinoma' 'Lung Cancer'
 'Stomach Cancer' 'Esophageal Carcinoma' 'Breast Cancer']",['Paclitaxel Polymeric Micelles for Injection'],['China'],Liu Huang,Liu Huang,Global / Multi-Region,2.0,1.0,0.6,0.3
NCT06200103,Schedule De-Escalation of 177Lu-PSMA-617 for the Treatment of Metastatic Castrate Resistant Prostate Cancer,Recruiting,Phase 2,"['Castration-Resistant Prostate Carcinoma'
 'Stage IVB Prostate Cancer AJCC v8']","['Biospecimen Collection' 'Bone Scan' 'Clinical Observation'
 'Computed Tomography' 'Gallium Ga 68 Gozetotide'
 'Lutetium Lu 177 Vipivotide Tetraxetan' 'Positron Emission Tomography'
 'Questionnaire Administration'
 'Single Photon Emission Computed Tomography']",['United States'],Mayo Clinic,Mayo Clinic,Global / Multi-Region,2.0,1.0,0.6,0.3
NCT06211790,Proteomic Guided First-line Precision Treatment of Renal Clear Cell Carcinoma,Recruiting,Phase 2,['Kidney Cancer' 'Renal Cell Carcinoma' 'Renal Clear Cell Carcinoma'],"['Anlotinib, Everolimus and Tislelizumab']",['China'],Fudan University,Fudan University,Global / Multi-Region,2.0,1.0,0.6,0.3
NCT06208527,The NADage Study: Nicotinamide Riboside Replenishment Therapy Against Functional Decline in Aging,Recruiting,Phase 2,['Frailty' 'Frail Elderly Syndrome' 'Frailty Syndrome' 'Aging'],['Nicotinamide Riboside (NR)' 'Placebo'],['Norway'],Haukeland University Hospital,Haukeland University Hospital,Global / Multi-Region,2.0,1.0,0.6,0.3
NCT06206850,Neo-Bio-ADAURA: a Phase II Study to Evaluate Mechanisms of Resistance to Neoadjuvant Osimertinib,Recruiting,Phase 2,['Non-squamous NSCLC'],['Osimertinib'],['Israel'],"Jair Bar, M.D., Ph.D.","Jair Bar, M.D., Ph.D.",Global / Multi-Region,2.0,1.0,0.6,0.3
NCT06207370,Oral Tafenoquine Plus Standard of Care Versus Placebo Plus Standard of Care for Babesiosis,Recruiting,Phase 2,['Babesiosis'],['Tafenoquine' 'Placebo'],['United States'],60 Degrees Pharmaceuticals LLC,60 Degrees Pharmaceuticals LLC,Global / Multi-Region,2.0,1.0,0.6,0.3
NCT06207656,Study to Evaluate the Efficacy and Safety of Cetuximab in Combination with Encorafenib Plus Binimetinib As Induction Treatment in BRAF V600E Mutated MSS Initially Resectable or Potentially Resectable Advanced Colorectal Cancer,Recruiting,Phase 2,['Colorectal Cancer'],['EBC'],['Spain'],Spanish Cooperative Group for the Treatment of Digestive Tumours (TTD),Spanish Cooperative Group for the Treatment of Digestive Tumours (TTD),Global / Multi-Region,2.0,1.0,0.6,0.3
NCT06207734,"Discontinuation of CDK4/6 Inhibitors in Patients With Metastatic HR Positive, HER2 Negative Breast Cancer",Recruiting,Phase 2,['Breast Cancer'],"['Continuation of CDK4/6 inhibitor Palbociclib'
 'Discontinuation of CDK4/6 inhibitor Palbociclib'
 'Continuation of CDK4/6 inhibitor -Palbociclib'
 'Discontinuation of CDK4/6 inhibitor -Palbociclib'
 'Continuation of CDK4/6 inhibitor Abemaciclib'
 'Discontinuation of CDK4/6 inhibitor Abemaciclib']",['Germany'],Institut für Klinische Krebsforschung IKF GmbH at Krankenhaus Nordwest,Institut für Klinische Krebsforschung IKF GmbH at Krankenhaus Nordwest,Global / Multi-Region,2.0,1.0,0.6,0.3
NCT06207760,Effect of Minocycline on Inflammation in Depressed Patients,Recruiting,Phase 2,['Depression'],['Minocycline'],['Italy'],IRCCS Centro San Giovanni di Dio Fatebenefratelli,IRCCS Centro San Giovanni di Dio Fatebenefratelli,Global / Multi-Region,2.0,1.0,0.6,0.3
NCT06207799,Pre-transplant Purging and Post-transplant MRD-guided Maintenance Therapy With Elranatamab in Patients With High-risk Multiple Myeloma,Recruiting,Phase 2,"['Multiple Myeloma' 'Post-transplant MRD-guided Maintenance Therapy'
 'Pre-transplant Purging']","['Elranatamab' 'Lenalidomide' 'Plerixafor' 'Melphalan' 'Busulfan' 'G-CSF'
 'Stem cell transplant']",['United States'],M.D. Anderson Cancer Center,M.D. Anderson Cancer Center,Global / Multi-Region,2.0,1.0,0.6,0.3
NCT06208462,Neoadjuvant Therapy of HAIC（GEMOX） Combined With Adebrelimab and Lenvatinib for Resectable Intrahepatic Cholangiocarcinoma With High-risk Recurrence Factors,Recruiting,Phase 2,['Intrahepatic Cholangiocarcinoma'],['Adebrelimab' 'Lenvatinib' 'Gemcitabine' 'Oxaliplatin'],['China'],The First Affiliated Hospital with Nanjing Medical University,The First Affiliated Hospital with Nanjing Medical University,Global / Multi-Region,2.0,1.0,0.6,0.3
NCT06208748,SARC044: A Phase II Trial of Bezuclastinib in Combination With Sunitinib in Patients With GIST,"Active, not recruiting",Phase 2,['Gastrointestinal Stromal Tumors' 'GIST'],['Bezuclastinib in combination with sunitinib'],['United States'],Sarcoma Alliance for Research through Collaboration,Sarcoma Alliance for Research through Collaboration,Global / Multi-Region,2.0,1.0,0.6,0.3
NCT06206512,Effect of Extended Release Torsemide in Patients With Congestive Heart Failure and Overactive Bladder,Recruiting,Phase 2,['Heart Failure' 'Overactive Bladder' 'Incontinence'],"['Extended release torsemide' 'Immediate release torsemide'
 'Extended release torsemide placebo'
 'Immediate release torsemide placebo']",['United States'],"Sarfez Pharmaceuticals, Inc.","Sarfez Pharmaceuticals, Inc.",Global / Multi-Region,2.0,1.0,0.6,0.3
NCT06208826,A Single-center Phase II Study to Investigate the Immune Maintenance Therapy Pattern in Patients With Locally Advanced Head and Neck Squamous Cell Carcinoma Who Have Achieved MPR After Neoadjuvant Immunotherapy Combined With Chemotherapy,Recruiting,Phase 2,['Head and Neck Cancer'],['Toripalimab' 'Radiation Therapy' 'Cisplatin'],['China'],Tianjin Medical University Cancer Institute and Hospital,Tianjin Medical University Cancer Institute and Hospital,Global / Multi-Region,2.0,1.0,0.6,0.3
NCT06209294,Phase II Study on Neoadjuvant Therapy of AK104 Combined With Nab-paclitaxel/Carboplatin in Fertility Preserving Surgery,Recruiting,Phase 2,['Neoadjuvant Immunotherapy' 'Cervical Cancer' 'Fertility-sparing Surgery'],['AK104' 'Carboplatin' 'Nab paclitaxel'],['China'],Xiaohua Wu,Xiaohua Wu,Global / Multi-Region,2.0,1.0,0.6,0.3
NCT06209736,Safety and Efficacy Study of OMS906 in Patients With C3G and ICGN,Recruiting,Phase 2,"['C3 Glomerulopathy'
 'Idiopathic Immune Complex-Mediated Glomerulonephritis']",['OMS906 study drug'],['Lithuania' 'New Zealand' 'Poland' 'United Kingdom'],Omeros Corporation,Omeros Corporation,Global / Multi-Region,2.0,1.0,0.6,0.3
NCT06210971,Neoadjuvant Chemoradiation With Nal-IRI and Capecitabine Guided by UGT1A1 Status in Patients With Rectal Cancer,Recruiting,Phase 2,['Rectal Cancer'],['liposomal irinotecan' 'Capecitabine' 'Radiation threapy'],['China'],Hebei Medical University Fourth Hospital,Hebei Medical University Fourth Hospital,Global / Multi-Region,2.0,1.0,0.6,0.3
NCT06211062,The Use of Directed Probiotics in ME/CFS: Myalgic Encephalomyelitis/Chronic Fatigue Syndrome,Recruiting,Phase 2,['ME/CFS' 'IBS - Irritable Bowel Syndrome'],['Floradapt Intensive GI' 'Placebo'],['United States'],Nova Southeastern University,Nova Southeastern University,Global / Multi-Region,2.0,1.0,0.6,0.3
NCT06211114,Study to Evaluate the Efficacy and Safety of Immunotherapy With Axitinib in Advanced Collecting Duct Carcinoma,Recruiting,Phase 2,['Collecting Duct Carcinoma'],['PD-(L)1 inhibitor' 'Axitinib'],['China'],Peking University Cancer Hospital & Institute,Peking University Cancer Hospital & Institute,Global / Multi-Region,2.0,1.0,0.6,0.3
NCT06211309,The Effects of Green Tea and Salvadora Persica L. in Patients With Gingivitis,Recruiting,Phase 2,['Gingivitis'],['co.mouthwas' 'Kin' 'Distilled water'],['Iraq'],University of Baghdad,University of Baghdad,Global / Multi-Region,2.0,1.0,0.6,0.3
NCT06206564,Artesunate Ointment for the Treatment of Anal HSIL in HIV-negative Participants,Recruiting,Phase 2,"['Anal High-grade Squamous Intraepithelial Lesion' 'Anal HSIL'
 'Anal HPV Infection' 'AIN']",['Artesunate ointment' 'Placebo'],['United States'],"Frantz Viral Therapeutics, LLC","Frantz Viral Therapeutics, LLC",Global / Multi-Region,2.0,1.0,0.6,0.3
NCT06206265,Assessment of Psilocybin (TRP-8802) in Concert With Psychotherapy in Patients With Irritable Bowel Syndrome (IBS),Recruiting,Phase 2,['Irritable Bowel Syndrome'],['TRYP-0082' 'Psychotherapy'],['United States'],TRYP Therapeutics,TRYP Therapeutics,Global / Multi-Region,2.0,1.0,0.6,0.3
NCT06200155,Psilocybin-Assisted Psychotherapy in Patients With Advanced Cancer on Maintenance Therapy,Recruiting,Phase 2,"['Depression, Anxiety' 'Psilocybin-Assisted Psychotherapy'
 'Advanced Cancer']",['Psilocybin' 'Niacin'],['United States'],M.D. Anderson Cancer Center,M.D. Anderson Cancer Center,Global / Multi-Region,2.0,1.0,0.6,0.3
NCT06204094,Node-sparing Radiotherapy Combined with Total Neoadjuvant CAPOX and Sintilimab for MSS Middle and Low Rectal Cancer,Recruiting,Phase 2,['Locally Advanced Rectal Cancer'],"['node-sparing short-course radiotherapy' 'Sintilimab' 'Capecitabine'
 'Oxaliplatin' 'TME surgery' 'watch and wait']",['China'],Jinhua Central Hospital,Jinhua Central Hospital,Global / Multi-Region,2.0,1.0,0.6,0.3
NCT06200194,Early Intervention for Premyopic Children,"Active, not recruiting",Phase 2,['Myopia' 'Preschool'],['MiyoSmart Spectacles' '0.01% atropine'],['Taiwan'],National Yang Ming Chiao Tung University Hospital,National Yang Ming Chiao Tung University Hospital,Global / Multi-Region,2.0,1.0,0.6,0.3
NCT06201078,Stereotactic Re-irradiation of Local Recurrences of Prostate Cancer After Radiotherapy,Recruiting,Phase 2,['Local Recurrence of Malignant Tumor of Prostate' 'Radiotherapy'],['Stereotactic Body Radiotherapy'],['Poland'],Maria Sklodowska-Curie National Research Institute of Oncology,Maria Sklodowska-Curie National Research Institute of Oncology,Global / Multi-Region,2.0,1.0,0.6,0.3
NCT06201234,Evaluating the Addition of Elacestrant (oral SERD) to Olaparib (PARP-inhibitor) in Patients with Advanced/metastatic HR+/HER2- Breast Cancer,Recruiting,Phase 2,"['Hormone Receptor Positive HER-2 Negative Breast Cancer'
 'Advanced or Metastatic Breast Cancer' 'BRCA1 Mutation' 'BRCA2 Mutation']",['Olaparib + Elacestrant' 'Olaparib'],['Germany'],GBG Forschungs GmbH,GBG Forschungs GmbH,Global / Multi-Region,2.0,1.0,0.6,0.3
NCT06201507,BV-AVD-R Treatment Children Hodgkin's Lymphoma,Enrolling by invitation,Phase 2,['Hodgkin Lymphoma'],"['Brentuximab vedotin' 'Rituximab' 'Doxorubicin' 'Vincristine'
 'Dacarbazine']",['China'],Beijing Children's Hospital,Beijing Children's Hospital,Global / Multi-Region,2.0,1.0,0.6,0.3
NCT06201793,Minocyclin in Ulcerative Colitis as Added on Therapy,Recruiting,Phase 2,['Inflammatory Bowel Diseases'],['Mesalazine' 'Minocycline'],['Egypt'],Mostafa Bahaa,Mostafa Bahaa,Global / Multi-Region,2.0,1.0,0.6,0.3
NCT06201884,Efficacy of Adapted Physical Activity on a Walking Platform in Elderly Patients HOspitalized for Cancer Surgery,Recruiting,Phase 2,['Oncology' 'Elderly Patients' 'Surgery'],['Early rehabilitation through Adapted Physical Activity'],['France'],Centre Francois Baclesse,Centre Francois Baclesse,Global / Multi-Region,2.0,1.0,0.6,0.3
NCT06202014,Phase II Study of Concurrent Radiotherapy With Envafolimab and Capecitabine in LAPC,Recruiting,Phase 2,['Pancreatic Cancer' 'Radiotherapy' 'Envafolimab' 'Capecitabine'],['concurrent radiotherapy with envafolimab and capecitabine'],['China'],"Cancer Institute and Hospital, Chinese Academy of Medical Sciences","Cancer Institute and Hospital, Chinese Academy of Medical Sciences",Global / Multi-Region,2.0,1.0,0.6,0.3
NCT06204315,Risk Adapted Spinal Cord/Cauda Constraint Relaxation for High-risk Patients With Metastatic Epidural Spinal Cord Compression Undergoing Spine Stereotactic Radiosurgery,Recruiting,Phase 2,['Spinal Cord' 'Metastatic Epidural' 'Spine Stereotactic'],['Stereotactic Radiosurgery'],['United States'],M.D. Anderson Cancer Center,M.D. Anderson Cancer Center,Global / Multi-Region,2.0,1.0,0.6,0.3
NCT06206096,PD-1 Antibody Plus Bevacizumab and CAPOX as First-line Treatment for RAS-mut MSS mCRC,Recruiting,Phase 2,"['Colorectal Cancer' 'RAS Mutation' 'Colorectal Neoplasms'
 'Microsatellite Stable Colorectal Carcinoma']",['oxaliplatin+capecitabine+bevacizumab+PD-1 antibody'],['China'],Chinese PLA General Hospital,Chinese PLA General Hospital,Global / Multi-Region,2.0,1.0,0.6,0.3
NCT06204432,Sodium Citrate in Smell Retraining for People With Post-COVID-19 Olfactory Dysfunction,"Active, not recruiting",Phase 2,"['Long Haul COVID-19' 'Post-Acute COVID-19 Syndrome' 'Anosmia'
 'Olfaction Disorders']","['Sodium Citrate' 'Normal Saline'
 'Olfactory Training Kit - ""The Olfactory Kit, by AdvancedRx""']",['United States'],"University of North Carolina, Chapel Hill","University of North Carolina, Chapel Hill",Global / Multi-Region,2.0,1.0,0.6,0.3
NCT06205121,Efficacy and Safety Study of OATD-01 in Patients With Active Pulmonary Sarcoidosis,Recruiting,Phase 2,['Pulmonary Sarcoidosis'],['OATD-01' 'Placebo'],"['Denmark' 'France' 'Germany' 'Greece' 'Netherlands' 'Norway'
 'United Kingdom' 'United States']",Molecure S.A.,Molecure S.A.,Global / Multi-Region,2.0,1.0,0.6,0.3
NCT06205472,Phase II Study of Adjuvant SIB Radiotherapy Following Narrow-Margin Hepatectomy in Patients With HCC.,Recruiting,Phase 2,['Hepatocellular Carcinoma' 'Narrow Margin' 'Radiotherapy'],['Adjuvant SIB radiotherapy'],['China'],"Cancer Institute and Hospital, Chinese Academy of Medical Sciences","Cancer Institute and Hospital, Chinese Academy of Medical Sciences",Global / Multi-Region,2.0,1.0,0.6,0.3
NCT06205602,Antiretrovirals Combined With Antibodies for HIV-1 Cure In Africa,Recruiting,Phase 2,['HIV-1-infection'],"['3BNC117-LS' '10-1074-LS' 'Placebo for 3BNC117-LS'
 'Placebo for 10-1074-LS']",['Botswana' 'South Africa'],Advancing Clinical Therapeutics Globally for HIV/AIDS and Other Infections,Advancing Clinical Therapeutics Globally for HIV/AIDS and Other Infections,Global / Multi-Region,2.0,1.0,0.6,0.3
NCT06205836,Cemiplimab With or Without Fianlimab to Treat Older Patients With Localized or Locally Advanced MSI-H Colorectal Cancer,Recruiting,Phase 2,['Colorectal Cancer'],['Cemiplimab' 'Fianlimab'],['United States'],Sidney Kimmel Comprehensive Cancer Center at Johns Hopkins,Sidney Kimmel Comprehensive Cancer Center at Johns Hopkins,Global / Multi-Region,2.0,1.0,0.6,0.3
NCT06205862,Efficacy and Safety of Fecal Microbiota Transplantation (FMT) in Reducing Recurrence of Colorectal Adenoma (CRA),Recruiting,Phase 2,"['Fecal Microbiota Transplantation' 'Colorectal Adenoma'
 'Gastrointestinal Microbiome']",['fecal microbiota transplantation'],['China'],Shenzhen Hospital of Southern Medical University,Shenzhen Hospital of Southern Medical University,Global / Multi-Region,2.0,1.0,0.6,0.3
NCT06205927,Randomized Study of Carbon Ion Boost in Hypoxic Lesions for Locally Advanced Non-small Cell Lung Cancer,Recruiting,Phase 2,['Non-small Cell Lung Cancer'],"['Standard carbon ion beam radiotherapy'
 'Carbon ion beam radiotherapy simultaneously dose boost']",['China'],Jian Chen,Jian Chen,Global / Multi-Region,2.0,1.0,0.6,0.3
NCT06322238,Pharmacogenetic Panel to Prevent Adverse Drug Reactions in Daily Primary Care Practice:,Recruiting,Phase 2,"['Pharmacogenomic Drug Interaction' 'Side Effect of Drug'
 'Ineffective Drug Action' 'Drug Metabolism, Poor, CYP2D6-Related'
 'Drug Metabolism, Poor, CYP2C19-Related']",['PGx panel test'],['United States'],Mayo Clinic,Mayo Clinic,Global / Multi-Region,2.0,1.0,0.6,0.3
NCT06322394,BXOS110 Injection in the Treatment of Acute Ischaemic Stroke,Recruiting,Phase 2,['Acute Ischemic Stroke'],['high-dose BXOS110' 'low-dose BXOS110' 'Placebo'],['China'],"Biocells (Beijing) Biotech Co.,Ltd","Biocells (Beijing) Biotech Co.,Ltd",Global / Multi-Region,2.0,1.0,0.6,0.3
NCT06145074,"Examining Safety, Efficacy and Feasibility of Preoperative Propranolol in Patients With PDAC.",Recruiting,Phase 2,['Pancreatic Cancer' 'Surgery'],['Propranolol' 'Placebo'],['Denmark'],Zealand University Hospital,Zealand University Hospital,Global / Multi-Region,2.0,1.0,0.6,0.3
NCT06404697,Boost Irradiation to the Supraclavicular Area Among High Risk cN3c Breast Cancer Patients,Recruiting,Phase 2,['Breast Cancer'],['Boost irradiation'],['China'],Ruijin Hospital,Ruijin Hospital,Global / Multi-Region,2.0,1.0,0.6,0.3
NCT06427460,Central-boost Ablative Radiation Therapy for Solid Tumors (CBART),Recruiting,Phase 2,['Pancreatic Cancer'],['Central-boost ablative dose delivered by stereotactic body radiation therapy'],['China'],Changhai Hospital,Changhai Hospital,Global / Multi-Region,2.0,1.0,0.6,0.3
NCT06427668,Study of SPG302 in Adult Participants With Mild-to-Moderate Alzheimer's Disease (AD),"Active, not recruiting",Phase 2,['Alzheimer Disease'],['SPG302' 'Placebo'],['Australia'],Spinogenix,Spinogenix,Global / Multi-Region,2.0,1.0,0.6,0.3
NCT06428006,Efficacy of Cognitive Behavioral Therapy for Insomnia to Treat Insomnia Symptoms in Individuals With Multiple Sclerosis,Recruiting,Phase 2,['Multiple Sclerosis' 'Insomnia'],"['Cognitive behavioral therapy for insomnia'
 'Sleep and lifestyle education']",['United States'],University of Kansas Medical Center,University of Kansas Medical Center,Global / Multi-Region,2.0,1.0,0.6,0.3
NCT06428396,Study of Belzutifan (MK-6482) Plus Fulvestrant for ER+/HER2- Metastatic Breast Cancer (MK-6482-029/LITESPARK-029),Recruiting,Phase 2,['Metastatic Breast Cancer'],['Belzutifan' 'Fulvestrant' 'Everolimus' 'Exemestane'],"['Argentina' 'Canada' 'Chile' 'Colombia' 'South Korea' 'Taiwan' 'Thailand'
 'United Kingdom' 'United States']",Merck Sharp & Dohme LLC,Merck Sharp & Dohme LLC,Global / Multi-Region,2.0,1.0,0.6,0.3
NCT06428487,Neoadjuvant Prolgolimab Monotherapy in Locally Advanced MMR-deficient Colorectal Cancer,Recruiting,Phase 2,['Colorectal Cancer'],['Prolgolimab'],['Russia'],Blokhin's Russian Cancer Research Center,Blokhin's Russian Cancer Research Center,Global / Multi-Region,2.0,1.0,0.6,0.3
NCT06429098,"Study of A Venetoclax-based, Anthracycline-free Regimen in Newly Diagnosed CBFβ::MYH11(+) AML",Recruiting,Phase 2,['Acute Myeloid Leukemia'],['Venetoclax' 'azacitidine' 'decitabine' 'Cytarabine'],['China'],The First Affiliated Hospital of Soochow University,The First Affiliated Hospital of Soochow University,Global / Multi-Region,2.0,1.0,0.6,0.3
NCT06429176,"Safety, Tolerability, Pharmacokinetics, and Preliminary Efficacy of SPL84 in Patients with Cystic Fibrosis",Recruiting,Phase 2,['Cystic Fibrosis'],['SPL84' 'Placebo'],['United States'],SpliSense Ltd.,SpliSense Ltd.,Global / Multi-Region,2.0,1.0,0.6,0.3
NCT06429501,Local Anesthesia for Facial Fractures,Recruiting,Phase 2,['Pain Management'],['Bupivacaine/Epinephrine' 'Saline'],['United States'],Washington University School of Medicine,Washington University School of Medicine,Global / Multi-Region,2.0,1.0,0.6,0.3
NCT06429566,Safety and Efficacy Study of GB001 Recombinant Peptide Spray in Subjects With Mild Recurrent Aphthous Ulcers,"Active, not recruiting",Phase 2,['Healthy'],"['GB001 recombinant peptide spray low dose group、high dose group'
 'GB001 recombinant peptide spray placebo']",['China'],Zhejiang Echon Biopharm Limited,Zhejiang Echon Biopharm Limited,Global / Multi-Region,2.0,1.0,0.6,0.3
NCT06429696,PD-L1 Inhibitor Combined With Apatinib as First-line Maintenance Treatment for Extensive-stage Small Cell Lung Cancer,Recruiting,Phase 2,['Small Cell Lung Cancer Extensive Stage'],['PD-L1 inhibitor combined with apatinib'],['China'],"Nanfang Hospital, Southern Medical University","Nanfang Hospital, Southern Medical University",Global / Multi-Region,2.0,1.0,0.6,0.3
NCT06429839,Nimotuzumab Concurrent With Chemoradiotherapy for Esophageal Cancer Patients,Recruiting,Phase 2,"['Esophageal Cancer' 'Nimotuzumab' 'Chemoradiotherapy' 'Chemotherapy'
 'Immunotherapy']",['Nimotuzumab with chemoradiotherapy'],['China'],"Cancer Institute and Hospital, Chinese Academy of Medical Sciences","Cancer Institute and Hospital, Chinese Academy of Medical Sciences",Global / Multi-Region,2.0,1.0,0.6,0.3
NCT06429904,Nimotuzumab Plus NALIRIFOX in Locally Advanced Pancreatic Cancer,"Active, not recruiting",Phase 2,['Locally Advanced Pancreatic Cancer'],['Nimotuzumab+ NALIRIFOX'],['China'],Peking Union Medical College Hospital,Peking Union Medical College Hospital,Global / Multi-Region,2.0,1.0,0.6,0.3
NCT06430333,Sleep to Reduce Incident Depression Effectively in Peripartum,Recruiting,Phase 2,['Insomnia' 'Depression'],"['Perinatal Understanding of Mindful Awareness for Sleep (PUMAS)'
 'Treatment-as-usual (TAU)']",['United States'],Henry Ford Health System,Henry Ford Health System,Global / Multi-Region,2.0,1.0,0.6,0.3
NCT06430658,Neoadjuvant Comprehensive Treatment for Unresectable Esophageal Cancer,Recruiting,Phase 2,['Esophagus Cancer'],['Tislelizumab (BGB-A317) with chemoradiotherapy'],['China'],"Cancer Institute and Hospital, Chinese Academy of Medical Sciences","Cancer Institute and Hospital, Chinese Academy of Medical Sciences",Global / Multi-Region,2.0,1.0,0.6,0.3
NCT06430736,PRONTO Trial (PRophylactic Versus ON-demand Use of TOcilizumab),Recruiting,Phase 2,['Myeloma' 'Lymphoma' 'Leukemia'],['Tocilizumab before CAR-T cell infusion' 'Tocilizumab at emerging CRS'],['Switzerland'],"Insel Gruppe AG, University Hospital Bern","Insel Gruppe AG, University Hospital Bern",Global / Multi-Region,2.0,1.0,0.6,0.3
NCT06430788,A Study of Emapalumab for Pediatric Aplastic Anemia,Recruiting,Phase 2,['Aplastic Anemia' 'Cytopenia' 'Hypocellular Marrow'],['Emapalumab'],['United States'],Memorial Sloan Kettering Cancer Center,Memorial Sloan Kettering Cancer Center,Global / Multi-Region,2.0,1.0,0.6,0.3
NCT06433219,Tuvusertib Combined With Niraparib or Lartesertib in Participants With Epithelial Ovarian Cancer (DDRiver EOC 302),"Active, not recruiting",Phase 2,['Ovarian Cancer'],['Tuvusertib (M1774)' 'Niraparib' 'Lartesertib (M4076)'],"['Australia' 'Belgium' 'Denmark' 'France' 'Germany' 'Israel' 'Italy'
 'Netherlands' 'Poland' 'Spain' 'Switzerland' 'United Kingdom'
 'United States']","EMD Serono Research & Development Institute, Inc.","EMD Serono Research & Development Institute, Inc.",Global / Multi-Region,2.0,1.0,0.6,0.3
NCT06427330,Phase II Study of Post-Transplant Low-Dose Inotuzumab Ozogamicin to Prevent Relapse of Acute Lymphoblastic Leukemia,Recruiting,Phase 2,['Acute Lymphoid Leukemia'],['Inotuzumab ozogamicin'],['China'],"Institute of Hematology & Blood Diseases Hospital, China","Institute of Hematology & Blood Diseases Hospital, China",Global / Multi-Region,2.0,1.0,0.6,0.3
NCT06427252,The Efficacy and Safety of HIPEC Combined With PD-1 and SOX Chemotherapy for the Translational Treatment of GC or EGJC With PM,"Active, not recruiting",Phase 2,"['Gastric Cancer, Metastatic']",['HIPEC' 'Systemic therapy'],['China'],The First Affiliated Hospital with Nanjing Medical University,The First Affiliated Hospital with Nanjing Medical University,Global / Multi-Region,2.0,1.0,0.6,0.3
NCT06427005,Fruquintinib Plus S-1 and Raltitrexed (RSF) for MCRC,Recruiting,Phase 2,['Fruquintinib' 'S-1' 'Raltitrexed'],['Fruquintinib' 'S-1' 'raltitrexed'],['China'],Meng Qiu,Meng Qiu,Global / Multi-Region,2.0,1.0,0.6,0.3
NCT06424067,Phase 2 Study of Fingolimod in Lung Cancers,Recruiting,Phase 2,['Non Small Cell Lung Cancer' 'Small-cell Lung Cancer'],['Fingolimod 0.5 milligram (mg) [Gilenya]'],['United States'],Medical University of South Carolina,Medical University of South Carolina,Global / Multi-Region,2.0,1.0,0.6,0.3
NCT06422936,Clinical Trial to Evaluate BO-112 in Patients with Basal Cell Carcinoma (BCC),Recruiting,Phase 2,['Basal Cell Carcinoma'],['BO-112'],['Israel' 'Spain'],Highlight Therapeutics,Highlight Therapeutics,Global / Multi-Region,2.0,1.0,0.6,0.3
NCT06423170,A Single-arm Phase II Clinical Study of the Efficacy and Safety of Camrelizumab Combined With GEMOX for Unresectable GBCs,Recruiting,Phase 2,['Unresectable Gallbladder Cancer'],['Camrelizumab plus GEMOX'],['China'],Sun Yat-Sen Memorial Hospital of Sun Yat-Sen University,Sun Yat-Sen Memorial Hospital of Sun Yat-Sen University,Global / Multi-Region,2.0,1.0,0.6,0.3
NCT06423326,"Gemcitabine, Cisplatin and Nab-Paclitaxel as Neoadjuvant Treatment for Patients With Resectable or Borderline Resectable Pancreatic Cancer",Recruiting,Phase 2,"['Borderline Resectable Pancreatic Ductal Adenocarcinoma'
 'Resectable Pancreatic Adenocarcinoma'
 'Stage I Pancreatic Cancer AJCC v8' 'Stage II Pancreatic Cancer AJCC v8'
 'Stage III Pancreatic Cancer AJCC v8']","['Biopsy' 'Biospecimen Collection' 'Cisplatin' 'Computed Tomography'
 'Gemcitabine' 'Magnetic Resonance Imaging' 'Nab-paclitaxel'
 'Pancreatic Surgical Procedure']",['United States'],Emory University,Emory University,Global / Multi-Region,2.0,1.0,0.6,0.3
NCT06423378,"Bio-Integrative, Fiber-Reinforced Kneebar for Treating Subchondral Insufficiency of the Knee",Recruiting,Phase 2,['Subchondral Insufficiency Fracture'],['OSSIOfiber® Trimmable Fixation Nails'],['United States'],Vanderbilt University Medical Center,Vanderbilt University Medical Center,Global / Multi-Region,2.0,1.0,0.6,0.3
NCT06423781,Long-term Safety Study of BHV-7000 in Participants With Major Depressive Disorder (MDD),Enrolling by invitation,Phase 2,['Major Depressive Disorder'],['BHV-7000'],['United States'],Biohaven Therapeutics Ltd.,Biohaven Therapeutics Ltd.,Global / Multi-Region,2.0,1.0,0.6,0.3
NCT06423885,A Study of BL-M07D1 Combination Therapy in Patients With Unresectable Locally Advanced or Metastatic HER2-positive Gastric or Gastroesophageal Junction Adenocarcinoma,Recruiting,Phase 2,['HER2-positive Gastric or Gastroesophageal Junction Adenocarcinoma'],['BL-M07D1' 'PD-1 monoclonal antibody'],['China'],"Sichuan Baili Pharmaceutical Co., Ltd.","Sichuan Baili Pharmaceutical Co., Ltd.",Global / Multi-Region,2.0,1.0,0.6,0.3
NCT06424041,Fecal Microbiome Transplantation From Healthy Donors to Individuals With Fibromyalgia,Enrolling by invitation,Phase 2,['Fibromyalgia'],"['Fecal Microbiome Transplantation'
 'Sham Fecal Microbiome Transplantation']",['Israel'],Rambam Health Care Campus,Rambam Health Care Campus,Global / Multi-Region,2.0,1.0,0.6,0.3
NCT06424756,Effects of an Antioxidant Supplement on Blood Vessel Health,Recruiting,Phase 2,['Healthy'],"['MitoQ' 'Placebo' 'MitoTempo' 'Tempol' 'L-NAME'
 'SNP - Sodium Nitroprusside']",['United States'],University of Georgia,University of Georgia,Global / Multi-Region,2.0,1.0,0.6,0.3
NCT06426511,ctDNA-MRD Guided Consolidation Toripalimab in Stage IB-IIIA NSCLC,Recruiting,Phase 2,"['Lung Cancer, Nonsmall Cell']","['Toripalimab+Chemotherapy'
 'Toripalimab+Chemotherapy followed by consolidation toripalimab']",['China'],Sun Yat-sen University,Sun Yat-sen University,Global / Multi-Region,2.0,1.0,0.6,0.3
NCT06424821,Cadonilimab Plus Chemotherapy as First-line Treatment for PD-L1 Negative NSCLC,Recruiting,Phase 2,['NSCLC'],['Cadonilimab'],['China'],"Shanghai Pulmonary Hospital, Shanghai, China","Shanghai Pulmonary Hospital, Shanghai, China",Global / Multi-Region,2.0,1.0,0.6,0.3
NCT06424899,A Study Comparing Neoadjuvant Chemoimmunotherapy and Immuno-consolidationafter Compared With Immunoconsolidation After Radical Chemoradiotherapy for Stage III Potentially Resectable NSCLC,Recruiting,Phase 2,['Non Small Cell Lung Cancer'],['Adebrelimab' 'radical chemoradiotherapy' 'Platinum based chemotherapy'],['China'],Zeng Jian,Zeng Jian,Global / Multi-Region,2.0,1.0,0.6,0.3
NCT06425055,Vonafexor ALPort Syndrome Efficacy & Safety TRIAl-1 (ALPESTRIA-1),"Active, not recruiting",Phase 2,['Alport Syndrome'],['Vonafexor'],['France' 'Spain' 'United States'],Enyo Pharma,Enyo Pharma,Global / Multi-Region,2.0,1.0,0.6,0.3
NCT06425133,Regorafenib in Combination With Multimodal Metronomic Chemotherapy for Chemo-resistant Metastatic Colorectal Cancers,Recruiting,Phase 2,['Metastatic Colorectal Cancer'],"['Blood sample' 'Quality of life questionnaires' 'Biopsy' 'Regorafenib'
 'Regorafenib + metronomic chemotherapy']",['France'],Centre Hospitalier Universitaire de Besancon,Centre Hospitalier Universitaire de Besancon,Global / Multi-Region,2.0,1.0,0.6,0.3
NCT06425302,A Study to Evaluate the Efficacy and Safety of Golcadomide in Combination With Rituximab in Participants With Newly Diagnosed Advanced Stage Follicular Lymphoma,Recruiting,Phase 2,"['Lymphoma, Follicular']","['Golcadomide' 'Rituximab' 'Cyclophosphamide' 'Doxorubicin' 'Vincristine'
 'Prednisone' 'Bendamustine']","['Australia' 'Brazil' 'Canada' 'Chile' 'France' 'Germany' 'Italy' 'Poland'
 'South Korea' 'Spain' 'Taiwan' 'United Kingdom' 'United States']",Celgene,Celgene,Global / Multi-Region,2.0,1.0,0.6,0.3
NCT06425341,"A Multicenter, Randomized, Open, Parallel-designed Study to Evaluate the Efficacy and Safety of HRS-5635 Injection Alone or in Combination With Other Agents in Patients Treated for Chronic Hepatitis B",Recruiting,Phase 2,['Chronic Hepatitis B'],"['HRS-5635 Injection' 'HRS-5635 Injection' 'HRS-5635 Injection'
 'HRS-5635 Injection' 'HRS-5635 Injection (low dose) and Peg-IFN-α'
 'HRS-5635 Injection (high dose) and Peg-IFN-α' 'Peg-IFN-α']",['China'],"Fujian Shengdi Pharmaceutical Co., Ltd.","Fujian Shengdi Pharmaceutical Co., Ltd.",Global / Multi-Region,2.0,1.0,0.6,0.3
NCT06426160,Tocilizumab for Painful Chronic Pancreatitis,Recruiting,Phase 2,"['Pancreatitis, Chronic']",['Tocilizumab 20 MG/ML [Actemra]' 'Sodium Chloride 0.9% Inj'],['Denmark'],Soren Schou Olesen,Soren Schou Olesen,Global / Multi-Region,2.0,1.0,0.6,0.3
NCT06433362,CMOEP in the Treatment of Untreated Peripheral T-cell Lymphoma,Recruiting,Phase 2,['Peripheral T Cell Lymphoma'],['CMOEP'],['China'],Tianjin Medical University Cancer Institute and Hospital,Tianjin Medical University Cancer Institute and Hospital,Global / Multi-Region,2.0,1.0,0.6,0.3
NCT06433557,"A Phase 2 Clinical Trial to Evaluate Efficacy, Safety, and Tolerability of Navepegritide in Combination With Lonapegsomatropin in Children With Achondroplasia","Active, not recruiting",Phase 2,['Achondroplasia'],['Combination of Navepegritide and Lonapegsomatropin administered as two separate s.c. injections'],['Denmark' 'Ireland' 'United Kingdom'],Ascendis Pharma Growth Disorders A/S,Ascendis Pharma Growth Disorders A/S,Global / Multi-Region,2.0,1.0,0.6,0.3
NCT06433830,Hetrombopag for the Thrombocytopenia Induced by Concurrent Chemoradiotherapy,Recruiting,Phase 2,['Thrombocytopenia' 'Radiotherapy Side Effect'],['Hetrombopag Olamine'],['China'],Sir Run Run Shaw Hospital,Sir Run Run Shaw Hospital,Global / Multi-Region,2.0,1.0,0.6,0.3
NCT06440525,A Study of RSLV-132 in Females With Sjögren's Disease,Recruiting,Phase 2,['Primary Sjögren Syndrome'],['RSLV-132' 'Placebo'],['United States'],Resolve Therapeutics,Resolve Therapeutics,Global / Multi-Region,2.0,1.0,0.6,0.3
NCT06437522,A Study of BL-B01D1+PD-1 Monoclonal Antibody in Patients With Recurrent or Metastatic Head and Neck Squamous Cell Carcinoma and Other Solid Tumors,Recruiting,Phase 2,['Head and Neck Squamous Cell Carcinoma'],['BL-B01D1' 'PD-1 monoclonal antibody'],['China'],"Sichuan Baili Pharmaceutical Co., Ltd.","Sichuan Baili Pharmaceutical Co., Ltd.",Global / Multi-Region,2.0,1.0,0.6,0.3
NCT06437574,Intensive Cholesterol-Lowering and CD8+ T Cells in Prostate Cancer,Recruiting,Phase 2,['Prostate Cancer'],['Vytorin' 'Ezetimibe'],['United States'],Cedars-Sinai Medical Center,Cedars-Sinai Medical Center,Global / Multi-Region,2.0,1.0,0.6,0.3
NCT06438757,Trial of JYB1904 in Patients With Allergic Asthma,"Active, not recruiting",Phase 2,['Allergic Asthma'],['JYB1904' 'Omalizumab'],['China'],Jemincare,Jemincare,Global / Multi-Region,2.0,1.0,0.6,0.3
NCT06438822,Cadonilimab Combined With Liposomal Irinotecan Plus Leucovorin and Fluorouracil for Advanced Cholangiocarcinoma,Recruiting,Phase 2,['Cholangiocarcinoma'],['Cadonilimab Combined With Liposomal Irinotecan Plus Leucovorin and Fluorouracil'],['China'],West China Hospital,West China Hospital,Global / Multi-Region,2.0,1.0,0.6,0.3
NCT06439381,Long-term Safety and Efficacy of TQH2722 Injection in the Treatment of Chronic Sinusitis With or Without Nasal Polyps,Recruiting,Phase 2,['Chronic Rhinosinusitis'],['300mg/600mg of TQH2722 injection'],['China'],"Chia Tai Tianqing Pharmaceutical Group Co., Ltd.","Chia Tai Tianqing Pharmaceutical Group Co., Ltd.",Global / Multi-Region,2.0,1.0,0.6,0.3
NCT06439693,The SAPPHO Study: Sequential Therapy With Curative Intent in de Novo HER2+ Metastatic Breast Cancer,Recruiting,Phase 2,"['Breast Cancer Female' 'Breast Cancer' 'Breast Cancer Metastatic'
 'Estrogen Receptor-positive Breast Cancer' 'HER2-positive Breast Cancer'
 'Stage IV Breast Cancer']","['Nab-Paclitaxel' 'Paclitaxel' 'Docetaxel' 'Phesgo' 'T-DM1' 'Pertuzumab'
 'Trastuzumab Deruxtecan' 'Trastuzumab Subcutaneous Subcutaneous'
 'Tucatinib' 'Trastuzumab']",['United States'],Dana-Farber Cancer Institute,Dana-Farber Cancer Institute,Global / Multi-Region,2.0,1.0,0.6,0.3
NCT06439771,"A Phase 2 Study to Evaluate the Efficacy, Safety and Pharmacokinetics of YL202 in Patients With BC",Recruiting,Phase 2,['Locally Advanced or Metastatic Breast Cancer'],['YL202 should be intravenously infused'],['China'],"MediLink Therapeutics (Suzhou) Co., Ltd.","MediLink Therapeutics (Suzhou) Co., Ltd.",Global / Multi-Region,2.0,1.0,0.6,0.3
NCT06440707,Transcranial Direct Current Stimulation for Treatment of Acute Ischemic Stroke,Recruiting,Phase 2,['Acute Ischemic Stroke'],"['High-definition Cathodal Transcranial Direct Current Stimulation (HD C-tDCS)'
 'Sham tDCS']",['United States'],"University of California, Los Angeles","University of California, Los Angeles",Global / Multi-Region,2.0,1.0,0.6,0.3
NCT06437353,Surufatinib Combined With Carboplatin/Paclitaxel and Surufatinib Combined With Olaparib as First-line and Maintenance Therapy for Newly Diagnosed High-risk Ovarian Cancer,Recruiting,Phase 2,['Ovarian Cancer'],['Paclitaxel'],['China'],Anhui Provincial Cancer Hospital,Anhui Provincial Cancer Hospital,Global / Multi-Region,2.0,1.0,0.6,0.3
NCT06440850,Vemurafenib and Cobimetinib for the Treatment of Patients With High Risk Differentiated Thyroid Carcinoma With BRAFV600E Mutation,Recruiting,Phase 2,"['Thyroid Gland Follicular Carcinoma' 'Thyroid Gland Oncocytic Carcinoma'
 'Thyroid Gland Papillary Carcinoma']","['Biospecimen Collection' 'Cobimetinib' 'Computed Tomography'
 'Diagnostic Imaging' 'I-131 Uptake Test' 'Iodine I-131'
 'Magnetic Resonance Imaging' 'Positron Emission Tomography'
 'Recombinant Thyrotropin Alfa' 'Ultrasound Imaging' 'Vemurafenib']",['United States'],City of Hope Medical Center,City of Hope Medical Center,Global / Multi-Region,2.0,1.0,0.6,0.3
NCT06440902,Exploration of Therapeutic Strategies for NeoRAS Wild-type Metastatic Colorectal Cancer Based on Circulating Tumor DNA,Recruiting,Phase 2,['Colorectal Cancer Metastatic'],['Cetuximab'],['China'],Fudan University,Fudan University,Global / Multi-Region,2.0,1.0,0.6,0.3
NCT06440954,Efficacy and Resistance Mechanisms of IP in NSCLC With Leptomeningeal Metastases,Recruiting,Phase 2,['Non-Small Cell Lung Cancer'],['Intrathecal pemetrexed'],['China'],Hunan Province Tumor Hospital,Hunan Province Tumor Hospital,Global / Multi-Region,2.0,1.0,0.6,0.3
NCT06440993,Durvalumab + Intraductal Radiofrequency Ablation (ID-RFA) in Extrahepatic Cholangiocarcinoma,Recruiting,Phase 2,['Extrahepatic Cholangiocarcinoma' 'Unresectable Perihilar or Ductal CCA'],['Gemcitabine' 'Cisplatin' 'Durvalumab' 'ID-RFA'],['Germany'],Institut für Klinische Krebsforschung IKF GmbH at Krankenhaus Nordwest,Institut für Klinische Krebsforschung IKF GmbH at Krankenhaus Nordwest,Global / Multi-Region,2.0,1.0,0.6,0.3
NCT06441474,Understanding and Addressing Rejection of Personalized Breast Cancer Risk Information in Women,Recruiting,Phase 2,['Breast Cancer Female'],['Presentation of personal breast cancer risk estimate'],['United States'],"University of Colorado, Denver","University of Colorado, Denver",Global / Multi-Region,2.0,1.0,0.6,0.3
NCT06441604,Extended-release Buprenorphine as a Novel Low-dose Induction Strategy,Recruiting,Phase 2,['Opioid Use Disorder'],['Extended-release Buprenorphine'],['United States'],Brigham and Women's Hospital,Brigham and Women's Hospital,Global / Multi-Region,2.0,1.0,0.6,0.3
NCT06441643,Next Generation Rocklatan,"Active, not recruiting",Phase 2,['Open Angle Glaucoma' 'Ocular Hypertension'],"['AR-17043 Ophthalmic Solution' 'PG043 Ophthalmic Solution'
 'Latanoprost 0.005% Ophthalmic Solution'
 'Netarsudil 0.02% Ophthalmic Solution'
 'Netarsudil 0.02%/Latanoprost 0.005% Ophthalmic Solution'
 'AR-17043 Vehicle']",['United States'],Alcon Research,Alcon Research,Global / Multi-Region,2.0,1.0,0.6,0.3
NCT06437509,A Study of BL-B01D1+PD-1 Monoclonal Antibody in Patients With Extensive-stage Small Cell Lung Cancer,Recruiting,Phase 2,['Extensive-stage Small-cell Lung Cancer'],['BL-B01D1' 'PD-1 monoclonal antibody'],['China'],"Sichuan Baili Pharmaceutical Co., Ltd.","Sichuan Baili Pharmaceutical Co., Ltd.",Global / Multi-Region,2.0,1.0,0.6,0.3
NCT06437223,Study of Xiflam™ Treatment in Patients Post COVID-19 Infection Suffering From What is Known as Long COVID (LC),Recruiting,Phase 2,['Long COVID'],['Tonabersat' 'Placebo'],['United States'],Inflammx Therapeutics Inc,Inflammx Therapeutics Inc,Global / Multi-Region,2.0,1.0,0.6,0.3
NCT06433869,The Efficacy of Bevacizumab and Serplulimab Combined With Recombinant Mutant HumanTumor Necrosis Factor(rmhTNF-NC) in the Treatment of Malignant Ascites,Recruiting,Phase 2,['Malignant Ascites'],['serplulimab' 'Bevacizumab' 'rmhTNF-NC'],['China'],Sun Yat-sen University,Sun Yat-sen University,Global / Multi-Region,2.0,1.0,0.6,0.3
NCT06434948,The Effect of Omega 3 Supplementation on Postoperative Delirium in Elderly Patients Undergoing Major Cardiac Surgery,Enrolling by invitation,Phase 2,['Postoperative Delirium'],['Omega-3 Ethyl Esters 4 g' 'Omega-3 Ethyl Esters 2 g'],['United States'],University of Missouri-Columbia,University of Missouri-Columbia,Global / Multi-Region,2.0,1.0,0.6,0.3
NCT06434064,"Tamoxifen and Pegylated Liposomal Doxorubicin for the Treatment of Patients With Metastatic or Inoperable, Locally Advanced Triple Negative Breast Cancer",Recruiting,Phase 2,"['Anatomic Stage III Breast Cancer AJCC v8'
 'Anatomic Stage IV Breast Cancer AJCC v8'
 'Locally Advanced Unresectable Triple-Negative Breast Carcinoma'
 'Metastatic Triple-Negative Breast Carcinoma']","['Biopsy' 'Biospecimen Collection' 'Computed Tomography'
 'Echocardiography' 'Magnetic Resonance Imaging'
 'Pegylated Liposomal Doxorubicin Hydrochloride' 'Tamoxifen']",['United States'],Roswell Park Cancer Institute,Roswell Park Cancer Institute,Global / Multi-Region,2.0,1.0,0.6,0.3
NCT06434571,"Comparing Telehealth-Delivered CBT-I to Web-Based CBT-I to Enhance Sleep, Reduce Fatigue, and Promote Neuroprotection",Recruiting,Phase 2,['Multiple Sclerosis' 'Insomnia'],"['Telehealth cognitive behavioral therapy for insomnia (tCBT-I)'
 'Web-based cognitive behavioral therapy for insomnia (wCBT-I)'
 'Treatment as usual (TAU)']",['United States'],University of Kansas Medical Center,University of Kansas Medical Center,Global / Multi-Region,2.0,1.0,0.6,0.3
NCT06434597,A Clinical Study of SPH5030 Tablets in the Treatment of Her2-positive/Mutated Biliary Tract OR Colorectal Cancer Patients.,Recruiting,Phase 2,['Biliary Tract or Colorectal Cancer With Her2-positive/Mutated'],['SPH5030'],['China'],"Shanghai Pharmaceuticals Holding Co., Ltd","Shanghai Pharmaceuticals Holding Co., Ltd",Global / Multi-Region,2.0,1.0,0.6,0.3
NCT06434610,A Study of B013 in Combination With Paclitaxel in Patients With Platinum-resistant Recurrent Ovarian Cancer.,Recruiting,Phase 2,['Platinum-resistant Recurrent Ovarian Cancer'],['B013' 'Paclitaxel' 'Placebo'],['China'],"Shanghai Jiaolian Drug Research and Development Co., Ltd","Shanghai Jiaolian Drug Research and Development Co., Ltd",Global / Multi-Region,2.0,1.0,0.6,0.3
NCT06434662,"Mitoxantrone Hydrochloride Liposome Injection, Cytarabine Combined With Venetoclax in the Treatment of R/R AML",Recruiting,Phase 2,['Relapsed/Refractory Acute Myeloid Leukaemia' 'Myeloid Malignancy'],['mitoxantrone hydrochloride liposome' 'Cytarabine' 'Venetoclax'],['China'],First Affiliated Hospital of Zhejiang University,First Affiliated Hospital of Zhejiang University,Global / Multi-Region,2.0,1.0,0.6,0.3
NCT06434792,Study to Evaluate Efficacy and Safety of Bronpass Tab. in Patients With Chronic Obstructive Pulmonary Disease,Recruiting,Phase 2,['Chronic Obstructive Pulmonary Disease'],['Bronpass Tab.' 'Placebo'],['South Korea'],"Hanlim Pharm. Co., Ltd.","Hanlim Pharm. Co., Ltd.",Global / Multi-Region,2.0,1.0,0.6,0.3
NCT06434818,Enhanced Digital-Chemosensory-Based Olfactory Training for Remote Management of Substance Use Disorders,Recruiting,Phase 2,"['Substance Use Disorders' 'Opioid Use Disorder' 'Alcohol Use Disorder'
 'Cocaine Use Disorder' 'Methamphetamine-dependence']","['EDITOR (CBOT with olfactory stimulants, OFC tasks & remote monitoring of treatment compliance)'
 'CBOT with olfactory stimulants & OFC tasks' 'CBOT Sham']",['United States'],Evon Medics LLC,Evon Medics LLC,Global / Multi-Region,2.0,1.0,0.6,0.3
NCT06435026,Optimizing PrEP Regimens for Pregnant Women in Sub-Saharan Africa (O-PrEP Study) - Stage 1,"Active, not recruiting",Phase 2,['HIV' 'Prevention' 'Pregnancy'],['FTC/TDF 200mg/300mg' 'FTC/TDF 300mg/450mg' 'FTC/TDF 400mg/600mg'],['Malawi' 'Zimbabwe'],"University of North Carolina, Chapel Hill","University of North Carolina, Chapel Hill",Global / Multi-Region,2.0,1.0,0.6,0.3
NCT06437158,Use of Bleomycin in the Sclerotherapy of Lymphatic Malformations for Pediatric Patients,Recruiting,Phase 2,['Lymphatic Malformation'],['Bleomycin'],['China'],West China Hospital,West China Hospital,Global / Multi-Region,2.0,1.0,0.6,0.3
NCT06435156,Sotagliflozin in Patients With Heart Failure Symptoms and Type 1 Diabetes,Recruiting,Phase 2,['Type 1 Diabetes' 'Heart Failure'],['Sotagliflozin' 'Placebo'],['United Kingdom'],University of Dundee,University of Dundee,Global / Multi-Region,2.0,1.0,0.6,0.3
NCT06435260,Hypofractionated Radiotherapy +Chemotherapy+ Camrelizumab as Neoadjuvant Therapy for Pancreatic Cancer,Recruiting,Phase 2,['Pancreatic Cancer'],['Camrelizumab+chemotherapy' 'hypofractionated radiotherapy'],['China'],Hebei Medical University Fourth Hospital,Hebei Medical University Fourth Hospital,Global / Multi-Region,2.0,1.0,0.6,0.3
NCT06435286,Effectiveness and Performance of an Optical Biopsy Technology for Esophageal Cancer in Brazil and the United States,Recruiting,Phase 2,"['Suspected or Known Squamous Cell Neoplasia'
 'Prior History of Squamous Cell Dysplasia and /or Neoplasia']","['Proflavine Hemisulfate'
 'Artificial Intelligence Mobile High-Resolution Microendoscope']",['Brazil' 'United States'],Baylor College of Medicine,Baylor College of Medicine,Global / Multi-Region,2.0,1.0,0.6,0.3
NCT06435845,Phase 2 Study on the Pharmacokinetics and Safety of RLYB212 in Pregnant Women at Higher Risk for HPA-1a Alloimmunization,"Active, not recruiting",Phase 2,['Fetal and Neonatal Alloimmune Thrombocytopenia'],['Anti-(integrin beta-3) human monoclonal antibody'],['Netherlands' 'Norway' 'Sweden'],Rallybio,Rallybio,Global / Multi-Region,2.0,1.0,0.6,0.3
NCT06435858,Short-term Effects of an SGLT2 Inhibitor on Divalent Ions in Autosomal Dominant Polycystic Kidney Disease,Recruiting,Phase 2,['Autosomal Dominant Polycystic Kidney Disease'],['Empagliflozin' 'Placebo'],['Switzerland'],Cantonal Hospital Graubuenden,Cantonal Hospital Graubuenden,Global / Multi-Region,2.0,1.0,0.6,0.3
NCT06436612,Study of Magnetic Resonance Image and Computed Tomography-Guided Stereotactic Body Radiation Therapy for Abdominopelvic Sarcomas (MARS Trial),Recruiting,Phase 2,['Abdominopelvic Sarcomas'],['Magnetic Resonance Image and Computed Tomography-Guided Stereotactic Body Radiation Therapy'],['United States'],Jonsson Comprehensive Cancer Center,Jonsson Comprehensive Cancer Center,Global / Multi-Region,2.0,1.0,0.6,0.3
NCT06436976,The Effect of Probiotics ATG-F4 in Cancer Patients,Recruiting,Phase 2,['Pancreatic Cancer' 'Colon Cancer'],['LT-002 (Lactobacillus reuteri ATG-F4'],['South Korea'],Chungnam National University Hospital,Chungnam National University Hospital,Global / Multi-Region,2.0,1.0,0.6,0.3
NCT06422884,A Phase 2 Trial of ENV-101 in Patients With Lung Fibrosis (WHISTLE-PF Trial),Recruiting,Phase 2,"['Idiopathic Pulmonary Fibrosis'
 'Progressive Fibrosing Interstitial Lung Disease']",['ENV-101' 'Placebo'],"['Argentina' 'Australia' 'Austria' 'Belgium' 'Canada' 'France' 'Germany'
 'Ireland' 'Italy' 'Malaysia' 'Mexico' 'New Zealand' 'South Korea'
 'United Kingdom']","Endeavor Biomedicines, Inc.","Endeavor Biomedicines, Inc.",Global / Multi-Region,2.0,1.0,0.6,0.3
NCT06422858,Sequential Tegafur-gimeracil-oteracil Potassium Capsule (s-1) and Serplulimab Following Concurrent Chemoradiotherapy for Esophageal Squamous Cell Carcinoma,Recruiting,Phase 2,['Locally Advanced Inoperable Esophageal Squamous Cell Carcinoma'],"['Serplulimab' 'Tegafur-gimeracil-oteracil potassium capsule(S1)'
 'Radiotherapy' 'Cisplatin']",['China'],Zhejiang Cancer Hospital,Zhejiang Cancer Hospital,Global / Multi-Region,2.0,1.0,0.6,0.3
NCT06422650,Effect of Nigella Sativa in Atorvastatin Treated Hyperlipidaemia,Recruiting,Phase 2,['Hyperlipidemia'],['Nigella Sativa capsule 500mg' 'Placebo'],['Bangladesh'],"Bangabandhu Sheikh Mujib Medical University, Dhaka, Bangladesh","Bangabandhu Sheikh Mujib Medical University, Dhaka, Bangladesh",Global / Multi-Region,2.0,1.0,0.6,0.3
NCT06411457,SHR-A1811 in Combination With Adebrelimab for the Treatment of HER2 Low-expressing Metastatic Breast Cancer,Recruiting,Phase 2,['Breast Cancer'],['SHR-A1811+Adebrelimab'],['China'],"Cancer Institute and Hospital, Chinese Academy of Medical Sciences","Cancer Institute and Hospital, Chinese Academy of Medical Sciences",Global / Multi-Region,2.0,1.0,0.6,0.3
NCT06410209,"A Culturally-Tailored Mobile Health and Social Media Physical Activity Intervention for Improving Physical Activity in Hispanic or Latino/Latina Adolescent and Young Adult Childhood Cancer Survivors, Walking Juntos Study","Active, not recruiting",Phase 2,['Hematopoietic and Lymphatic System Neoplasm' 'Malignant Solid Neoplasm'],"['Goal Setting' 'Interview' 'Interview' 'Media Intervention'
 'Medical Device Usage and Evaluation'
 'Medical Device Usage and Evaluation' 'Questionnaire Administration'
 'Reward' 'Text Message-Based Navigation Intervention'
 'Text Message-Based Navigation Intervention']",['Puerto Rico' 'United States'],Children's Oncology Group,Children's Oncology Group,Global / Multi-Region,2.0,1.0,0.6,0.3
NCT06410599,Pharmacologic Treatment Augmentation in Chronic Depression,Recruiting,Phase 2,['Major Depressive Disorder'],['Ketamine' 'Placebo' 'CBASP' 'TAU'],['Germany'],University Hospital Tuebingen,University Hospital Tuebingen,Global / Multi-Region,2.0,1.0,0.6,0.3
NCT06410651,Nimotuzumab Concurrent With Chemoradiotherapy for Patients With Unresectable Esophageal Squamous Cell Carcinoma,Recruiting,Phase 2,"['Esophageal Cancer' 'Nimotuzumab' 'Chemoradiotherapy' 'Chemotherapy'
 'Immunotherapy']",['Nimotuzumab with chemoradiotherapy'],['China'],"Cancer Institute and Hospital, Chinese Academy of Medical Sciences","Cancer Institute and Hospital, Chinese Academy of Medical Sciences",Global / Multi-Region,2.0,1.0,0.6,0.3
NCT06410859,Botulinum Toxin Type A for Injection (HengLi®) in the Treatment of Trigeminal Neuralgia,Enrolling by invitation,Phase 2,['Trigeminal Neuralgia'],"['Botulinum Toxin Type A for Injection,also known as ""HengLi®""']",['China'],LKGS_277,LKGS_277,Global / Multi-Region,2.0,1.0,0.6,0.3
NCT06410924,A Study to Evaluate DD01 in Overweight/Obese Subjects With MASLD/MASH,"Active, not recruiting",Phase 2,['NAFLD' 'NASH'],['DD01' 'Placebo'],['United States'],"Neuraly, Inc.","Neuraly, Inc.",Global / Multi-Region,2.0,1.0,0.6,0.3
NCT06411210,Obesity Complicating Type 1 Diabetes: GLP-1 Analogue Anti-obesity Treatment,Recruiting,Phase 2,['Diabetes type1' 'Obesity'],['Semaglutide Pen Injector' 'Placebo'],['United States'],Yale University,Yale University,Global / Multi-Region,2.0,1.0,0.6,0.3
NCT06411223,Pharmacist-led Intervention for Injectable HIV Treatment for Women With Health-related Social Needs,Recruiting,Phase 2,['Hiv'],['Collaborative drug therapy management model' 'Cabotegravir/Rilpivirine'],['United States'],Yale University,Yale University,Global / Multi-Region,2.0,1.0,0.6,0.3
NCT06411600,Combination Therapy for BRAF-V600E Metastatic CRCm,Recruiting,Phase 2,['Metastatic Colorectal Cancer'],['Encorafenib' 'Cetuximab' 'Bevacizumab'],['Spain'],Vall d'Hebron Institute of Oncology,Vall d'Hebron Institute of Oncology,Global / Multi-Region,2.0,1.0,0.6,0.3
NCT06409910,ALTERNATE DAY ULTRAHYPOFRACTIONATED OR DAILY MODERATELY HYPOFRACTIONATED POST OPERATIVE RADIOTHERAPY (AMPORA),Recruiting,Phase 2,['Post-Operative Prostate Cancer'],['Radiotherapy'],['Canada'],"University Health Network, Toronto","University Health Network, Toronto",Global / Multi-Region,2.0,1.0,0.6,0.3
NCT06411795,Rectus Sheath Block With Liposomal Bupivacaine Versus Thoracic Epidural Analgesia for Pain Control Following Pancreatoduodenectomy,Recruiting,Phase 2,['Duodenal Neoplasm' 'Pancreatic Neoplasm'],"['Bupivacaine' 'Hydromorphone' 'Iopamidol' 'Liposomal Bupivacaine'
 'Medical Chart Review' 'Questionnaire Administration'
 'Thoracic Epidural Analgesia' 'Ultrasound Imaging' 'X-Ray Imaging']",['United States'],"Masonic Cancer Center, University of Minnesota","Masonic Cancer Center, University of Minnesota",Global / Multi-Region,2.0,1.0,0.6,0.3
NCT06411821,Ulixertinib in People With Histiocytic Neoplasms,Recruiting,Phase 2,['Histiocytic Neoplasms'],['Ulixertinib'],['United States'],Memorial Sloan Kettering Cancer Center,Memorial Sloan Kettering Cancer Center,Global / Multi-Region,2.0,1.0,0.6,0.3
NCT06412471,A Phase II Study of SSGJ-707 Combination Therapy in Advanced NSCLC Patients,Recruiting,Phase 2,['First-line Advanced NSCLC Patients'],"['SSGJ-707' 'carboplatin' 'Pemetrexed' 'paclitaxel' 'PD-1/L1'
 'Paclitaxel-albumin']",['China'],"Sunshine Guojian Pharmaceutical (Shanghai) Co., Ltd.","Sunshine Guojian Pharmaceutical (Shanghai) Co., Ltd.",Global / Multi-Region,2.0,1.0,0.6,0.3
NCT06412497,MT2023-20: Hematopoietic Cell Transplant With Reduced Intensity Conditioning and Post-transplant Cyclophosphamide for Severe Aplastic Anemia and Other Forms of Acquired Bone Marrow Failure.,Recruiting,Phase 2,"['Severe Aplastic Anemia' 'Acquired Amegakaryocytic Thrombocytopenia'
 'Acquired Pure Red Cell Aplasia' 'Paroxysmal Nocturnal Hemoglobinuria']","['Rituximab' 'Rabbit ATG' 'Cyclophosphamide' 'Fludarabine'
 'Total Body Irradiation' 'Cell Infusion' 'Post-Transplant G-CSF'
 'Tacrolimus' 'Mycophenolate Mofetil']",['United States'],"Masonic Cancer Center, University of Minnesota","Masonic Cancer Center, University of Minnesota",Global / Multi-Region,2.0,1.0,0.6,0.3
NCT06412653,Prospective Pilot Trial to Address Feasibility and Safety of Oral Zinc in GNAO1 Associated Disorders,Recruiting,Phase 2,"['GNAO1' 'Dystonia' 'Epilepsy' 'Development Delay'
 'Developmental and Epileptic Encephalopathy 17'
 'Neurodevelopmental Disorder With Involuntary Movements'
 'Choreoathetosis']",['Zinc Acetate Dihydrate'],['Germany'],"Children's University Hospital Cologne, Germany","Children's University Hospital Cologne, Germany",Global / Multi-Region,2.0,1.0,0.6,0.3
NCT06413017,Nimotuzumab Combined With ICIs for the Treatment of Advanced Liver Cancer After First Line Treatment Failure,Recruiting,Phase 2,['HCC'],['Nimotuzumab' 'ICIs(Immune checkpoint inhibitors)'],['China'],Tianjin Medical University Cancer Institute and Hospital,Tianjin Medical University Cancer Institute and Hospital,Global / Multi-Region,2.0,1.0,0.6,0.3
NCT06413342,Sintilimab After Concurrent Chemoradiotherapy in Elderly Patients With Esophageal Squamous Cell Carcinoma,Recruiting,Phase 2,"['Esophageal Cancer' 'Chemoradiotherapy' 'Sintilimab' 'Immunotherapy'
 'Elderly Patients']",['Sintilimab'],['China'],Zhejiang Cancer Hospital,Zhejiang Cancer Hospital,Global / Multi-Region,2.0,1.0,0.6,0.3
NCT06409936,PEARL Study: PotEntial of Asciminib in the eaRly Treatment of CML,Recruiting,Phase 2,"['CML, Chronic Phase' 'Chronic Myeloid Leukemia, Chronic Phase'
 'Chronic Myeloid Leukemia, BCR/ABL-Positive' 'Chronic Myeloid Leukemia']",['Asciminib' 'Nilotinib'],['Spain'],Gruppo Italiano Malattie EMatologiche dell'Adulto,Gruppo Italiano Malattie EMatologiche dell'Adulto,Global / Multi-Region,2.0,1.0,0.6,0.3
NCT06409390,Sequential Therapies Modeled on Evolutionary Dynamics for Breast Cancer,Recruiting,Phase 2,['Metastatic Breast Cancer'],"['Taxotere' 'Cytoxan' 'Trastuzumab deruxtecan' 'Sacituzumab govitecan'
 'Xeloda' 'Fulvestrant' 'Ribociclib' 'Abemaciclib']",['United States'],H. Lee Moffitt Cancer Center and Research Institute,H. Lee Moffitt Cancer Center and Research Institute,Global / Multi-Region,2.0,1.0,0.6,0.3
NCT06413706,A Study Comparing Abemaciclib Plus Temozolomide to Temozolomide Monotherapy in Children and Young Adults With High-grade Glioma Following Radiotherapy,Recruiting,Phase 2,['Glioma'],['Abemaciclib' 'Temozolomide'],"['Australia' 'Belgium' 'Denmark' 'France' 'Italy' 'Japan' 'Netherlands'
 'Romania' 'Spain' 'United States']",Eli Lilly and Company,Eli Lilly and Company,Global / Multi-Region,2.0,1.0,0.6,0.3
NCT06406114,Optimizing the Diagnostic Approach to Cephalosporin Allergy Testing,Recruiting,Phase 2,"['Drug Allergy' 'Cephalosporin Allergy' 'Drug Hypersensitivity'
 'Antibiotic Allergy' 'Beta Lactam Adverse Reaction'
 'Drug-Induced Anaphylaxis' 'Cephalosporin Reaction']","['Beta-lactam antibiotic (cefazolin, cefuroxime, cefotaxime, ceftazidime, ceftriaxone, cefepime, pre-pen, penicillin G, ampicillin, and histamine) double-blind skin testing'
 'Culprit cephalosporin (cefazolin, ceftazidime, ceftriaxone, cefepime, cephalexin, cefaclor, cefadroxil, cefuroxime, cefpodoxime, cefdinir, or cefixime) double-blind placebo-controlled drug challenge'
 'Similar cephalosporin (cefepime, ceftriaxone, cefaclor, cephalexin, cefixime, or cefdinir) antibiotic double-blind placebo-controlled drug challenge'
 'Dissimilar cephalosporin (ceftriaxone or cefazolin) antibiotic double-blind placebo-controlled drug challenge'
 'Amoxicillin double-blind placebo-controlled drug challenge']",['United States'],Massachusetts General Hospital,Massachusetts General Hospital,Global / Multi-Region,2.0,1.0,0.6,0.3
NCT06404931,Transvaginal Human Acellular Dermal Matrix for Prolapse Treatment,Recruiting,Phase 2,['Prolapse; Female' 'Prolapse Genital' 'Prolapse Uterovaginal'],"['Vaginal hysterectomy plus matrix reinforcement and sacrospinous fixation with Anchorsure® device'
 'Vaginal hysterectomy plus anterior colporrhaphy'
 'Vaginal hysterectomy plus sacrospinous fixation with Anchorsure® device']",['Spain'],Hospital Mutua de Terrassa,Hospital Mutua de Terrassa,Global / Multi-Region,2.0,1.0,0.6,0.3
NCT06405061,Evaluation of Effectiveness and Safety of HAIC in Combination With Adebrelimab and Bevacizumab for Potentially Resectable Hepatocellular Carcinoma,Recruiting,Phase 2,['Adebrelimab' 'Hepatocellular Carcinoma'],['Adebrelimab'],['China'],Tianjin Medical University Cancer Institute and Hospital,Tianjin Medical University Cancer Institute and Hospital,Global / Multi-Region,2.0,1.0,0.6,0.3
NCT06405113,FMT+SOX+Sintilimab As First-line Treatment for Advanced Gastric Cancer,Recruiting,Phase 2,['Gastric Cancer'],['Fecal Microbiota Transplantation (FMT)+chemotherapy+immunotherapy'],['China'],Changzhou No.2 People's Hospital,Changzhou No.2 People's Hospital,Global / Multi-Region,2.0,1.0,0.6,0.3
NCT06405139,"Nanoliposomal Irinotecan, Oxaliplatin Plus Capecitabine As Conversion Therapy of Locally Advanced Colorectal Cancer",Recruiting,Phase 2,['Colorectal Cancer'],"['Nanoliposomal Irinotecan, Oxaliplatin plus Capecitabine']",['China'],"Cancer Institute and Hospital, Chinese Academy of Medical Sciences","Cancer Institute and Hospital, Chinese Academy of Medical Sciences",Global / Multi-Region,2.0,1.0,0.6,0.3
NCT06405425,A Study of BL-B01D1 + PD-1 in Patients With Locally Advanced or Metastatic Urothelial Carcinoma,Recruiting,Phase 2,['Urothelial Carcinoma'],['BL-B01D1' 'PD-1'],['China'],"Sichuan Baili Pharmaceutical Co., Ltd.","Sichuan Baili Pharmaceutical Co., Ltd.",Global / Multi-Region,2.0,1.0,0.6,0.3
NCT06405490,NALIRI-XELOX+AK104 for First-line Treatment of Advanced PDAC,Recruiting,Phase 2,"['Nanoliposomal Irinotecan' 'Cadonilimab' 'Oxaliplatin' 'Capecitabine'
 'First-Line' 'Advanced Cancer' 'Pancreatic Adenocarcinoma' 'Drug Use']",['Nanoliposomal Irinotecan+Oxaliplatin +Capecitabine+Cadonilimab'],['China'],"Cancer Institute and Hospital, Chinese Academy of Medical Sciences","Cancer Institute and Hospital, Chinese Academy of Medical Sciences",Global / Multi-Region,2.0,1.0,0.6,0.3
NCT06405607,Psilocybin vs Ketamine for Alcohol Use Disorder,Recruiting,Phase 2,['Alcohol Use Disorder' 'Alcohol Dependence' 'Alcohol Abuse'],['Psilocybin' 'Ketamine'],['United States'],University of Iowa,University of Iowa,Global / Multi-Region,2.0,1.0,0.6,0.3
NCT06406426,Study of The Second-line Treatment of Advanced Gastric / Gastroesophageal Junction Adenocarcinoma With Cadonilimab and Fruquintinib Combined With Paclitaxel-albumin,Recruiting,Phase 2,['Gastric / Gastroesophageal Junction Adenocarcinoma'],['Cadonilimab and Fruquintinib Combined With Paclitaxel-albumin'],['China'],Fudan University,Fudan University,Global / Multi-Region,2.0,1.0,0.6,0.3
NCT06409364,FLudrocortisone Administration in Aneurysmal Subarachnoid Haemorrhage,Recruiting,Phase 2,['Aneurysmal Subarachnoid Hemorrhage'],['Fludrocortisone' 'Placebo'],['Australia' 'New Zealand'],The George Institute,The George Institute,Global / Multi-Region,2.0,1.0,0.6,0.3
NCT06406465,A UGT1A1 Genotype-Directed Study of Belinostat Pharmacokinetics and Toxicity,Recruiting,Phase 2,"['Carcinoma, Neuroendocrine' 'Tumor, Neuroendocrine'
 'Tumors, Neuroendocrine' 'Neuroendocrine; Carcinoma'
 'Small Cell; Receptors']",['Belinostat' 'Cisplatin' 'Etoposide'],['United States'],National Cancer Institute (NCI),National Cancer Institute (NCI),Global / Multi-Region,2.0,1.0,0.6,0.3
NCT06406556,Safety & Efficacy of Peg-ASP-based CCRT in Early Stage ENKTL,Recruiting,Phase 2,['Extranodal NK/T-cell Lymphoma'],['Pegaspargase combined with concurrent radiotherapy.'],['China'],Sun Yat-sen University,Sun Yat-sen University,Global / Multi-Region,2.0,1.0,0.6,0.3
NCT06406634,Cadonilimab in Combination With Lenvatinib and Hepatic Arterial Infusion Chemotherapy (HAIC) for the Treatment of Unresectable Hepatocellular Carcinoma,Recruiting,Phase 2,['Hepatocellular Carcinoma'],['Cadonilimab' 'Lenvatinib'],['China'],Hunan Cancer Hospital,Hunan Cancer Hospital,Global / Multi-Region,2.0,1.0,0.6,0.3
NCT06408116,Predicting Esophageal Cancer Borders Using PET-Imaging,Recruiting,Phase 2,"['Esophagus Cancer, Stage I' 'Esophagus Cancer, Stage II']",['photon' 'surgical therapy' 'Chemotherapy'],['Germany'],University Hospital Heidelberg,University Hospital Heidelberg,Global / Multi-Region,2.0,1.0,0.6,0.3
NCT06408168,Phase II Study of REPotrectinib With or Without Fulvestrant in Patients With Hormone Receptor-positive Human Epidermal Growth Factor 2-negative Metastatic Invasive LObular Carcinoma Who Received a Prior Endocrine Therapy in Combination With Cyclin-dependent Kinase 4 and 6 Inhibitor (REPLOT Trial),Recruiting,Phase 2,"['Hormone Receptor-positive Human Epidermal Growth Factor 2-negative'
 'Metastatic Invasive LObular Carcinoma']",['Fulvestrant' 'Repotrectinib'],['United States'],M.D. Anderson Cancer Center,M.D. Anderson Cancer Center,Global / Multi-Region,2.0,1.0,0.6,0.3
NCT06409130,"Effects of NNC0194-0499, Cagrilintide, and Semaglutide Alone or in Combinations on Liver Damage and Alcohol Use in People With Alcohol-related Liver Disease","Active, not recruiting",Phase 2,['Alcohol-related Liver Disease'],"['NNC0194-0499' 'Semaglutide' 'NNC0194-0499 placebo'
 'Semaglutide placebo (Group A)' 'Cagrilintide + semaglutide'
 'Cagrilintide' 'Cagrilintide placebo' 'Semaglutide placebo (Group B)']","['Australia' 'Bulgaria' 'Canada' 'Czechia' 'Denmark' 'France' 'Germany'
 'Greece' 'Italy' 'Japan' 'Netherlands' 'Poland' 'Spain' 'United States']",Novo Nordisk A/S,Novo Nordisk A/S,Global / Multi-Region,2.0,1.0,0.6,0.3
NCT06409195,A Trial to Study the Safety and Efficacy of SM-020 Gel 1.0% in Subjects With Seborrheic Keratoses and Non-Melanoma Skin Cancers,Recruiting,Phase 2,['Non-Melanoma Skin Cancers'],['SM-020 1% Gel'],['United States'],"DermBiont, Inc.","DermBiont, Inc.",Global / Multi-Region,2.0,1.0,0.6,0.3
NCT06413615,A Study of FDA022-BB05 in Advanced/Metastatic Solid Tumors,Recruiting,Phase 2,['Advanced Solid Tumor'],['FDA022-BB05'],['China'],"Shanghai Fudan-Zhangjiang Bio-Pharmaceutical Co., Ltd.","Shanghai Fudan-Zhangjiang Bio-Pharmaceutical Co., Ltd.",Global / Multi-Region,2.0,1.0,0.6,0.3
NCT06413745,Phase II Clinical Study of SHR-A1811 in Patients With HER2 Expression / Amplification of Locally Advanced Unresectable or Recurrent Metastatic Biliary Tract Cancer,Recruiting,Phase 2,['HER2 Expression / Amplification in Patients With Biliary Tract Cancer'],['SHR-A1811'],['China'],"Jiangsu HengRui Medicine Co., Ltd.","Jiangsu HengRui Medicine Co., Ltd.",Global / Multi-Region,2.0,1.0,0.6,0.3
NCT06422403,A Value-Driven Study on Reducing Immune Checkpoint Inhibitor Dosing Frequency in Advanced Cancers,Recruiting,Phase 2,"['Carcinoma, Hepatocellular' 'Gastric Adenocarcinoma'
 'GastroEsophageal Cancer' 'Oesophageal Cancer'
 'Non-small Cell Lung Cancer' 'Head and Neck Squamous Cell Carcinoma']","['Extended Dosing Interval - A' 'Extended Dosing Interval - B'
 'Extended Dosing Interval - C' 'Standard of Care - A'
 'Standard of Care - B' 'Standard of Care - C']",['Singapore'],"National University Hospital, Singapore","National University Hospital, Singapore",Global / Multi-Region,2.0,1.0,0.6,0.3
NCT06420752,Passive Stretching in Peripheral Arterial Disease Patients,Recruiting,Phase 2,"['Peripheral Arterial Disease' 'Walking, Difficulty' 'Inflammation']",['Calf Plantar flexion' 'Dietary nitrate'],['United States'],"University of Wisconsin, La Crosse","University of Wisconsin, La Crosse",Global / Multi-Region,2.0,1.0,0.6,0.3
NCT06419179,"Maintenance Durvalumab (MEDI4736) and Olaparib (AZD2281) After Standard 1st Line Treatment (Carboplatin/Cisplatin, Etoposide, Durvalumab) in HRD Positive Extensive Disease (ED) Small-cell Lung Cancer (SCLC)",Enrolling by invitation,Phase 2,['Small Cell Lung Carcinoma'],['Durvalumab' 'Olaparib'],['Germany'],University of Cologne,University of Cologne,Global / Multi-Region,2.0,1.0,0.6,0.3
NCT06419608,Efficacy and Safety Study of BHV-7000 Monotherapy in Major Depression,"Active, not recruiting",Phase 2,['Major Depressive Disorder'],['BHV-7000' 'Placebo'],['United States'],Biohaven Therapeutics Ltd.,Biohaven Therapeutics Ltd.,Global / Multi-Region,2.0,1.0,0.6,0.3
NCT06419673,Serplulimab Plus Chemoradiotherapy for Stage III-IVA Cervical Cancer,"Active, not recruiting",Phase 2,['Cervical Cancer'],"['Serplulimab' 'Cisplatin' 'Carboplatin'
 'Brachytherapy and External Beam Radiotherapy']",['China'],"Cancer Institute and Hospital, Chinese Academy of Medical Sciences","Cancer Institute and Hospital, Chinese Academy of Medical Sciences",Global / Multi-Region,2.0,1.0,0.6,0.3
NCT06420167,DapagliFLOzin in Renal AL Amyloidosis (FLORAL),Recruiting,Phase 2,['Renal AL Amyloidosis'],['Dapagliflozin'],['United States'],Barbara Ann Karmanos Cancer Institute,Barbara Ann Karmanos Cancer Institute,Global / Multi-Region,2.0,1.0,0.6,0.3
NCT06420375,Treatment of UC With Novel Therapeutics,Recruiting,Phase 2,['Ulcerative Colitis Mild' 'Ulcerative Colitis'],['BRS201' 'Placebo'],['United States'],Brigham and Women's Hospital,Brigham and Women's Hospital,Global / Multi-Region,2.0,1.0,0.6,0.3
NCT06420440,Neoadjuvant Therapy in Patients With Resectable HCC Screened by a Multimodal Deep Learning Model,Recruiting,Phase 2,['HCC'],"['Hepatic arterial infusion chemotherapy' 'Lenvatinib' 'Tislelizumab'
 'Liver resection' 'Tislelizumab']",['China'],Chen Xiaoping,Chen Xiaoping,Global / Multi-Region,2.0,1.0,0.6,0.3
NCT06420492,Study of Novel Therapeutics for Acute Remedy of Colitis,Recruiting,Phase 2,"['Ulcerative Colitis' 'Ulcerative Colitis Chronic Moderate'
 'Ulcerative Colitis Chronic Severe']",['BRS201'],['United States'],Brigham and Women's Hospital,Brigham and Women's Hospital,Global / Multi-Region,2.0,1.0,0.6,0.3
NCT06420973,RC48 Treatment for Platinum Sensitive Recurrent Ovarian Cancer With HER2 Expression,Recruiting,Phase 2,"['Ovarian Carcinoma' 'Fallopian Tube Carcinoma'
 'Primary Peritoneal Carcinoma']",['RC48+carboplatin±bevacizumab'],['China'],Peking University Cancer Hospital & Institute,Peking University Cancer Hospital & Institute,Global / Multi-Region,2.0,1.0,0.6,0.3
NCT06418594,Adebrelimab Plus Apatinib and Etoposide for the Treatment of HER2-Negative Breast Cancer Brain Metastasis,Recruiting,Phase 2,['HER2-negative Breast Cancer Brain Metastases'],['Adebrelimab' 'Apatinib' 'Etoposide'],['China'],Beijing 302 Hospital,Beijing 302 Hospital,Global / Multi-Region,2.0,1.0,0.6,0.3
NCT06421298,"A Prospective, Single-arm, Phase II Clinical Trial to Evaluate the Efficacy and Safety of Tafolecimab and Sintilimab Combined With Chemotherapy in Patients With Advanced or Metastatic Driver Gene-negative Non-small Cell Lung Cancer After Failure of First-line Immunotherapy.",Recruiting,Phase 2,['Lung Cancer'],['Tafolecimab' 'Sintilimab' 'Nab paclitaxel' 'Docetaxel' 'Gemcitabine'],['China'],Jinghui Wang,Jinghui Wang,Global / Multi-Region,2.0,1.0,0.6,0.3
NCT06421376,Induction Chemoimmunotherapy Combined With Chemoradiotherapy in Esophageal Cancer,Recruiting,Phase 2,"['Esophageal Cancer' 'Immunotherapy' 'Induction Therapy'
 'Chemoradiotherapy' 'Surgery']",['Cardonilizumab' 'Chemoradiotherapy ±immunotherapy' 'Radical surgery'],['China'],"Cancer Institute and Hospital, Chinese Academy of Medical Sciences","Cancer Institute and Hospital, Chinese Academy of Medical Sciences",Global / Multi-Region,2.0,1.0,0.6,0.3
NCT06421532,Stimulating Amyloid Clearance in Cerebral Amyloid Angiopathy,Enrolling by invitation,Phase 2,['Cerebral Amyloid Angiopathy'],['XYWAV' 'gammaCore Sapphire'],['Netherlands'],Leiden University Medical Center,Leiden University Medical Center,Global / Multi-Region,2.0,1.0,0.6,0.3
NCT06421597,Identifying Individuals At Risk of Glucocorticoid-Induced Impairment of Bone Disease,Recruiting,Phase 2,['Osteoporosis Secondary'],['Prednisolone' 'Placebo'],['Denmark'],Odense University Hospital,Odense University Hospital,Global / Multi-Region,2.0,1.0,0.6,0.3
NCT06421636,"A Study to Test the Safety, Tolerability, and Efficacy of an Antibody, REGN7999, Injected Under the Skin for the Treatment of Iron Overload in Adult Participants With Non-Transfusion Dependent β-thalassemia, Using MRI Scans to Measure Iron Levels in the Body",Recruiting,Phase 2,['Non-Transfusion Dependent Beta-Thalassemia (NTDT)'],['REGN7999' 'Placebo'],"['Georgia' 'Greece' 'India' 'Italy' 'Malaysia' 'Thailand' 'United Kingdom'
 'United States']",Regeneron Pharmaceuticals,Regeneron Pharmaceuticals,Global / Multi-Region,2.0,1.0,0.6,0.3
NCT06421675,Outpatient and Intermittent Dosing of Elranatamab in Relapsed/Refractory Multiple Myeloma,Recruiting,Phase 2,['Refractory Multiple Myeloma'],['Elranatamab injection'],['Canada'],Ontario Clinical Oncology Group (OCOG),Ontario Clinical Oncology Group (OCOG),Global / Multi-Region,2.0,1.0,0.6,0.3
NCT06421818,Effect and Mechanism of Baitouweng Decoction for Large Intestine Damp-heat Syndrome of Ulcerative Colitis,Recruiting,Phase 2,['Ulcerative Colitis'],['Baitouweng Tang' 'Placebo'],['China'],The Second Hospital of Nanjing Medical University,The Second Hospital of Nanjing Medical University,Global / Multi-Region,2.0,1.0,0.6,0.3
NCT06418789,High-dose Chemotherapy as Second-line Drug Therapy for Relapsed Germ Cell Tumors,Recruiting,Phase 2,['Germ Cell Tumor'],"['High-dose chemotherapy (TI- 2 cycles, CE- 3 cycles )']",['Russia'],N.N. Petrov National Medical Research Center of Oncology,N.N. Petrov National Medical Research Center of Oncology,Global / Multi-Region,2.0,1.0,0.6,0.3
NCT06418477,"Daratumumab, Bortezomib, Cyclophosphamide, and Dexamethasone Therapy for Patients with MIDD",Recruiting,Phase 2,['Monoclonal Gammopathy of Renal Significance'],['Dara-CyBorD'],['China'],Peking University People's Hospital,Peking University People's Hospital,Global / Multi-Region,2.0,1.0,0.6,0.3
NCT06413992,Camrelizumab Plus Fluzoparib for TP-53 Mutated Endometrial Cancer,Recruiting,Phase 2,['Endometrial Carcinoma' 'TP53 Mutation' 'Recurrent or Metastatic'],"['Fluzoparib' 'Camrelizumab' 'paclitaxel (albumin bound)'
 'Carboplatin injection' 'Carboplatin' 'External irradiation']",['China'],"Cancer Institute and Hospital, Chinese Academy of Medical Sciences","Cancer Institute and Hospital, Chinese Academy of Medical Sciences",Global / Multi-Region,2.0,1.0,0.6,0.3
NCT06416007,Lattice Radiotherapy for Dose-Escalated Palliation of Bulky Tumors,Recruiting,Phase 2,"['Cancer' 'Metastatic Cancer' 'Locally Advanced'
 'Locally Advanced Solid Tumor' 'Locally Advanced Carcinoma']",['Lattice therapy (LRT)'],['United States'],University of Cincinnati,University of Cincinnati,Global / Multi-Region,2.0,1.0,0.6,0.3
NCT06414148,MRD-Directed Consolidation With Epcor-only or Epcor-R2 Post Anti-CD19 CAR TCell Therapy for Large B-Cell Lymphoma,Recruiting,Phase 2,['Relapsed/Refractory Large B-cell Lymphoma'],"['Epcoritamab' 'Epcoritamab, lenalidomide and rituximab']",['Australia'],"Peter MacCallum Cancer Centre, Australia","Peter MacCallum Cancer Centre, Australia",Global / Multi-Region,2.0,1.0,0.6,0.3
NCT06414577,Irinotecan Liposomes in Combination With Nituzumab for the Treatment of Recurrent/Metastatic Nasopharyngeal Carcinoma After Failure of First-Line or Higher Immunotherapy,"Active, not recruiting",Phase 2,['Nasopharyngeal Cancer'],['Irinotecan Liposomal combined With Nituzumab'],['China'],XIANG YANQUN,XIANG YANQUN,Global / Multi-Region,2.0,1.0,0.6,0.3
NCT06414590,Neoadjuvant Tebentafusp for Uveal Melanoma,Recruiting,Phase 2,['Locally Advanced Unresectable Uveal Melanoma'],['Tebentafusp-Tebn'],['United States'],Thomas Jefferson University,Thomas Jefferson University,Global / Multi-Region,2.0,1.0,0.6,0.3
NCT06414954,Safety and Efficacy of 3 Dose Levels of NMD670 in Adult Patients With Myasthenia Gravis,Recruiting,Phase 2,"['Myasthenia Gravis' 'Myasthenia Gravis, MuSK']",['NMD670' 'Placebo'],"['Belgium' 'Denmark' 'France' 'Georgia' 'Italy' 'Netherlands' 'Poland'
 'Serbia' 'Spain' 'United States']",NMD Pharma A/S,NMD Pharma A/S,Global / Multi-Region,2.0,1.0,0.6,0.3
NCT06415318,TIP Regimen Combined With Triplizumab Neoadjuvant Therapy for Locally Advanced Penile Cancer,Recruiting,Phase 2,['Penile Cancer'],['Paclitaxel + Ifosfamide + Cisplatin & Toripalimab'],['China'],Sun Yat-sen University,Sun Yat-sen University,Global / Multi-Region,2.0,1.0,0.6,0.3
NCT06415669,A Study of Paclitaxel Combined With Apatinib and Adebrelimab in Gastric/Gastroesophageal Junction Adenocarcinoma,Recruiting,Phase 2,['Gastric/Gastroesophageal Junction Adenocarcinoma'],"['Paclitaxel for injection (albumin-bound)' 'Adebrelimab'
 'Apatinib mesylate']",['China'],The First Affiliated Hospital of Xiamen University,The First Affiliated Hospital of Xiamen University,Global / Multi-Region,2.0,1.0,0.6,0.3
NCT06415708,Obinutuzumab Combined With Bendamustine in the Treatment of Mature B-cell Lymphoma,Recruiting,Phase 2,['B Cell Lymphoma'],['Obinutuzumab Combined With Bendamustine'],['China'],"Institute of Hematology & Blood Diseases Hospital, China","Institute of Hematology & Blood Diseases Hospital, China",Global / Multi-Region,2.0,1.0,0.6,0.3
NCT06416085,"Psilocybin-assisted Existential, Attachment and RelationaL (PEARL) Therapy for Patients With Advanced Cancer",Recruiting,Phase 2,"['Advanced Cancer' 'Stage IV Solid Tumor Cancer'
 'Stage IV Sarcoma of Bone' 'Stage IV Lymphoma' 'Stage IV Melanoma'
 'Endocrine Cancer']",['Psilocybin'],['Canada'],"University Health Network, Toronto","University Health Network, Toronto",Global / Multi-Region,2.0,1.0,0.6,0.3
NCT06418178,Dose Optimization of MDMA-Assisted Therapy for PTSD,Recruiting,Phase 2,['Posttraumatic Stress Disorder'],['Midomafetamine' 'Psychotherapy'],['United States'],Bronx VA Medical Center,Bronx VA Medical Center,Global / Multi-Region,2.0,1.0,0.6,0.3
NCT06416228,Beetroot Juice NO Cold Study,Recruiting,Phase 2,['Respiratory Tract Infections' 'Cold Symptoms' 'Exhaled Nitric Oxide'],['Beetroot juice'],['United States'],Southern Methodist University,Southern Methodist University,Global / Multi-Region,2.0,1.0,0.6,0.3
NCT06416475,The Effect of Mankai on Glycemic Control Among Patients With T2D,"Active, not recruiting",Phase 2,"['Diabetes Mellitus, Type 2']",['Mankai supplementation' 'Water consumption'],['Israel'],Ben-Gurion University of the Negev,Ben-Gurion University of the Negev,Global / Multi-Region,2.0,1.0,0.6,0.3
NCT06416696,Toripalimab for High-risk Locally Advanced Cervical Cancer,Recruiting,Phase 2,['Cervical Cancers'],['Toripalimab'],['China'],"Cancer Institute and Hospital, Chinese Academy of Medical Sciences","Cancer Institute and Hospital, Chinese Academy of Medical Sciences",Global / Multi-Region,2.0,1.0,0.6,0.3
NCT06417190,Bladder Preservation for Patients With Muscle Invasive Bladder Cancer (MIBC) With Variant Histology,Recruiting,Phase 2,['Muscle-Invasive Bladder Carcinoma' 'Tumor'],['Trimodal therapy (TMT) within 45 days of neoadjuvant chemotherapy (NAC)'],['United States'],Leslie Ballas,Leslie Ballas,Global / Multi-Region,2.0,1.0,0.6,0.3
NCT06417268,Combined Pericapsular Nerve Group Block and Lateral Femoral Cutaneous Nerve Block for Pediatric Hip Surgeries,Recruiting,Phase 2,['Pericapsular Nerve Group Block'],"['Caudal epidural analgesia'
 'Ultrasound-guided Combined Pericapsular Nerve Group Block'
 'Ultrasound-guided Lateral Femoral Cutaneous Nerve Block' 'Fentanyl'
 'Morphine' 'Acetaminophen']",['Egypt'],Kasr El Aini Hospital,Kasr El Aini Hospital,Global / Multi-Region,2.0,1.0,0.6,0.3
NCT06417476,Short-course Radiotherapy or Long-course Chemoradiation Followed by MFOLFOXIRI Consolidation Chemotherapy for Organ Preservation in Low Rectal Cancer,Recruiting,Phase 2,['Rectal Neoplasms'],"['Short-course radiotherapy' 'Irinotecan' 'Oxaliplatin' 'Calcium Formate'
 'Fluorouracil' 'Long-course chemoradiation' 'Capecitabine']",['China'],Pei-Rong Ding,Pei-Rong Ding,Global / Multi-Region,2.0,1.0,0.6,0.3
NCT06418087,Durvalumab With Carboplatin and Etoposide Chemotherapy in Pulmonary Large-cell Neuroendocrine Carcinoma (LCNEC),Recruiting,Phase 2,['Pulmonary Large-cell Neuroendocrine Carcinoma'],['Durvalumab 50 MG/1 ML Intravenous Solution [IMFINZI]'],['Italy'],Gruppo Oncologico Italiano di Ricerca Clinica,Gruppo Oncologico Italiano di Ricerca Clinica,Global / Multi-Region,2.0,1.0,0.6,0.3
NCT06441682,A Safety and Efficacy Study of ARGX-119 in Adult Patients with Amyotrophic Lateral Sclerosis (ALS),Recruiting,Phase 2,['Amyotrophic Lateral Sclerosis'],['ARGX-119' 'Placebo'],['Belgium' 'Canada' 'Denmark' 'France' 'Netherlands' 'Sweden'],argenx,argenx,Global / Multi-Region,2.0,1.0,0.6,0.3
NCT06441747,Phase II Study of the Combination of Durvalumab (MEDI4736) (PDL1 Inhibitor) and Olaparib (PARP Inhibitor) in Advanced Cholangiocarcinoma After Initial Chemotherapy and Durvalumab (BIL-PPP),Recruiting,Phase 2,['Cholangiocarcinoma'],['Durvalumab' 'Olaparib'],['Australia'],Australasian Gastro-Intestinal Trials Group,Australasian Gastro-Intestinal Trials Group,Global / Multi-Region,2.0,1.0,0.6,0.3
NCT06441890,BRE-10: Biomarker Optimization of Neoadjuvant Therapy in Breast Cancer,Recruiting,Phase 2,['Breast Cancer' 'HER2-positive Breast Cancer'],['Paclitaxel' 'Nab-paclitaxel' 'Docetaxel' 'Trastuzumab' 'Pertuzumab'],['United States'],University of Illinois at Chicago,University of Illinois at Chicago,Global / Multi-Region,2.0,1.0,0.6,0.3
NCT06467994,Boiled Tree Nut for Oral Immunotherapy in Food-allergic Children,Recruiting,Phase 2,['Food Allergy in Children' 'Food Allergy'],['Cashew oral immunotherapy' 'Placebo oral immunotherapy'],['Hong Kong'],Chinese University of Hong Kong,Chinese University of Hong Kong,Global / Multi-Region,2.0,1.0,0.6,0.3
NCT06466278,IcoSApent ethyL to Slow Down Aortic VAlve Stenosis proGrEssion,"Active, not recruiting",Phase 2,['Aortic Valve Stenosis'],['Icosapent ethyl' 'Placebo'],['Netherlands'],Academisch Medisch Centrum - Universiteit van Amsterdam (AMC-UvA),Academisch Medisch Centrum - Universiteit van Amsterdam (AMC-UvA),Global / Multi-Region,2.0,1.0,0.6,0.3
NCT06467409,Phase II Clinical Trial to Evaluate the Efficacy and Safety of LPM3480392 Injection for Moderate to Severe Pain After Orthopedic Surgery,Recruiting,Phase 2,"['Pain, Postoperative']","['Placebo' 'morphine hydrochloride injection' 'LPM3480392 Injection'
 'LPM3480392 Injection' 'LPM3480392 Injection' 'LPM3480392 Injection']",['China'],Luye Pharma Group Ltd.,Luye Pharma Group Ltd.,Global / Multi-Region,2.0,1.0,0.6,0.3
NCT06467500,"A Prospective, Open-label, Single-center, Single-arm Phase II Clinical Study of Cadonilimab (AK104) Combined With Monotherapy Chemotherapy in Patients With Advanced Non-small Cell Lung Cancer With Negative Driver Genes and Failed Immunotherapy",Recruiting,Phase 2,['Non-small Cell Lung Cancer'],['Cadonilimab (AK104)'],['China'],Xin-Hua Xu,Xin-Hua Xu,Global / Multi-Region,2.0,1.0,0.6,0.3
NCT06467539,Novel Augmentation of DAOIB and Antioxidant for Early Dementia,Recruiting,Phase 2,['Alzheimer Disease' 'Mild Cognitive Impairment'],['DAOIB plus AO' 'DAOIB plus placebo'],['Taiwan'],Chang Gung Memorial Hospital,Chang Gung Memorial Hospital,Global / Multi-Region,2.0,1.0,0.6,0.3
NCT06467565,NALIRIFOX as Induction Therapy in LAPC,Recruiting,Phase 2,['Pancreatic Ductal Adenocarcinoma'],['Liposomal irinotecan'],['China'],The First Affiliated Hospital with Nanjing Medical University,The First Affiliated Hospital with Nanjing Medical University,Global / Multi-Region,2.0,1.0,0.6,0.3
NCT06467617,Adebrelimab Plus Chemo and Recaticimab in Perioperative Treatment of Resectable NSCLC,Recruiting,Phase 2,['Non Small Cell Lung Cancer'],"['Adebrelimab plus albumin-bound paclitaxel, carboplatin and recaticimab']",['China'],"Beijing Chest Hospital, Capital Medical University","Beijing Chest Hospital, Capital Medical University",Global / Multi-Region,2.0,1.0,0.6,0.3
NCT06467799,Neoadjuvant HAIC and PD-1 Plus Adjuvant PD-1 for High-risk Recurrent HCC,Recruiting,Phase 2,['Hepatocellular Carcinoma' 'Beyond Milan Criteria'],['Neoadjuvant HAIC and PD-1 Plus Adjuvant PD-1'],['China'],Sun Yat-sen University,Sun Yat-sen University,Global / Multi-Region,2.0,1.0,0.6,0.3
NCT06468254,An Exploratory Clinical Study of Statins for Improving Chemotherapy and Maintenance in Patients With Ovarian Cancer,Recruiting,Phase 2,['Ovarian Cancer'],['Statin' 'Sugar pill'],['China'],Anhui Provincial Cancer Hospital,Anhui Provincial Cancer Hospital,Global / Multi-Region,2.0,1.0,0.6,0.3
NCT06466122,Pirtobrutinib (LOXO-305) and Venetoclax for the Treatment of Patients With CLL or SLL Resistant to Covalent BTKi,Recruiting,Phase 2,['Chronic Lymphocytic Leukemia' 'Small Lymphocytic Lymphoma'],"['Biospecimen Collection' 'Bone Marrow Aspiration' 'Bone Marrow Biopsy'
 'Computed Tomography' 'Pirtobrutinib' 'Venetoclax']",['United States'],Kerry Rogers,Kerry Rogers,Global / Multi-Region,2.0,1.0,0.6,0.3
NCT06468267,RIC With Thiotepa Combined With Bu/Flu/Ara-C in Allo-HSCT for Relapsed or Refractory PTCL.,Recruiting,Phase 2,['Peripheral T Cell Lymphoma'],['Thiotepa'],['China'],"Xianmin Song, MD","Xianmin Song, MD",Global / Multi-Region,2.0,1.0,0.6,0.3
NCT06468280,Synergistic Effects of PD-1 Antibody and Chemotherapy Followed by Surgery-centric Local Treatment in Patients with Limited-metastatic Gastric Cancer (ROSETTE),Recruiting,Phase 2,['Gastric Cancer' 'GastroEsophageal Cancer'],"['Local treatment (Surgical)' 'PD-1 Monoclonal Antibody'
 'XELOX Chemotherapy Regimen' 'Local Treatment (Non-surgical)']",['China'],Shanghai Zhongshan Hospital,Shanghai Zhongshan Hospital,Global / Multi-Region,2.0,1.0,0.6,0.3
NCT06468527,Clinical Trial to Evaluate the Efficacy and Safety of Dirocaftor/Posenacaftor/Nesolicaftor in Adults With CF,Recruiting,Phase 2,['Cystic Fibrosis'],['Diponecaftor' 'Placebo'],"['Belgium' 'France' 'Germany' 'Italy' 'Netherlands' 'Portugal' 'Spain'
 'Sweden' 'United Kingdom']",Kors van der Ent,Kors van der Ent,Global / Multi-Region,2.0,1.0,0.6,0.3
NCT06468943,Polatuzumab Vedotin and Zanubrutinib Plus R-CHP for Patients With Newly Diagnosed Untreated Non-GCB DLBCL,Enrolling by invitation,Phase 2,['Effects of Chemotherapy' 'Safety Issues'],"['Polatuzumab Vedotin' 'Zanubrutinib' 'Rituximab' 'Cyclophosphamide'
 'Doxorubicin' 'Prednisone']",['China'],The First Affiliated Hospital of Soochow University,The First Affiliated Hospital of Soochow University,Global / Multi-Region,2.0,1.0,0.6,0.3
NCT06469970,Evolution of the Initial Distribution Volume of Glucose in the Severe Burned Adults,Recruiting,Phase 2,['Burns' 'Intensive Care' 'Emergencies'],['Glucose 30% Intravenous Solution'],['France'],Centre Hospitalier Régional Metz-Thionville,Centre Hospitalier Régional Metz-Thionville,Global / Multi-Region,2.0,1.0,0.6,0.3
NCT06470048,A Clinical Study to Evaluate Ianalumab in Participants With Diffuse Cutaneous Systemic Sclerosis,Recruiting,Phase 2,['Diffuse Cutaneous Systemic Sclerosis'],['Placebo' 'Ianalumab'],"['Argentina' 'Austria' 'Belgium' 'Brazil' 'China' 'Colombia' 'France'
 'Germany' 'Greece' 'Hungary' 'India' 'Italy' 'Japan' 'Malaysia' 'Mexico'
 'Poland' 'Portugal' 'South Korea' 'Spain' 'Taiwan' 'Thailand'
 'Turkey (Türkiye)' 'United Kingdom' 'United States' 'Vietnam']",Novartis Pharmaceuticals,Novartis Pharmaceuticals,Global / Multi-Region,2.0,1.0,0.6,0.3
NCT06470217,Tirilizumab with Albumin-bound Paclitaxel and Cisplatin for Locally Advanced Resectable Oral Squamous Cell Carcinoma,Recruiting,Phase 2,['Locally Advanced Head and Neck Squamous Cell Carcinoma'],['tirilizumab with albumin-bound paclitaxel and cisplatin' 'surgery'],['China'],Shanghai Ninth People's Hospital Affiliated to Shanghai Jiao Tong University,Shanghai Ninth People's Hospital Affiliated to Shanghai Jiao Tong University,Global / Multi-Region,2.0,1.0,0.6,0.3
NCT06466135,Study of WAL0921 in Patients With Glomerular Kidney Diseases,Recruiting,Phase 2,"['Diabetic Nephropathies' 'Primary Focal Segmental Glomerulosclerosis'
 'Minimal Change Disease' 'Primary Immunoglobulin A Nephropathy'
 'Primary Membranous Nephropathy']",['WAL0921' 'Placebo'],['Australia' 'United Kingdom' 'United States'],Walden Biosciences,Walden Biosciences,Global / Multi-Region,2.0,1.0,0.6,0.3
NCT06465823,Efficacy of Bumetanide to Improve Cognitive Functions in Down Syndrome,Recruiting,Phase 2,['Down Syndrome'],['Bumetanide' 'Placebo'],['Italy'],Stefano Vicari,Stefano Vicari,Global / Multi-Region,2.0,1.0,0.6,0.3
NCT06471205,A Study of BL-B01D1+PD-1 Monoclonal Antibody in Patients With Unresectable Locally Advanced or Recurrent Metastatic Triple-negative Breast Cancer,Recruiting,Phase 2,['Triple-negative Breast Cancer'],['BL-B01D1' 'PD-1 Monoclonal Antibody'],['China'],"Sichuan Baili Pharmaceutical Co., Ltd.","Sichuan Baili Pharmaceutical Co., Ltd.",Global / Multi-Region,2.0,1.0,0.6,0.3
NCT06464068,AGNOSTIC THERAPY IN A PHASE II SINGLE-ARM STUDY IN FIRST-LINE TREATMENT OF DURVALUMAB IN ASSOCIATION WITH CARBOPLATIN OR CISPLATIN AND ETOPOSIDE IN PATIENTS AFFECTED BY EXTENSIVE STAGE - EXTRAPULMONARY SMALL CELL CARCINOMA,Recruiting,Phase 2,['Extrapulmonary Small Cell Carcinoma'],['Durvalumab'],['Italy'],Gruppo Oncologico Italiano di Ricerca Clinica,Gruppo Oncologico Italiano di Ricerca Clinica,Global / Multi-Region,2.0,1.0,0.6,0.3
NCT06462378,Proton Therapy for Locally Advanced Cervical Cancer,Recruiting,Phase 2,['Cervical Cancer' 'Proton Therapy' 'Radiotherapy Side Effect'],['Proton therapy'],['Denmark'],University of Aarhus,University of Aarhus,Global / Multi-Region,2.0,1.0,0.6,0.3
NCT06462547,ADAPT Study: Long-term Safety Study of INZ-701 in Patients With ENPP1 Deficiency and ABCC6 Deficiency,Recruiting,Phase 2,"['Gene Mutations' 'Pseudoxanthoma Elasticum' 'Arterial Calcification'
 'Ectonucleotide Pyrophosphatase/phosphodiesterase1 Deficiency'
 'Autosomal Recessive Hypophosphatemic Rickets Type 2']",['INZ-701'],['France' 'Germany' 'United Kingdom' 'United States'],Inozyme Pharma,Inozyme Pharma,Global / Multi-Region,2.0,1.0,0.6,0.3
NCT06463028,Sapanisertib and Serabelisib (PIKTOR) With Paclitaxel and a Substudy With an Insulin-Suppressing Diet in Patients With Advanced/Recurrent Endometrial Cancer,Recruiting,Phase 2,['Endometrial Cancer'],['Sapanisertib' 'Serabelisib' 'Paclitaxel'],['United States'],Faeth Therapeutics,Faeth Therapeutics,Global / Multi-Region,2.0,1.0,0.6,0.3
NCT06463457,Comeback From Long coursE Androgen Deprivation Therapy (ADT) With RElugolix and Darolutamide (CLEARED),"Active, not recruiting",Phase 2,"['Prostate Cancer' 'Advanced Prostate Cancer'
 'Hormone Sensitive Prostate Cancer']",['Darolutamide' 'Relugolix'],['United States'],"Atish Choudhury, MD","Atish Choudhury, MD",Global / Multi-Region,2.0,1.0,0.6,0.3
NCT06463665,Efficacy & Safety of Olvimulogene Nanivacirepvec & Platinum-doublet + Physician's Choice of Immune Checkpoint Inhibitor Compared to Docetaxel in NSCL Cancer,Recruiting,Phase 2,"['Advanced Non-squamous Non-small-cell Lung Cancer'
 'Advanced Squamous Non-Small Cell Lung Carcinoma'
 'Metastatic Non-squamous Non Small Cell Lung Cancer'
 'Metastatic Squamous Non-Small Cell Lung Carcinoma'
 'Non-small Cell Lung Cancer' 'Non-small Cell Lung Cancer Stage III'
 'Non-small Cell Lung Cancer Stage IV'
 'Non-small Cell Lung Cancer Recurrent']","['Olvimulogene nanivacirepvec'
 'Platinum chemotherapy: carboplatin or cisplatin'
 'Non-platinum chemotherapy: paclitaxel or nab-paclitaxel for squamous cell NSCLC or pemetrexed for nonsquamous cell NSCLC'
 ""Physician's Choice of Immune Checkpoint Inhibitor: pembrolizumab, nivolumab, cemiplimab, atezolizumab, durvalumab""
 'Docetaxel']",['United States'],Genelux Corporation,Genelux Corporation,Global / Multi-Region,2.0,1.0,0.6,0.3
NCT06463691,"Sonrotoclax, Zanubrutinib and CD20mab in Untreated MCL Patients",Recruiting,Phase 2,['MCL'],['BGB-11417' 'BGB-3111' 'CD20'],['China'],Tianjin Medical University Cancer Institute and Hospital,Tianjin Medical University Cancer Institute and Hospital,Global / Multi-Region,2.0,1.0,0.6,0.3
NCT06463834,A Study of Sintilimab Combined With Chemotherapy for Neoadjuvant Treatment of Esophageal Squamous Cell Carcinoma,Recruiting,Phase 2,['Esophageal Squamous Cell Carcinoma'],['Sintilimab'],['China'],Fujian Cancer Hospital,Fujian Cancer Hospital,Global / Multi-Region,2.0,1.0,0.6,0.3
NCT06464913,Randomized Phase II Trial: Chest Wall RT Omission After Prosthetic Reconstruction,Recruiting,Phase 2,['Breast Neoplasms'],['With or without chest wall RT'],['China'],"Second Affiliated Hospital, School of Medicine, Zhejiang University","Second Affiliated Hospital, School of Medicine, Zhejiang University",Global / Multi-Region,2.0,1.0,0.6,0.3
NCT06465602,Nicotinamide Supplementation Improves Physical Performance in Older Adults at Risk of Falls,Recruiting,Phase 2,['Frailty' 'Fall' 'Frailty Syndrome' 'Falls'],['Nicotinamide' 'Placebo'],['Chile'],University of Chile,University of Chile,Global / Multi-Region,2.0,1.0,0.6,0.3
NCT06464939,Phase 2 Study of KH001 in Long-term Relief from Dentin Hypersensitivity,Recruiting,Phase 2,['Dentin Hypersensitivity'],['KH001' 'Placebo'],['United States'],"HysensBio Co., Ltd","HysensBio Co., Ltd",Global / Multi-Region,2.0,1.0,0.6,0.3
NCT06465056,Use of Botulinum Toxin A in Direct Eyebrow Lift Scar,Recruiting,Phase 2,['Skin Scarring' 'Eyebrow Ptosis'],['Botulinum toxin type A'],['Brazil'],University of Sao Paulo,University of Sao Paulo,Global / Multi-Region,2.0,1.0,0.6,0.3
NCT06465186,A Clinical Study of Efinopegdutide in People With Compensated Cirrhosis Due to Steatohepatitis (MK-6024-017),"Active, not recruiting",Phase 2,"['Non-alcoholic Fatty Liver Disease' 'Nonalcoholic Steatohepatitis'
 'NAFLD' 'Metabolic Dysfunction-associated Steatotic Liver Disease'
 'Metabolic Dysfunction-associated Steatohepatitis']",['Efinopegdutide' 'Placebo'],"['Australia' 'Canada' 'Colombia' 'France' 'Israel' 'Japan' 'Puerto Rico'
 'Spain' 'Thailand' 'United Kingdom' 'United States']",Merck Sharp & Dohme LLC,Merck Sharp & Dohme LLC,Global / Multi-Region,2.0,1.0,0.6,0.3
NCT06465303,"A Study of RTP-026 to Assess Safety, Tolerability and Efficacy in Patients With ST-Elevation Myocardial Infarction (STEMI)",Recruiting,Phase 2,['ST Elevation Myocardial Infarction'],['RTP-026' 'Placebo'],['Denmark'],ResoTher Pharma,ResoTher Pharma,Global / Multi-Region,2.0,1.0,0.6,0.3
NCT06465329,A Study of Cemiplimab Plus Chemotherapy Versus Cemiplimab Plus Chemotherapy Plus Other Cancer Treatments for Adult Patients With Operable Non-Small Cell Lung Cancer (NSCLC),Recruiting,Phase 2,['Non-Small Cell Lung Cancer'],['Cemiplimab' 'Platinum-based chemotherapy' 'REGN7075'],['Brazil' 'France' 'Germany' 'Spain' 'Turkey (Türkiye)' 'United States'],Regeneron Pharmaceuticals,Regeneron Pharmaceuticals,Global / Multi-Region,2.0,1.0,0.6,0.3
NCT06465433,Extension Study to Provide Continued Treatment for Patients With Hematologic Malignancies Previously Enrolled in Studies With Tafasitamab,Recruiting,Phase 2,['Hematologic Malignancies'],['Tafasitamab'],['Hungary' 'Italy' 'South Korea' 'Spain' 'Turkey (Türkiye)'],Incyte Corporation,Incyte Corporation,Global / Multi-Region,2.0,1.0,0.6,0.3
NCT06465563,Adebrelimab With or Without SHR-8068 in Combination With Cisplatin Plus Gemcitabine as First-line Treatment in Patients With Advanced Biliary Tract Cancer,Recruiting,Phase 2,['Biliary Tract Cancer'],['SHR-8068' 'Adebrelimab' 'Cisplatin' 'Gemcitabine'],['China'],"Suzhou Suncadia Biopharmaceuticals Co., Ltd.","Suzhou Suncadia Biopharmaceuticals Co., Ltd.",Global / Multi-Region,2.0,1.0,0.6,0.3
NCT06470971,"Siltuximab for the Prevention of Severe Immune-Related Adverse Events During Immune Checkpoint Inhibitor Rechallenge in Patients with Advanced Cancer, CIRES Trial",Recruiting,Phase 2,"['Advanced Malignant Solid Neoplasm'
 'Hematopoietic and Lymphatic System Neoplasm']","['Anti-PD-L1 Monoclonal Antibody' 'Anti-PD1 Monoclonal Antibody' 'Biopsy'
 'Biospecimen Collection' 'Bone Scan' 'Computed Tomography'
 'Magnetic Resonance Imaging' 'Quality-of-Life Assessment' 'Siltuximab']",['United States'],Yuanquan Yang,Yuanquan Yang,Global / Multi-Region,2.0,1.0,0.6,0.3
NCT06471218,Efficacy and Safety of SHR-1918 in Patients With Hyperlipidemia,"Active, not recruiting",Phase 2,['Hyperlipidemia'],['SHR-1918; SHR-1918 Placebo'],['China'],"Beijing Suncadia Pharmaceuticals Co., Ltd","Beijing Suncadia Pharmaceuticals Co., Ltd",Global / Multi-Region,2.0,1.0,0.6,0.3
NCT06462248,Anti-CD19 Chimeric Antigen Receptor Modified T-cell (CAR-T) Therapy for Treatment of B-cell Hematological Malignancies,Recruiting,Phase 2,"['Lymphoma, Nonhodgkin' 'Leukemia, Lymphocytic']",['CUCART19'],['China'],Chi Kong Li,Chi Kong Li,Global / Multi-Region,2.0,1.0,0.6,0.3
NCT06478537,TPO-RA Treatment on Immune Tolerance Induction of ITP Patients With Sustained Platelet Recovery After Treatment Termination,Recruiting,Phase 2,['Immune Thrombocytopenia'],['Hetrombopag Olamine' 'Aspirin'],['China'],Peking Union Medical College Hospital,Peking Union Medical College Hospital,Global / Multi-Region,2.0,1.0,0.6,0.3
NCT06477185,"Characterization of Tuberculosis Associated Lung Fibrosis and Respiratory Impairment, and Prevention Using Doxycycline",Recruiting,Phase 2,"['Tuberculosis, Pulmonary']",['Doxycycline' 'Placebo'],['Uganda'],Makerere University,Makerere University,Global / Multi-Region,2.0,1.0,0.6,0.3
NCT06477406,Evaluating the Impact of a Novel Cannabinoid Product for Endometriosis,Recruiting,Phase 2,['Endometriosis'],['Cannabidiol' 'Placebo'],['United States'],Mclean Hospital,Mclean Hospital,Global / Multi-Region,2.0,1.0,0.6,0.3
NCT06477419,A Study of Sacituzumab Govitecan in People With Mesothelioma,Recruiting,Phase 2,['Mesothelioma' 'Mesotheliomas Pleural' 'Mesothelioma; Pleura'],['Sacituzumab govitecan-hziy'],['United States'],Memorial Sloan Kettering Cancer Center,Memorial Sloan Kettering Cancer Center,Global / Multi-Region,2.0,1.0,0.6,0.3
NCT06477549,BeFluBu vs FluBuRux Conditioning in Haploidentical HCT,Recruiting,Phase 2,"['Acute Lymphoblastic Leukemia' 'Acute Myeloid Leukemia'
 'Biphenotypic Acute Leukemia' 'Lymphoblastic Lymphoma'
 'Myeloproliferative Neoplasm' 'Myelodysplastic Syndromes']",['Bendamustine Hydrochloride' 'Ruxolitinib'],['Russia'],St. Petersburg State Pavlov Medical University,St. Petersburg State Pavlov Medical University,Global / Multi-Region,2.0,1.0,0.6,0.3
NCT06477653,Dupilumab as Add-On Therapy for Hypereosinophilic Syndrome With Partial Clinical Response to Eosinophil-Depleting Biologic Agents,Recruiting,Phase 2,['Hypereosinophilic Syndrome'],['dupilumab'],['United States'],National Institute of Allergy and Infectious Diseases (NIAID),National Institute of Allergy and Infectious Diseases (NIAID),Global / Multi-Region,2.0,1.0,0.6,0.3
NCT06477692,Invert-Prospective Phase II Randomized Trial of Involved Nodal Versus Elective Neck RadioTherapy,Recruiting,Phase 2,['Head and Neck Cancer'],['ENI using IMRT with or without chemotherapy' 'INRT' 'ENI'],['United States'],University of Texas Southwestern Medical Center,University of Texas Southwestern Medical Center,Global / Multi-Region,2.0,1.0,0.6,0.3
NCT06478017,Belatacept in Heart Transplantation,Recruiting,Phase 2,['Heart Transplant'],['Belatacept' 'Tacrolimus' 'Mycophenolate Mofetil/Sodium' 'Prednisone'],['United States'],National Institute of Allergy and Infectious Diseases (NIAID),National Institute of Allergy and Infectious Diseases (NIAID),Global / Multi-Region,2.0,1.0,0.6,0.3
NCT06478589,Patient Priorities for Survivorship Care in Older Breast Cancer Survivors,Recruiting,Phase 2,['Breast Cancer Survivorship'],['Adapted Patient Priorities Care (PPC) approach' 'Usual Care'],['United States'],"The University of Texas Health Science Center, Houston","The University of Texas Health Science Center, Houston",Global / Multi-Region,2.0,1.0,0.6,0.3
NCT06476132,Belumosudil to Block Chronic Lung Allograft Dysfunction (CLAD) in High Risk Lung Transplant Recipients,Recruiting,Phase 2,['Lung Transplant'],['Belumosudil' 'Placebo for Belumosudil'],['United States'],National Institute of Allergy and Infectious Diseases (NIAID),National Institute of Allergy and Infectious Diseases (NIAID),Global / Multi-Region,2.0,1.0,0.6,0.3
NCT06478706,"A Two-Part Study to Evaluate the Efficacy, Safety, Tolerability and Pharmacokinetics of Repeat Doses of Inhaled ETD001 in People With Cystic Fibrosis","Active, not recruiting",Phase 2,['Cystic Fibrosis'],['ETD001' 'Placebo'],['France' 'Germany' 'Italy' 'United Kingdom'],Enterprise Therapeutics Ltd,Enterprise Therapeutics Ltd,Global / Multi-Region,2.0,1.0,0.6,0.3
NCT06478862,Promitil Treatment of Patients With Solid Tumors Associated With Deleterious Mutations Who Have Progressed After Therapy,"Active, not recruiting",Phase 2,['Cancer of Ovary' 'Pancreatic Ductal Adenocarcinoma'],['Promitil'],['Israel'],Lipomedix Pharmaceuticals Inc.,Lipomedix Pharmaceuticals Inc.,Global / Multi-Region,2.0,1.0,0.6,0.3
NCT06478953,Impact of Rapid Pathogen Detection in ICU Patients With Suspected Pneumonia on Antimicrobial Therapy,Recruiting,Phase 2,['Pneumonia' 'Critically Ill'],['FA Pneumonia Panel'],['Hong Kong'],Chinese University of Hong Kong,Chinese University of Hong Kong,Global / Multi-Region,2.0,1.0,0.6,0.3
NCT06479161,Effects of Oral Tranexamic Acid Following Total Knee Arthroplasty,Recruiting,Phase 2,['Postoperative Pain'],['Tranexamic acid'],['United States'],"Matthew Grosso, MD","Matthew Grosso, MD",Global / Multi-Region,2.0,1.0,0.6,0.3
NCT06479356,CD19-targeted CAR T Cells for Relapsed or Refractory (R/R) Large B-cell Lymphoma,Recruiting,Phase 2,['Non-Hodgkin Lymphoma' 'Large B-cell Lymphoma'],['Relma-cel'],['China'],"Shanghai Ming Ju Biotechnology Co., Ltd.","Shanghai Ming Ju Biotechnology Co., Ltd.",Global / Multi-Region,2.0,1.0,0.6,0.3
NCT06479759,LM-108 Antibody Combination With Sintilimab for Locally Advanced or Metastatic Non-Small Cell Lung Cancer,Recruiting,Phase 2,['NSCLC' 'PD-1'],"['LM-108 antibody and sintilimab'
 'LM-108 antibody and sintilimab and chemotherapy']",['China'],"Shanghai Pulmonary Hospital, Shanghai, China","Shanghai Pulmonary Hospital, Shanghai, China",Global / Multi-Region,2.0,1.0,0.6,0.3
NCT06480383,Study of ITI-1284 as an Adjunctive Treatment in Patients With Generalized Anxiety Disorder,Recruiting,Phase 2,['Generalized Anxiety Disorder'],['ITI-1284 10 mg' 'ITI-1284 20 mg' 'Placebo'],['United States'],"Intra-Cellular Therapies, Inc.","Intra-Cellular Therapies, Inc.",Global / Multi-Region,2.0,1.0,0.6,0.3
NCT06477146,Milk Thistle Clinical Trial in Pediatric NAFLD,Recruiting,Phase 2,['Non-Alcoholic Fatty Liver Disease (NAFLD)'],['Milk thistle (MT)' 'Placebo' 'Lifestyle Modification' 'Fibroscan'],['United States'],University Hospitals Cleveland Medical Center,University Hospitals Cleveland Medical Center,Global / Multi-Region,2.0,1.0,0.6,0.3
NCT06475781,Study to Evaluate Safety and Efficacy of Mirivadelgat in PH-ILD,Recruiting,Phase 2,['Group 3 Pulmonary Hypertension'],['Mirivadelgat' 'placebo'],['Taiwan'],"Foresee Pharmaceuticals Co., Ltd.","Foresee Pharmaceuticals Co., Ltd.",Global / Multi-Region,2.0,1.0,0.6,0.3
NCT06471556,Efficacy of Methylprednisolone Pulses in Neuroendocrine Celles Hyperplasia of Infancy : An Early Phase Study,Recruiting,Phase 2,['Neuroendocrine Cell Hyperplasia of Infancy'],['IV Methylprednisolone pulses'],['France'],Assistance Publique - Hôpitaux de Paris,Assistance Publique - Hôpitaux de Paris,Global / Multi-Region,2.0,1.0,0.6,0.3
NCT06472739,The Effect of GM-CSF to Preventing Oral Mucositis for Patients With Nasopharyngeal Carcinoma Receiving Radiotherapy,Recruiting,Phase 2,['GM-CSF'],['GM-CSF'],['China'],Sun Yat-sen University,Sun Yat-sen University,Global / Multi-Region,2.0,1.0,0.6,0.3
NCT06471738,"Combination of Zanubrutinib, Rituximab and Venetoclax in Patients With Previously Untreated Follicular Lymphoma",Recruiting,Phase 2,"['Ann Arbor Stage II Follicular Lymphoma' 'Grade 1 Follicular Lymphoma'
 'Ann Arbor Stage III Follicular Lymphoma'
 'Ann Arbor Stage IV Follicular Lymphoma' 'Grade 2 Follicular Lymphoma'
 'Grade 3a Follicular Lymphoma']",['Zanubrutinib' 'Rituximab' 'Venetoclax'],['China'],Chinese PLA General Hospital,Chinese PLA General Hospital,Global / Multi-Region,2.0,1.0,0.6,0.3
NCT06471829,A Trial of Lu AG13909 in Adult Participants With Cushing's Disease,Recruiting,Phase 2,"[""Cushing's Disease""]",['Lu AG13909'],['France' 'Georgia' 'Hungary' 'Italy' 'Romania' 'Spain' 'United Kingdom'],H. Lundbeck A/S,H. Lundbeck A/S,Global / Multi-Region,2.0,1.0,0.6,0.3
NCT06471998,Evaluation of the Benefit and Safety of Localized Tissue Hydration in the Management of Chronic Low Back Pain,Recruiting,Phase 2,['Chronic Low-back Pain'],['Sodium Chloride injection'],['France'],GCS Ramsay Santé pour l'Enseignement et la Recherche,GCS Ramsay Santé pour l'Enseignement et la Recherche,Global / Multi-Region,2.0,1.0,0.6,0.3
NCT06472037,AG Combined With Cadonilimab Sequential Short-course Radiotherapy in the Treatment of Locally aPDAC,Recruiting,Phase 2,['Locally Advanced Pancreatic Ductal Adenocarcinoma'],['Cadonilimab' 'Gemcitabine' 'Nab-Paclitaxel'],['China'],Tianjin Medical University Cancer Institute and Hospital,Tianjin Medical University Cancer Institute and Hospital,Global / Multi-Region,2.0,1.0,0.6,0.3
NCT06472388,Everolimus 5 mg vs 10 mg/Daily for Patients With Neuroendocrine Tumors,Recruiting,Phase 2,"['Neuroendocrine Tumors' 'Progression' 'Neuroendocrine Tumor Grade 1'
 'Neuroendocrine Tumor Grade 2' 'Neuroendocrine Tumor of Pancreas'
 'Neuroendocrine Tumor of the Lung' 'Neuroendocrine Tumor Carcinoid']",['Everolimus 5 MG'],['Brazil'],AC Camargo Cancer Center,AC Camargo Cancer Center,Global / Multi-Region,2.0,1.0,0.6,0.3
NCT06472583,Preoperative Immunotherapy Combined With Stereotactic Radiation Therapy Boost in the Treatment of HER2-negative Breast Cancer,Recruiting,Phase 2,['Breast Cancer'],['Keytruda' 'Preoperative radiation therapy' 'Placebo'],['Poland'],Maria Sklodowska-Curie National Research Institute of Oncology,Maria Sklodowska-Curie National Research Institute of Oncology,Global / Multi-Region,2.0,1.0,0.6,0.3
NCT06472713,Clinical Study of Mitoxantrone Hydrochloride Liposome Combined with PD-1 Blockade in Recurrent or Metastatic NPC,Recruiting,Phase 2,['Recurrent or Metastatic Nasopharyngeal Carcinoma'],['Mitoxantrone hydrochloride liposome injection' 'PD-1 Inhibitors'],['China'],Ming-Yuan Chen,Ming-Yuan Chen,Global / Multi-Region,2.0,1.0,0.6,0.3
NCT06474234,Modulation of Gut Microbiota by Probiotic in Children,Recruiting,Phase 2,['Generally Healthy'],['Probiotic' 'Placebo'],['Malaysia'],Min-Tze LIONG,Min-Tze LIONG,Global / Multi-Region,2.0,1.0,0.6,0.3
NCT06475417,Neoadjuvant Adebrelimab + DOS in Locally Advanced Resectable Gastric Cancer,Recruiting,Phase 2,['Gastric Cancer'],['Adebrelimab combined with DOS'],['China'],Tang-Du Hospital,Tang-Du Hospital,Global / Multi-Region,2.0,1.0,0.6,0.3
NCT06474442,"A Phase Ⅱa Study of the Safety, Tolerability and Efficacy of BD111 in Herpes Simplex Virus Type I Stromal Keratitis",Recruiting,Phase 2,['Herpes Simplex Virus Type I Stromal Keratitis'],"['BD111 Injection (investigational new drug)'
 'Triple-drugs therapy of HSV-1 stromal keratitis']",['China'],"Shanghai BDgene Co., Ltd.","Shanghai BDgene Co., Ltd.",Global / Multi-Region,2.0,1.0,0.6,0.3
NCT06474598,An Adaptive Design Study of MTX228,Recruiting,Phase 2,['Type 1 Diabetes Mellitus'],['MTX228' 'DEXCOM G6'],['Canada'],University of Alberta,University of Alberta,Global / Multi-Region,2.0,1.0,0.6,0.3
NCT06474806,"Safety and Diagnostic Performance of uPAR PET Imaging in Localised, Untreated Prostate Cancer",Recruiting,Phase 2,['Prostate Cancer'],['64Cu-DOTA-AE105'],['Denmark' 'Sweden'],Curasight,Curasight,Global / Multi-Region,2.0,1.0,0.6,0.3
NCT06475209,Adebrelimab + Apatinib in SCLC Maintenance Therapy,Recruiting,Phase 2,['SCLC'],['Adebrelimab combined with Apatinib'],['China'],Tang-Du Hospital,Tang-Du Hospital,Global / Multi-Region,2.0,1.0,0.6,0.3
NCT06475300,"A Study of BL-B01D1+PD-1 Monoclonal Antibody in Patients With Locally Advanced or Metastatic Non-small Cell Lung Cancer, Nasopharyngeal Carcinoma and Other Solid Tumors",Recruiting,Phase 2,['Non-small Cell Lung Cancer' 'Nasopharyngeal Carcinoma' 'Solid Tumor'],['BL-B01D1' 'PD-1 Monoclonal Antibody'],['China'],"Sichuan Baili Pharmaceutical Co., Ltd.","Sichuan Baili Pharmaceutical Co., Ltd.",Global / Multi-Region,2.0,1.0,0.6,0.3
NCT06475326,Adebrelimab in Combination With NALIRIFOX in Locally Advanced Pancreatic Cancer,Recruiting,Phase 2,['Pancreatic Cancer'],"['Adebrelimab' 'Oxaliplatin 100 MG' 'Irinotecan liposome'
 'Calcium Folinate' 'Fluorouracil']",['China'],Fudan University,Fudan University,Global / Multi-Region,2.0,1.0,0.6,0.3
NCT06475352,Dose Individualization of Chemotherapy in Patients With Gastrointestinal Cancers Lacking a Specific Liver Enzyme,Recruiting,Phase 2,['Digestive Cancer' 'Colorectal Cancer'],['FOLFOX regimen' 'CAPOX regimen'],['France'],UNICANCER,UNICANCER,Global / Multi-Region,2.0,1.0,0.6,0.3
NCT06462287,EFFECT OF A SUBSTANCE P ANTAGONIST ON THE SECRETION OF ALDOSTERONE IN PATIENTS WITH OBSTRUCTIVE SLEEP APNEA SYNDROME AND ARTERIAL HYPERTENSION,Recruiting,Phase 2,"['Apnea, Obstructive']",['Aprepitant 125 and 80Mg Oral Capsule' 'Placebo'],['France'],"University Hospital, Rouen","University Hospital, Rouen",Global / Multi-Region,2.0,1.0,0.6,0.3
NCT06462235,A Study to Learn About the Study Medicine Aztreonam-Avibactam (ATM-AVI) in Infants and Newborns Admitted in Hospitals With Bacterial Infection (CHERISH),Recruiting,Phase 2,['Gram-negative Bacterial Infection'],"['Part A: ATM-AVI Single Dose, Cohorts 1-4'
 'Part B: Multiple-dose ATM-AVI, Cohorts 1-4']",['Argentina' 'India' 'Israel' 'Taiwan' 'United States'],Pfizer,Pfizer,Global / Multi-Region,2.0,1.0,0.6,0.3
NCT06442462,Study of SPG302 in Adults With Schizophrenia,Recruiting,Phase 2,['Schizophrenia'],['SPG302' 'Placebo'],['Australia' 'United States'],Spinogenix,Spinogenix,Global / Multi-Region,2.0,1.0,0.6,0.3
NCT06449209,"Safety, Preliminary Effectiveness of BNT327, an Investigational Therapy for Patients With Small-cell Lung Cancer in Combination With Chemotherapy","Active, not recruiting",Phase 2,['Extensive-stage Small-cell Lung Cancer' 'Small-cell Lung Cancer'],"['BNT327 Dose Level 1 (DL1)' 'BNT327 Dose Level 2 (DL2)' 'Etoposide'
 'Carboplatin' 'Paclitaxel' 'Topotecan']","['Australia' 'South Korea' 'Turkey (Türkiye)' 'United Kingdom'
 'United States']",BioNTech SE,BioNTech SE,Global / Multi-Region,2.0,1.0,0.6,0.3
NCT06447090,VMAC+DLI Treatment of Patients With Relapse of AML After Allo-HSCT,Recruiting,Phase 2,['Relapse Acute Myeloid Leukemia'],['Mitoxantrone hydrochloride liposome'],['China'],"Institute of Hematology & Blood Diseases Hospital, China","Institute of Hematology & Blood Diseases Hospital, China",Global / Multi-Region,2.0,1.0,0.6,0.3
NCT06447103,An Investigational Scan (89Zr-DFO-GmAb PET/CT) Compared to Contrast-Enhanced CT for the Detection of Recurrent Clear Cell Renal Cell Cancer After Surgery Comparing Carbonic Anhydrase IX (CAIX) PET CT to Conventional PET CT for Post-Op Staging in Kidney Cancer,Recruiting,Phase 2,"['Clear Cell Renal Cell Carcinoma' 'Sarcomatoid Renal Cell Carcinoma'
 'Stage II Renal Cell Cancer' 'Stage III Renal Cell Cancer'
 'Stage IV Renal Cell Cancer']","['Biospecimen Collection' 'Bone Scan' 'Computed Tomography'
 'Magnetic Resonance Imaging' 'Positron Emission Tomography'
 'Questionnaire Administration' 'Zirconium Zr 89 Girentuximab']",['United States'],Jonsson Comprehensive Cancer Center,Jonsson Comprehensive Cancer Center,Global / Multi-Region,2.0,1.0,0.6,0.3
NCT06447506,Long-Term Study (AtDvance) to Evaluate GSK1070806 in Atopic Dermatitis.,"Active, not recruiting",Phase 2,"['Dermatitis, Atopic']",['GSK1070806'],"['Argentina' 'Bulgaria' 'Canada' 'China' 'Czechia' 'France' 'Germany'
 'Greece' 'Italy' 'Japan' 'Mexico' 'Panama' 'Poland' 'South Korea' 'Spain'
 'United States']",GlaxoSmithKline,GlaxoSmithKline,Global / Multi-Region,2.0,1.0,0.6,0.3
NCT06448026,Cemiplimab and Cetuximab Prior Salvage Surgery in Patients With Recurrent Oral Cavity Squamous Cell Carcinoma (OCSCC).,Recruiting,Phase 2,['Locally Recurrent Oral Cavity Squamous Cell Carcinoma'],['Cemiplimab' 'Cetuximab'],['United States'],M.D. Anderson Cancer Center,M.D. Anderson Cancer Center,Global / Multi-Region,2.0,1.0,0.6,0.3
NCT06448754,Volrustomig Priming Regimens Exploratory Phase II Platform Study,Recruiting,Phase 2,['Non-small Cell Lung Cancer'],['Volrustomig' 'Carboplatin' 'Pemetrexed' 'Ramucirumab' 'Paclitaxel'],"['Canada' 'China' 'France' 'Georgia' 'Greece' 'Italy' 'Malaysia'
 'Portugal' 'Romania' 'Serbia' 'South Korea' 'Spain' 'Switzerland'
 'Taiwan' 'United States']",AstraZeneca,AstraZeneca,Global / Multi-Region,2.0,1.0,0.6,0.3
NCT06448910,"Cadonilimab(AK104) Plus Concurrent Chemoradiotherapy in Patients With Locally Advanced, Unresectable, Stage III NSCLC","Active, not recruiting",Phase 2,['NSCLC' 'Locally Advanced Lung Carcinoma'],['Cadonilimab (AK104)'],['China'],Fudan University,Fudan University,Global / Multi-Region,2.0,1.0,0.6,0.3
NCT06448923,Cannabidiol After Multi-Trauma for Pain and Opioid Therapy,Recruiting,Phase 2,['Fracture'],['Cannabidiol' 'Cannabidiol' 'Placebo'],['Canada'],Centre Integre Universitaire de Sante et Services Sociaux du Nord de l'ile de Montreal,Centre Integre Universitaire de Sante et Services Sociaux du Nord de l'ile de Montreal,Global / Multi-Region,2.0,1.0,0.6,0.3
NCT06449222,"Safety and Preliminary Effectiveness of BNT327, an Investigational Therapy for Breast Cancer, When Given in Combination With Chemotherapy",Recruiting,Phase 2,"['Locally Advanced Breast Cancer' 'Triple Negative Breast Cancer'
 'Metastatic Triple Negative Breast Cancers']","['BNT327 Dose Level 1 (DL1)' 'BNT327 Dose Level 1 (DL2)' 'Nab-placlitaxel'
 'Carboplatin' 'Gemcitabine' 'Paclitaxel' 'Eribulin'
 'BNT327 Optimized Dose' 'BNT327 Equivalent Q3W Dose']",['Australia' 'Turkey (Türkiye)' 'United Kingdom' 'United States'],BioNTech SE,BioNTech SE,Global / Multi-Region,2.0,1.0,0.6,0.3
NCT06446765,Mindfulness-based Neurofeedback to Augment Psychotherapy for Adults With Borderline Personality Disorder,Recruiting,Phase 2,['Borderline Personality Disorder'],['mindfulness-based Neurofeedback' 'control Neurofeedback'],['United States'],Yale University,Yale University,Global / Multi-Region,2.0,1.0,0.6,0.3
NCT06449313,Neoadjuvant Chemo-Immunotherapy and Surgical Resection in Locally Advanced Non-small Cell Lung Cancer With N3 Lymph Node Involvement,Recruiting,Phase 2,['Non-small Cell Lung Cancer Stage III'],['Cemiplimab-Rwlc'],['United States'],Georgetown University,Georgetown University,Global / Multi-Region,2.0,1.0,0.6,0.3
NCT06449781,177Lu-PSMA as a Systemic Adjuvant Treatment in Patients With High and Very High Risk Prostate Cancer,Recruiting,Phase 2,['Prostate Cancer'],['Lutetium (177Lu) vipivotide tetraxetan'],['Poland'],Maria Sklodowska-Curie National Research Institute of Oncology,Maria Sklodowska-Curie National Research Institute of Oncology,Global / Multi-Region,2.0,1.0,0.6,0.3
NCT06450041,"NANT 2021-01 Phase II STING (Sequential Temozolomide, Irinotecan, NK Cells and GD2 mAb) Trial",Recruiting,Phase 2,['Neuroblastoma'],"['Universal Donor (UD) TGFβi NK Cells' 'Temozolomide' 'Irinotecan'
 'Dinutuximab' 'GM-CSF']",['United States'],New Approaches to Neuroblastoma Therapy Consortium,New Approaches to Neuroblastoma Therapy Consortium,Global / Multi-Region,2.0,1.0,0.6,0.3
NCT06450197,Phase IIa Study Evaluating AZD7798 in Crohn's Disease,Recruiting,Phase 2,"[""Moderate to Severe Crohn's Disease""]",['AZD7798' 'Placebo'],"['Argentina' 'Australia' 'Austria' 'Belgium' 'Brazil' 'Bulgaria' 'Canada'
 'Chile' 'China' 'Croatia' 'France' 'Germany' 'Hungary' 'Italy' 'Japan'
 'Malaysia' 'Mexico' 'Netherlands' 'Poland' 'Romania' 'Slovakia'
 'South Africa' 'Spain' 'Sweden' 'Taiwan' 'Turkey (Türkiye)' 'Ukraine'
 'United States' 'Vietnam']",AstraZeneca,AstraZeneca,Global / Multi-Region,2.0,1.0,0.6,0.3
NCT06450314,Decreasing Treatment for Metastatic HER2-Positive Breast Cancer With Undectable Cancer Levels in Blood Tests.,Recruiting,Phase 2,['Metastatic Breast Cancer' 'HER2-positive Breast Cancer'],"['Discontinuation of the anti-HER2 maintenance therapy'
 'Monitoring with signatera test']",['France'],UNICANCER,UNICANCER,Global / Multi-Region,2.0,1.0,0.6,0.3
NCT06450639,A Study to Assess the Efficacy and Safety of Satralizumab in Duchenne Muscular Dystrophy (DMD),Recruiting,Phase 2,['Duchenne Muscular Dystrophy'],['Satralizumab'],['Australia' 'Denmark' 'Italy' 'Poland' 'Spain' 'Ukraine' 'United States'],Hoffmann-La Roche,Hoffmann-La Roche,Global / Multi-Region,2.0,1.0,0.6,0.3
NCT06450873,Turkey Tail Mushroom for Treating Post-Menopausal Women With HER2-Negative ER-Positive Breast Cancer Undergoing Surgery,Recruiting,Phase 2,"['Estrogen Receptor-Positive Breast Carcinoma'
 'HER2-Negative Breast Carcinoma']",['Coriolus Versicolor Extract' 'Questionnaire Administration'],['United States'],Mayo Clinic,Mayo Clinic,Global / Multi-Region,2.0,1.0,0.6,0.3
NCT06447025,An Open Label Extension Study of CTI-1601 in Subjects With Friedreich's Ataxia,Enrolling by invitation,Phase 2,['Friedreich Ataxia'],['CTI-1601'],['United States'],"Larimar Therapeutics, Inc.","Larimar Therapeutics, Inc.",Global / Multi-Region,2.0,1.0,0.6,0.3
NCT06446726,Low-dose Radiation Combined With Neoadjuvant Immunochemotherapy for Esophageal Squamous Cell Carcinoma,Recruiting,Phase 2,['Esophageal Squamous Cell Carcinoma'],['Tislelizumab' 'Low-dose radiotherapy' 'Nab-paclitaxel' 'Cisplatin'],['China'],Sichuan University,Sichuan University,Global / Multi-Region,2.0,1.0,0.6,0.3
NCT06451120,Platelet Rich Plasma Injections In Young And Old Human Subjects,Recruiting,Phase 2,['Osteoarthritis' 'Articular Cartilage' 'Musculoskeletal Disorders'],"['Platelet-Rich Plasma (PRP) Injections' 'Centrifuge'
 'Control saline injection']",['United States'],"University of California, San Francisco","University of California, San Francisco",Global / Multi-Region,2.0,1.0,0.6,0.3
NCT06444412,An Investigational Scan (Ga-68 PSMA-11 PET/CT) for Detection of Disease Recurrence or Progression in Patients With Glioma,Recruiting,Phase 2,['WHO Grade 3 Glioma' 'WHO Grade 4 Glioma'],"['Computed Tomography' 'Electronic Health Record Review' 'Ga 68 PSMA-11'
 'Positron Emission Tomography']",['United States'],Mayo Clinic,Mayo Clinic,Global / Multi-Region,2.0,1.0,0.6,0.3
NCT06442475,Low Dose Mosunetuzumab for the Treatment of Patients With Indolent B-Cell Lymphoma,Recruiting,Phase 2,"['Ann Arbor Stage II Follicular Lymphoma'
 'Ann Arbor Stage II Marginal Zone Lymphoma'
 'Ann Arbor Stage III Follicular Lymphoma'
 'Ann Arbor Stage III Marginal Zone Lymphoma'
 'Ann Arbor Stage IV Follicular Lymphoma'
 'Ann Arbor Stage IV Marginal Zone Lymphoma' 'Grade 1 Follicular Lymphoma'
 'Grade 2 Follicular Lymphoma' 'Grade 3a Follicular Lymphoma']","['Biospecimen Collection' 'Computed Tomography'
 'Magnetic Resonance Imaging' 'Mosunetuzumab'
 'Positron Emission Tomography' 'Questionnaire Administration']",['United States'],University of Washington,University of Washington,Global / Multi-Region,2.0,1.0,0.6,0.3
NCT06443463,Long-term Safety and Tolerability of BHV-7000,Enrolling by invitation,Phase 2,['Focal Epilepsy'],['BHV-7000' 'BHV-7000'],"['Argentina' 'Australia' 'Austria' 'Belgium' 'Chile' 'Croatia' 'Czechia'
 'Denmark' 'Finland' 'France' 'Germany' 'Greece' 'Hungary' 'Italy'
 'Mexico' 'Netherlands' 'Poland' 'Portugal' 'Romania' 'Slovakia'
 'Slovenia' 'South Africa' 'Spain' 'Switzerland' 'United Kingdom'
 'United States']",Biohaven Therapeutics Ltd.,Biohaven Therapeutics Ltd.,Global / Multi-Region,2.0,1.0,0.6,0.3
NCT06443827,Effect of Intravenous Amantadine Sulphate on Disorders of Consciousness,"Active, not recruiting",Phase 2,['Amantadine' 'Consciousness Disorders' 'Electroencephalography'],['Amantadine Sulfate'],['Italy'],Azienda Sanitaria dell'Alto Adige,Azienda Sanitaria dell'Alto Adige,Global / Multi-Region,2.0,1.0,0.6,0.3
NCT06444009,A Phase II Study of Neoadjuvant Immunotherapy in Combination With Chemotherapy in Locally Advanced Head and Neck Squamous Cell Carcinoma,Recruiting,Phase 2,['Head and Neck Squamous Cell Carcinoma'],"['Ivonescimab combined with TP' 'Cadonilimab combined with TP'
 'Penpulimab combined with TP']",['China'],Lei Liu,Lei Liu,Global / Multi-Region,2.0,1.0,0.6,0.3
NCT06444256,Orexin Receptor Antagonism and Sleep in Stimulant Use Disorder,Recruiting,Phase 2,['Stimulant Use Disorder'],['SUVO' 'TAU'],['United States'],"The University of Texas Health Science Center, Houston","The University of Texas Health Science Center, Houston",Global / Multi-Region,2.0,1.0,0.6,0.3
NCT06444269,Precision Medicine in Action: Phase II Trial of Response Adaptive Ablative Pre-operative SPBI (RAPS) and Non-operative Sentinel Lymph Node Biopsy in Patients With Early-stage ER+ Breast Cancer: RAPS Trial,Recruiting,Phase 2,['Breast Cancer'],['Radiomics on MRI' 'microbubble CEUS Contrast Enhanced Ultrasound (CEUS)'],['United States'],University of Texas Southwestern Medical Center,University of Texas Southwestern Medical Center,Global / Multi-Region,2.0,1.0,0.6,0.3
NCT06444399,Deucravacitinib (BMS-986165) for Pityriasis Rubra Pilaris,Recruiting,Phase 2,['Pityriasis Rubra Pilaris'],['Deucravacitinib'],['United States'],Mayo Clinic,Mayo Clinic,Global / Multi-Region,2.0,1.0,0.6,0.3
NCT06444451,A Study to Evaluate the Efficacy and Safety of Subcutaneous Amlitelimab Monotherapy Compared With Placebo in Adult Participants With Severe Alopecia Areata,"Active, not recruiting",Phase 2,['Alopecia Areata'],['Amlitelimab' 'Placebo'],"['Argentina' 'Australia' 'Bulgaria' 'Canada' 'Chile' 'China' 'Czechia'
 'France' 'Germany' 'Italy' 'Japan' 'Netherlands' 'Romania' 'Spain'
 'United Kingdom' 'United States']",Sanofi,Sanofi,Global / Multi-Region,2.0,1.0,0.6,0.3
NCT06446479,Effects of THC on Alcohol Consumption and Neural Correlates of Reward,Recruiting,Phase 2,['Cannabis Use Disorder'],['Dronabinol Pill' 'Placebo'],['United States'],"University of Colorado, Denver","University of Colorado, Denver",Global / Multi-Region,2.0,1.0,0.6,0.3
NCT06444880,Phase II Trial of Ubamatamab Alone or in Combination With Cemiplimab in MUC16-Expressing SMARCB1-Deficient Malignancies,Recruiting,Phase 2,['SMARCB1-Deficient Malignancies'],['Ubamatamab' 'Cemiplimab'],['United States'],M.D. Anderson Cancer Center,M.D. Anderson Cancer Center,Global / Multi-Region,2.0,1.0,0.6,0.3
NCT06445114,Using CircuLating Tumor DNA to Risk Adapt Post-Operative Therapy for HPV-associated Oropharyngeal Cancer,Recruiting,Phase 2,['Oropharyngeal Cancer' 'Carcinoma'],['Cisplatin'],['United States'],Zachary Zumsteg,Zachary Zumsteg,Global / Multi-Region,2.0,1.0,0.6,0.3
NCT06445166,Propranolol for the Treatment of Kaposi Sarcoma in Adults,Recruiting,Phase 2,['Kaposi Sarcoma'],['Propranolol Hydrochloride'],['United States'],Washington University School of Medicine,Washington University School of Medicine,Global / Multi-Region,2.0,1.0,0.6,0.3
NCT06445400,"A Study of BL-M07D1, BL-M07D1+Pertuzumab and BL-M07D1+Pertuzumab+Docetaxel in Patients With Unresectable Locally Advanced or Metastatic HER2-positive Breast Cancer",Recruiting,Phase 2,['HER2-positive Breast Cancer'],['BL-M07D1' 'Pertuzumab' 'Docetaxel'],['China'],"Sichuan Baili Pharmaceutical Co., Ltd.","Sichuan Baili Pharmaceutical Co., Ltd.",Global / Multi-Region,2.0,1.0,0.6,0.3
NCT06445881,Efficacy and Safety of Modified Si Jun Zi Tang in Perioperative NSCLC Treatment,Recruiting,Phase 2,['Non Small Cell Lung Cancer' 'Perioperative Complication'],['Modified Si Jun Zi Tang'],['China'],First Affiliated Hospital of Zhejiang University,First Affiliated Hospital of Zhejiang University,Global / Multi-Region,2.0,1.0,0.6,0.3
NCT06446154,Fruquintinib After ICIs Treatment in Unresectable Hepatocellular Carcinoma,Recruiting,Phase 2,"['Hepatocellular Carcinoma' 'Immune Checkpoint Inhibitors'
 'Anti-angiogenic Therapy' 'Second-line Treatment']",['Fruquintinib'],['China'],Sun Yat-sen University,Sun Yat-sen University,Global / Multi-Region,2.0,1.0,0.6,0.3
NCT06446245,Adjunctive Doxycycline for Central Nervous System Tuberculosis,Recruiting,Phase 2,"['Tuberculosis, Meningeal' 'Tuberculosis; Meningitis (Etiology)'
 'Tuberculosis, Central Nervous System'
 'Tuberculosis; Meningoencephalitis (Etiology)']","['Doxycycline' 'Placebo' 'Anti Tuberculosis Drug'
 'Adjunctive corticosteroid']",['Indonesia' 'Malaysia' 'Singapore'],"National University Hospital, Singapore","National University Hospital, Singapore",Global / Multi-Region,2.0,1.0,0.6,0.3
NCT06450925,Vitamin A Supplementation in Allogeneic Stem Cell Transplantation.,Recruiting,Phase 2,['Graft Vs Host Disease' 'Vitamin A Deficiency' 'Vitamin D Deficiency'],['Vitamin A' 'Placebo'],['United States'],"Children's Hospital Medical Center, Cincinnati","Children's Hospital Medical Center, Cincinnati",Global / Multi-Region,2.0,1.0,0.6,0.3
NCT06451211,Neoadjuvant Immunotherapy Plus Chemotherapy in Borrmann Type 4 and Large Type 3 Gastric Cancer,Recruiting,Phase 2,['Stomach Neoplasms' 'Gastric Cancer' 'Linitis Plastica of Stomach'],['Tislelizumab' 'Oxaliplatin' 'S-1' 'Capecitabine'],['China'],Sun Yat-sen University,Sun Yat-sen University,Global / Multi-Region,2.0,1.0,0.6,0.3
NCT06462053,Short-course Radiotherapy Combined With CAPOX and PD-1 Antibody Versus Long-course Chemoradiotherapy Combined With CAPOX for Early Low-lying Rectal Cancer,Recruiting,Phase 2,['Early Low Rectal Cancer'],"['Short-course radiotherapy' 'PD-1 antibody (Toripalimab)'
 'Long-course radiotherapy' 'Oxaliplatin' 'Capecitabine']",['China'],Fudan University,Fudan University,Global / Multi-Region,2.0,1.0,0.6,0.3
NCT06458413,Utidelone Capsule Plus Capecitabine (CAP) for Metastatic Breast Cancer,Recruiting,Phase 2,['Breast Cancer Recurrent'],['Utidelone Capsule Plus Capecitabine'],['China'],"Min Yan, MD","Min Yan, MD",Global / Multi-Region,2.0,1.0,0.6,0.3
NCT06455293,Psilocybin Therapy for Depression in Parkinson's Disease,Recruiting,Phase 2,['Parkinson Disease' 'Depression'],['Psilocybin'],['United States'],"Joshua Woolley, MD, PhD","Joshua Woolley, MD, PhD",Global / Multi-Region,2.0,1.0,0.6,0.3
NCT06455410,GP Plus Adebrelimab Versus GP Neoadjuvant Chemotherapy for Nasopharyngeal Carcinoma,Recruiting,Phase 2,['Nasopharyngeal Carcinoma'],['GP' 'Adebrelimab' 'concurrent chemoradiotherapy (CCRT)'],['China'],Sun Yat-sen University,Sun Yat-sen University,Global / Multi-Region,2.0,1.0,0.6,0.3
NCT06456359,Pasireotide as Maintenance Treatment in Synovial Sarcoma and Desmoplastic Small Round Cell Tumor,Recruiting,Phase 2,['Desmoplastic Small Round Cell Tumor' 'Synovial Sarcoma'],['Signifor'],['Germany'],University Hospital Heidelberg,University Hospital Heidelberg,Global / Multi-Region,2.0,1.0,0.6,0.3
NCT06456463,A Study of Tagraxofusp in Combination With Venetoclax and Azacitidine in Adults With Untreated CD123+ Acute Myeloid Leukemia Who Cannot Undergo Intensive Chemotherapy,Recruiting,Phase 2,['Acute Myeloid Leukemia'],['Tagraxofusp' 'Venetoclax' 'Azacitidine'],['Australia' 'United States'],"Stemline Therapeutics, Inc.","Stemline Therapeutics, Inc.",Global / Multi-Region,2.0,1.0,0.6,0.3
NCT06456593,Efficacy and Safety of Obefazimod in Subjects With Moderately to Severely Active Crohn's Disease,Recruiting,Phase 2,['Moderately to Severely Active Crohn Disease'],['Obefazimod' 'Placebo'],"['Belgium' 'Czechia' 'France' 'Germany' 'Hungary' 'Italy' 'Netherlands'
 'Poland' 'Romania' 'Slovakia' 'Spain' 'United States']",Abivax S.A.,Abivax S.A.,Global / Multi-Region,2.0,1.0,0.6,0.3
NCT06457425,A Phase II Clinical Trial of Flonoltinib Maleate Tablet in Intermediate-High Risk Myelofibrosis,Recruiting,Phase 2,"['MF,PMF,PPV-MF,PET-MF']",['Flonoltinib 50mg' 'Flonoltinib 100mg' 'Ruxolitinib'],['China'],"Chengdu Zenitar Biomedical Technology Co., Ltd","Chengdu Zenitar Biomedical Technology Co., Ltd",Global / Multi-Region,2.0,1.0,0.6,0.3
NCT06458036,Selpercatinib Pre-RAI in Patients With RET Fusion Thyroid Cancer (RAISE),Recruiting,Phase 2,"['Differentiated Thyroid Cancer' 'Pediatric Cancer' 'Cancer'
 'Cancer, Thyroid']",['Selpercatinib Monotherapy' '131I Therapy'],['United States'],Children's Hospital of Philadelphia,Children's Hospital of Philadelphia,Global / Multi-Region,2.0,1.0,0.6,0.3
NCT06458439,Epcoritamab-CAR T Cells for Large B-cell Lymphomas,Recruiting,Phase 2,"['Lymphoma, Non-Hodgkin' 'Relapsed Diffuse Large B Cell Lymphoma'
 'Refractory Diffuse Large B-cell Lymphoma' 'High-grade B-cell Lymphoma'
 'Transformed Indolent Non-Hodgkin Lymphoma to Diffuse Large B-Cell Lymphoma']",['Epcoritamab'],['United States'],Abramson Cancer Center at Penn Medicine,Abramson Cancer Center at Penn Medicine,Global / Multi-Region,2.0,1.0,0.6,0.3
NCT06455124,Short-course Radiotherapy Combined With CapeOx and PD-1 Inhibitor After Local Excision for High-risk Early Rectal Cancer (TORCH-LE),Recruiting,Phase 2,['Rectal Cancer'],['Radiation' 'PD-1 antibody' 'Capecitabine' 'Oxaliplatin'],['China'],Fudan University,Fudan University,Global / Multi-Region,2.0,1.0,0.6,0.3
NCT06459310,Pilot Study on Evaluating the Geroprotective Effect of Metformin,Recruiting,Phase 2,['Metformin' 'Aging'],['Metformin Hydrochloride tablet' 'Placebo'],['China'],"Xuanwu Hospital, Beijing","Xuanwu Hospital, Beijing",Global / Multi-Region,2.0,1.0,0.6,0.3
NCT06460038,Tenapanor in Synucleinopathy-Related Constipation,Recruiting,Phase 2,"['Synucleinopathy' ""Parkinson's Disease""]",['Tenapanor' 'Placebo'],['United States'],Cedar Valley Digestive Health Center,Cedar Valley Digestive Health Center,Global / Multi-Region,2.0,1.0,0.6,0.3
NCT06461182,Ga-68-CXCR4 PET/CT in Indolent B-cell Lymphoma,Recruiting,Phase 2,['Indolent B-Cell Non-Hodgkin Lymphoma'],['Ga-68-CXCR4'],['Taiwan'],Koo Foundation Sun Yat-Sen Cancer Center,Koo Foundation Sun Yat-Sen Cancer Center,Global / Multi-Region,2.0,1.0,0.6,0.3
NCT06461793,Safety of Dose Escalation in Definitive Hypofractionated Radiation Therapy and Hormone Therapy With SpaceOAR TM for Patients With High - Risk Localized Prostate Cancer (DESAR-H),Recruiting,Phase 2,['High Risk Prostate Carcinoma'],['Dose increase after injection of biodegradable material A safety study of high-risk prostate cancer patients'],['South Korea'],Samsung Medical Center,Samsung Medical Center,Global / Multi-Region,2.0,1.0,0.6,0.3
NCT06461819,Safety of Dose Escalation in Definitive Hypofractionated Radiation Therapy With SPACEOAR TM for Patients With Low-to-intermediate Risk Localized Prostate Cancer (DESAR-L),Recruiting,Phase 2,['Low-to-intermediate-risk Prostate Carcinoma'],['Low- and medium-risk studies performed after biodegradable substance injection prostate cancer dose increase.'],['South Korea'],Samsung Medical Center,Samsung Medical Center,Global / Multi-Region,2.0,1.0,0.6,0.3
NCT06461910,"Efficacy and Safety of Anti-PD-1, Thymalfasin, and SOX in Neoadjuvant Treatment of cStage III Gastric/Gastroesophageal Junction Adenocarcinoma",Recruiting,Phase 2,['Gastric Cancer' 'Esophagogastric Junction Adenocarcinoma'],['Serplulimab' 'thymalfasin' 'Oxaliplatin' 'Tegafur'],['China'],Zekuan Xu,Zekuan Xu,Global / Multi-Region,2.0,1.0,0.6,0.3
NCT06461988,Talquetamab & Lenalidomide as Post Stem Cell Transplant Maintenance in Multiple Myeloma,Recruiting,Phase 2,['Multiple Myeloma' 'Post Stem Cell Transplant'],['Talquetamab' 'Talquetamab and Lenalidomide'],['United States'],Stanford University,Stanford University,Global / Multi-Region,2.0,1.0,0.6,0.3
NCT06455254,Cadonilimab Combined With Regorafenib as A Third-line Treatment in Patients With MSS CRLM,Recruiting,Phase 2,['CRC'],['Candonilimab (AK104)' 'Regorafenib'],['China'],Jin-hong Chen,Jin-hong Chen,Global / Multi-Region,2.0,1.0,0.6,0.3
NCT06455072,Nituzumab Plus Serplulimab Combined With SBRT in Cervical Cancer,Recruiting,Phase 2,['Cervical Cancer'],['Nituzumab' 'Serplulimab'],['China'],Fujian Cancer Hospital,Fujian Cancer Hospital,Global / Multi-Region,2.0,1.0,0.6,0.3
NCT06451588,Fecal Microbiota Transplantation in Axial Spondyloarthritis,Recruiting,Phase 2,"['Axial Spondyloarthritis' 'Ankylosing Spondylitis' 'Dysbiosis'
 'Spondyloarthritis' 'Spondylitis' 'Arthritis' 'Musculoskeletal Diseases'
 'Spinal Disease' 'Joint Diseases']",['FMT' 'Placebo'],['Norway'],University Hospital of North Norway,University Hospital of North Norway,Global / Multi-Region,2.0,1.0,0.6,0.3
NCT06453486,A Study of High Dose Radiation Therapy for Locally Advanced Pancreatic Cancer That Responded to Initial Chemotherapy Treatment,Recruiting,Phase 2,['Locally Advanced Pancreatic Adenocarcinoma'],['High dose radiation therapy'],['Canada'],"University Health Network, Toronto","University Health Network, Toronto",Global / Multi-Region,2.0,1.0,0.6,0.3
NCT06451640,A Extension Clinical Study of TQC2731 Injection in the Treatment of Chronic Sinusitis With Nasal Polyps,Recruiting,Phase 2,['Chronic Rhinosinusitis With Nasal Polyps'],['210mg of TQC2731 injection' '420mg of TQC2731 injection'],['China'],"Chia Tai Tianqing Pharmaceutical Group Nanjing Shunxin Pharmaceutical Co., Ltd.","Chia Tai Tianqing Pharmaceutical Group Nanjing Shunxin Pharmaceutical Co., Ltd.",Global / Multi-Region,2.0,1.0,0.6,0.3
NCT06452394,NEODOXy: Targeting Breast Cancer Stem Cells With Doxycycline,Recruiting,Phase 2,['Breast Cancer'],['Doxycyclin'],['Switzerland'],Swiss Cancer Institute,Swiss Cancer Institute,Global / Multi-Region,2.0,1.0,0.6,0.3
NCT06452706,The Clinical Trial of TQB2102 for Injection Against Human Epidermal Growth Factor Receptor 2 Negative Breast Cancer,Recruiting,Phase 2,['Breast Cancer'],['TQB2102 for injection'],['China'],"Chia Tai Tianqing Pharmaceutical Group Nanjing Shunxin Pharmaceutical Co., Ltd.","Chia Tai Tianqing Pharmaceutical Group Nanjing Shunxin Pharmaceutical Co., Ltd.",Global / Multi-Region,2.0,1.0,0.6,0.3
NCT06452719,Letrozole and Misoprostol for Early Pregnancy Loss Management,Recruiting,Phase 2,['Early Pregnancy Loss' 'Miscarriage in First Trimester' 'Miscarriage'],['Letrozole' 'Misoprostol'],['United States'],University of Pennsylvania,University of Pennsylvania,Global / Multi-Region,2.0,1.0,0.6,0.3
NCT06453044,Mosunetuzumab and Polatuzumab Vedotin for the Treatment of Patients With Relapsed or Refractory Grade 1-3a Follicular Lymphoma,Recruiting,Phase 2,"['Recurrent Grade 1 Follicular Lymphoma'
 'Recurrent Grade 2 Follicular Lymphoma'
 'Recurrent Grade 3a Follicular Lymphoma'
 'Refractory Grade 1 Follicular Lymphoma'
 'Refractory Grade 2 Follicular Lymphoma'
 'Refractory Grade 3a Follicular Lymphoma']","['Biospecimen Collection' 'Computed Tomography'
 'Magnetic Resonance Imaging' 'Mosunetuzumab' 'Polatuzumab Vedotin'
 'Positron Emission Tomography' 'Questionnaire Administration']",['United States'],City of Hope Medical Center,City of Hope Medical Center,Global / Multi-Region,2.0,1.0,0.6,0.3
NCT06453317,"Comparison of Ustekinumab, Infliximab and Combination Therapy in Moderately to Severely Active Ulcerative Colitis",Recruiting,Phase 2,['Ulcerative Colitis' 'Inflammatory Bowel Diseases'],['Infliximab' 'Ustekinumab'],['Poland'],Medical University of Lodz,Medical University of Lodz,Global / Multi-Region,2.0,1.0,0.6,0.3
NCT06453460,CMV-TCIP Directed Letermovir Prophylaxis After Allo-SCT,Recruiting,Phase 2,['CMV' 'Allogeneic Stem Cell Transplantation'],['Letermovir' 'CMV T Cell Immunity Panel (CMV-TCIP)' 'CMV DNA PCR'],['United States'],"University of California, Irvine","University of California, Irvine",Global / Multi-Region,2.0,1.0,0.6,0.3
NCT06453694,Efgartigimod for the Treatment of Acute Optic Neuritis,Recruiting,Phase 2,['Optic Neuritis'],['Efgartigimod Alfa' 'Placebo'],['United States'],"Anastasia Vishnevetsky, MD, MPH","Anastasia Vishnevetsky, MD, MPH",Global / Multi-Region,2.0,1.0,0.6,0.3
NCT06455046,Efficacy and Safety of AK104 Combined With Chemotherapy and Recombinant Human Adenovirus 5 Injection in Cervical Cancer,Recruiting,Phase 2,['Cervical Cancer Recurrent'],['AK104' 'Recombinant Human Adenovirus 5 Injection'],['China'],Fujian Cancer Hospital,Fujian Cancer Hospital,Global / Multi-Region,2.0,1.0,0.6,0.3
NCT06453902,TGRX-678 Chinese Phase II in Chronic Myelogenous Leukemia (CML) Patients,Recruiting,Phase 2,['Chronic Myeloid Leukemia' 'Accelerated Phase CML'],['TGRX-678'],['China'],"Shenzhen TargetRx, Inc.","Shenzhen TargetRx, Inc.",Global / Multi-Region,2.0,1.0,0.6,0.3
NCT06454240,A Proof-of-concept Study of Lunsekimig Compared With Placebo in Adults With Chronic Rhinosinusitis With Nasal Polyps,"Active, not recruiting",Phase 2,['Chronic Rhinosinusitis With Nasal Polyps'],['lunsekimig' 'placebo'],"['Argentina' 'Belgium' 'Bulgaria' 'Poland' 'United Kingdom'
 'United States']",Sanofi,Sanofi,Global / Multi-Region,2.0,1.0,0.6,0.3
NCT06454578,Adjuvant Adebrelimab Plus Apatinib for Participants With HCC at High-risk of Recurrence After Curative Resection,Recruiting,Phase 2,"['Carcinoma, Hepatocellular']",['Adebrelimab + Apatinib'],['China'],Qilu Hospital of Shandong University,Qilu Hospital of Shandong University,Global / Multi-Region,2.0,1.0,0.6,0.3
NCT06454604,Virtual Reality Treatment for Emerging Adults With ADHD,"Active, not recruiting",Phase 2,['Attention Deficit Hyperactivity Disorder'],['Meta Quest 3 VR Headset with noise cancelling headphones'],['United States'],"Rutgers, The State University of New Jersey","Rutgers, The State University of New Jersey",Global / Multi-Region,2.0,1.0,0.6,0.3
NCT06454669,Dronabinol as an Adjunct for Reducing Pain,Recruiting,Phase 2,['Low Back Pain' 'Chronic Pain' 'Back Injuries'],['Dronabinol' 'Placebo'],['United States'],Christopher D. Verrico,Christopher D. Verrico,Global / Multi-Region,2.0,1.0,0.6,0.3
NCT06454747,Randomized Study Using SM-030 Gel for Adults With Melasma,Recruiting,Phase 2,['Melasma'],['SM-030 gel 0.64%' 'Placebo gel' 'SM-030 gel 0.08%'],['El Salvador'],"DermBiont, Inc.","DermBiont, Inc.",Global / Multi-Region,2.0,1.0,0.6,0.3
NCT06454968,Orelabrutinib Combined With Obinutuzumab and Lenalidomide (OGL Regimen) as First-line Treatment for Marginal Zone Lymphoma.,Recruiting,Phase 2,['Marginal Zone Lymphoma'],"['Orelabrutinib, obinutuzumab, lenalidomide']",['China'],Peking Union Medical College Hospital,Peking Union Medical College Hospital,Global / Multi-Region,2.0,1.0,0.6,0.3
NCT06404840,"Evaluating Nimotuzumab in Combination With AG Regimen for Pancreatic Cancer With Liver Metastases : A Prospective, Single-Arm, Phase II Study",Recruiting,Phase 2,['Pancreatic Cancer'],['nimotuzumab' 'AG chemotherapy'],['China'],Tianjin Medical University Cancer Institute and Hospital,Tianjin Medical University Cancer Institute and Hospital,Global / Multi-Region,2.0,1.0,0.6,0.3
NCT06404333,Evaluating Pediatric Ivermectin in Children Under 15 kg (EPIC-15),Recruiting,Phase 2,['Scabies'],['CHILD-IVITAB' 'CHILD-IVITAB'],['Brazil'],University of Oxford,University of Oxford,Global / Multi-Region,2.0,1.0,0.6,0.3
NCT06322576,177Lu-PSMA (177Lu-PNT2002) in PSMA-Positive Adenoid Cystic Carcinoma,Recruiting,Phase 2,['Adenoid Cystic Carcinoma'],['177Lu-PNT2002'],['United States'],Sidney Kimmel Comprehensive Cancer Center at Johns Hopkins,Sidney Kimmel Comprehensive Cancer Center at Johns Hopkins,Global / Multi-Region,2.0,1.0,0.6,0.3
NCT06404112,"RECOVER-SLEEP: Platform Protocol, Appendix_B (CPSD)",Recruiting,Phase 2,['Long COVID' 'Long COVID-19' 'Sleep Disturbance'],"['Melatonin' 'Melantonin Placebo' 'Tailored lighting (TL) Active'
 'Tailored lighting (TL) Placebo']",['United States'],Duke University,Duke University,Global / Multi-Region,2.0,1.0,0.6,0.3
NCT06351683,Testing MitoQ on Lower Urinary Tract Symptoms in Older Women With Metabolic Syndrome,Recruiting,Phase 2,['Lower Urinary Tract Symptoms' 'Overactive Bladder Syndrome'],['MitoQ (mitoquinol mesylate)' 'Placebo'],['United States'],"Iman Al-Naggar, PhD","Iman Al-Naggar, PhD",Global / Multi-Region,2.0,1.0,0.6,0.3
NCT06352372,Safety and Efficacy of tPBM for Epileptiform Activity in Autism,Recruiting,Phase 2,"['Autism Spectrum Disorder' 'EEG With Periodic Abnormalities' 'Epilepsy'
 'Neurodevelopmental Disorders' 'Neurological Disorder']",['noninvasively delivered near infra-red (NIR) light - transcranial Photobiomodulation (tPBM)'],['United States'],Richard Frye,Richard Frye,Global / Multi-Region,2.0,1.0,0.6,0.3
NCT06353022,"Minimal Residual Disease-based Strategy with T-Cell Redirector After Treatment with Daratumumab, Bortezomib, Lenalidomide, and Dexamethasone (D-VRd) in Newly Diagnosed Multiple Myeloma",Recruiting,Phase 2,['Multiple Myeloma'],"['Teclistamab' 'Talquetamab' 'Lenalidomide' 'Bortezomib' 'Daratumumab'
 'Dexamethasone']",['France'],Nantes University Hospital,Nantes University Hospital,Global / Multi-Region,2.0,1.0,0.6,0.3
NCT06353061,Chemoradiotherapy With or Without Metformin in Locally Advanced Cervical Cancer,Recruiting,Phase 2,['Cervical Cancer' 'Radiotherapy' 'Metformin' 'Hypoxia' 'PET/CT'],['Metformin' 'Radiotherapy' 'Chemotherapy' 'PET/CT'],['China'],Peking Union Medical College Hospital,Peking Union Medical College Hospital,Global / Multi-Region,2.0,1.0,0.6,0.3
NCT06353360,TTField in Combination With Temozolomide and Tislelizumab in The Treatment of Newly Diagnosed Glioblastoma.,Recruiting,Phase 2,['Glioblastoma Multiforme'],['Tumor Treating Fields' 'Tislelizumab' 'Temozolomide (TMZ)'],['China'],"Jiangsu Healthy Life Innovation Medical Technology Co., Ltd","Jiangsu Healthy Life Innovation Medical Technology Co., Ltd",Global / Multi-Region,2.0,1.0,0.6,0.3
NCT06353581,Prophylactic Administration of Neulapeg (Pegteograstim) in Patients With Locally Advanced or Metastatic Pancreatic Cancer Receiving the Modified FOLFIRINOX,"Active, not recruiting",Phase 2,['Locally Advanced Pancreatic Cancer' 'Metastatic Pancreatic Cancer'],['Neulapeg' 'Control'],['South Korea'],Yonsei University,Yonsei University,Global / Multi-Region,2.0,1.0,0.6,0.3
NCT06353685,De-Escalation Postoperative Radiotherapy for Oral Squamous Cell Carcinoma With pCR/MPR.,Recruiting,Phase 2,['De-escalated Radiotherapy; Head and Neck Cancer'],"['Continuous, hyperfractionated, accelerated radiotherapy(CHART)']",['China'],Sun Yat-Sen Memorial Hospital of Sun Yat-Sen University,Sun Yat-Sen Memorial Hospital of Sun Yat-Sen University,Global / Multi-Region,2.0,1.0,0.6,0.3
NCT06353828,Phase 2a Study to Evaluate IcBD-01 Enema in Active Ulcerative Colitis Patients,"Active, not recruiting",Phase 2,['Ulcerative Colitis'],"['CBD, synthetic form' 'Placebo']",['Israel'],CannaMore Biotechs,CannaMore Biotechs,Global / Multi-Region,2.0,1.0,0.6,0.3
NCT06353906,Carboplatin/Paclitaxel + Pembrolizumab for Locoregionally Advanced Penile Cancer,Recruiting,Phase 2,"['Urologic Neoplasms' 'Urogenital Neoplasms' 'Male Urogenital Diseases'
 'Penile Cancer' 'Penile Squamous Cell Carcinoma'
 'Locally Advanced Penile Carcinoma']","['Carboplatin/Paclitaxel' 'Pembrolizumab'
 'Partial or total penectomy with inguinal and/or pelvic lymph node dissection']",['Belgium' 'Netherlands'],The Netherlands Cancer Institute,The Netherlands Cancer Institute,Global / Multi-Region,2.0,1.0,0.6,0.3
NCT06353997,Neoadjuvant INBRX-106 (Hexavalent OX40 Agonist) in Combination With Pembrolizumab as a Chemotherapy-sparing Regimen for Stage II TNBC (Triple Negative Breast Cancer) Patients,Recruiting,Phase 2,['Triple Negative Breast Cancer'],['Pembrolizumab' 'INBRX-106'],['United States'],Providence Health & Services,Providence Health & Services,Global / Multi-Region,2.0,1.0,0.6,0.3
NCT06354140,PPIO-008 Tislelizumab Combined With S-1 in Patients With ypT+N0 ESCC After Radical Resection With Neoadjuvant STUDY,Recruiting,Phase 2,['Esophageal Squamous Cell Carcinoma'],['Tegafur'],['China'],Daping Hospital and the Research Institute of Surgery of the Third Military Medical University,Daping Hospital and the Research Institute of Surgery of the Third Military Medical University,Global / Multi-Region,2.0,1.0,0.6,0.3
NCT06354218,Serplulimab Combined With Concurrent Chemoradiotherapy for Locally Advanced Treatment Esophageal Cancer in Old Age,Recruiting,Phase 2,['Esophageal Carcinoma'],['Serplulimab'],['China'],The First Affiliated Hospital with Nanjing Medical University,The First Affiliated Hospital with Nanjing Medical University,Global / Multi-Region,2.0,1.0,0.6,0.3
NCT06354231,DV Combined With Toripalimab for Renal Preservation in Solitary Kidney or Renal Insufficiency or Bilateral Multiple UTUC,Recruiting,Phase 2,"['Renal Insufficiency' 'Upper Urinary Tract Urothelial Carcinoma'
 'Solitary Kidney']",['DV' 'Toripalimab' 'Laser surgery'],['China'],Fudan University,Fudan University,Global / Multi-Region,2.0,1.0,0.6,0.3
NCT06354712,Efficacy of N-acetylcysteine in Preventing Radiotherapy-Induced Oral Mucositis in Head and Neck Cancer Patients.,Recruiting,Phase 2,['Oral Mucositis (Ulcerative) Due to Radiation'],"['N-Acetyl-Cysteine with Institutional standard care'
 'Institutional standard care']",['Egypt'],Mansoura University,Mansoura University,Global / Multi-Region,2.0,1.0,0.6,0.3
NCT06355037,Dasatinib Combined With Quercetin to Reverse Chemo Resistance in Triple Negative Breast Cancer,Recruiting,Phase 2,['Triple-negative Breast Cancer'],"['Quercetin' 'Dasatinib'
 'Taxane/Anthracycline/Eribulin Mesylate/Vinorelbine/Capecitabine/Carboplatin/UTD1/platinum']",['China'],Fudan University,Fudan University,Global / Multi-Region,2.0,1.0,0.6,0.3
NCT06355115,Prophylactic Antibiotics Duration Towards Healing and Risk of Infection in Permanent Pacemaker (PPM) Installation,Recruiting,Phase 2,['Pacemaker Complication'],['Cefazolin 1000 MG Injection'],['Indonesia'],University of Brawijaya,University of Brawijaya,Global / Multi-Region,2.0,1.0,0.6,0.3
NCT06355310,Mechanisms of SGLT2 Inhibition in Pediatric Steatotic Liver Disease,Recruiting,Phase 2,['Non-Alcoholic Fatty Liver Disease'],['Empagliflozin 10 MG' 'Placebo Oral Tablet'],['United States'],Ann & Robert H Lurie Children's Hospital of Chicago,Ann & Robert H Lurie Children's Hospital of Chicago,Global / Multi-Region,2.0,1.0,0.6,0.3
NCT06351371,Testing JNJ-42756493 (Erdafitinib) as Potentially Targeting Treatment in Cancers With FGFR Mutations or Fusions (MATCH - Subprotocol K2),"Active, not recruiting",Phase 2,['Malignant Solid Neoplasm'],"['Biopsy Procedure' 'Biospecimen Collection' 'Computed Tomography'
 'Erdafitinib' 'Magnetic Resonance Imaging']",['United States'],National Cancer Institute (NCI),National Cancer Institute (NCI),Global / Multi-Region,2.0,1.0,0.6,0.3
NCT06350318,Rituximab and Zanubrutinib in Patients With Indolent B-cell Lymphomas,Recruiting,Phase 2,['Follicular Lymphoma' 'Marginal Zone Lymphoma' 'B-Cell Lymphoma'],['Zanubrutinib' 'Rituximab'],['United States'],H. Lee Moffitt Cancer Center and Research Institute,H. Lee Moffitt Cancer Center and Research Institute,Global / Multi-Region,2.0,1.0,0.6,0.3
NCT06350162,Testing the Addition of Radiation Therapy to the Immune Therapy Treatment for ES-SCLC,Recruiting,Phase 2,['Extensive Stage Lung Small Cell Cancer'],['Serplulimab' 'Chest Radiation'],['China'],Zhejiang Cancer Hospital,Zhejiang Cancer Hospital,Global / Multi-Region,2.0,1.0,0.6,0.3
NCT06345716,Paracetamol-Tramadol and Paracetamol-caffeine Versus Placebo in the Emergency Discharge Treatment of Renal Colic,Recruiting,Phase 2,['Renal Colic'],['paracétamol tramadol' 'Paracétamol cafeine' 'Placebo'],['Tunisia'],University of Monastir,University of Monastir,Global / Multi-Region,2.0,1.0,0.6,0.3
NCT06344052,To Assess the Safety and Efficacy of SP-002 with Vismodegib for the Treatment of Locally Advanced Basal Cell Carcinoma,Recruiting,Phase 2,['Basal Cell Carcinoma'],['SP-002' 'Vismodegib'],['United States'],"Stamford Pharmaceuticals, Inc.","Stamford Pharmaceuticals, Inc.",Global / Multi-Region,2.0,1.0,0.6,0.3
NCT06344260,Neural Stem Cell Treatment for Amyotrophic Lateral Sclerosis (STEMALS),Recruiting,Phase 2,['Amyotrophic Lateral Sclerosis'],['human Neural Stem Cells (hNSC)' 'Saline (Placebo)'],['Italy'],Casa Sollievo della Sofferenza IRCCS,Casa Sollievo della Sofferenza IRCCS,Global / Multi-Region,2.0,1.0,0.6,0.3
NCT06344819,An Acupuncture Study for People At High Risk for Sepsis,Recruiting,Phase 2,['Sepsis'],['Acupuncture' 'Sham Acupuncture'],['United States'],Memorial Sloan Kettering Cancer Center,Memorial Sloan Kettering Cancer Center,Global / Multi-Region,2.0,1.0,0.6,0.3
NCT06345079,"Cessation of Somatostatin Analogues After PRRT in Mid, Hind-Gut and Pancreatic Neuroendocrine Tumours",Recruiting,Phase 2,['Neuroendocrine Tumors'],"['Cessation of somatostatin analogues'
 'Continuation of somatostatin analogues']",['Australia' 'Canada'],Australasian Gastro-Intestinal Trials Group,Australasian Gastro-Intestinal Trials Group,Global / Multi-Region,2.0,1.0,0.6,0.3
NCT06345287,Response Adaptive Radiotherapy Following Immunotherapy-based Induction for Non-HPV Related HNSCC,Recruiting,Phase 2,['Head and Neck Cancer'],"['radical radiotherapy (60Gy)' 'radical radiotherapy (66Gy)'
 'radical radiotherapy (70Gy)' 'anti-PD-1 or PD-L1 antibody']",['China'],"Cancer Institute and Hospital, Chinese Academy of Medical Sciences","Cancer Institute and Hospital, Chinese Academy of Medical Sciences",Global / Multi-Region,2.0,1.0,0.6,0.3
NCT06345300,"NALIRIFOX in Combination With Camrelizumab for BRPC: a Prospective, Exploratory Study",Recruiting,Phase 2,['Borderline Resectable Pancreatic Cancer'],"['Liposomal Irinotecan, Oxaliplatin, 5-Fluorouracil/Calcium folinate in combination with Camrelizumab'
 'Liposomal Irinotecan, Oxaliplatin, 5-Fluorouracil/Calcium folinate']",['China'],"Cancer Institute and Hospital, Chinese Academy of Medical Sciences","Cancer Institute and Hospital, Chinese Academy of Medical Sciences",Global / Multi-Region,2.0,1.0,0.6,0.3
NCT06345495,High Dose Ruxolitinib and Allogeneic Stem Cell Transplantation in Myelofibrosis Patients With Splenomegaly,Recruiting,Phase 2,['Splenomegaly' 'Myelofibrosis'],"['Ruxolitinib' 'Allogeneic Stem Cell Transplantation' 'Levetiracetam'
 'Eltrombopag' 'Busulfan' 'Romiplostim' 'Fludarabine phosphate'
 'Cyclophosphamide' 'Mesna' 'Tacrolimus']",['United States'],M.D. Anderson Cancer Center,M.D. Anderson Cancer Center,Global / Multi-Region,2.0,1.0,0.6,0.3
NCT06345859,Regulation of Affect and Physiology in Depression,Recruiting,Phase 2,['Major Depressive Disorder'],['Heart rate variability biofeedback'],['United States'],University of Southern California,University of Southern California,Global / Multi-Region,2.0,1.0,0.6,0.3
NCT06349980,"A Study to Explore the Reasonable Dosage and Evaluate the Efficacy, Safety and Tolerability of HLX10 and HLX04 with or Without HLX53 in Untreated, Locally Advanced or Metastatic Hepatocellular Carcinoma Patients.",Recruiting,Phase 2,"['Carcinoma, Hepatocellular']",['HLX53 (1000mg)' 'HLX53 (2000mg)' 'HLX10' 'HLX04' 'Placebo'],['China'],Shanghai Henlius Biotech,Shanghai Henlius Biotech,Global / Multi-Region,2.0,1.0,0.6,0.3
NCT06347159,A Study of EDG-7500 in Adults With Hypertrophic Cardiomyopathy (CIRRUS-HCM),Recruiting,Phase 2,['Hypertrophic Cardiomyopathy'],['EDG-7500' 'EDG-7500'],['United States'],"Edgewise Therapeutics, Inc.","Edgewise Therapeutics, Inc.",Global / Multi-Region,2.0,1.0,0.6,0.3
NCT06347653,Linperlisib-based Treatment Regimen in Newly Diagnosed Nodal T-follicular Helper Cell Lymphoma (nTFHL),Recruiting,Phase 2,['Nodal T-follicular Helper Cell Lymphoma'],['linperlisib combined with CHOP regimen'],['China'],Peking University,Peking University,Global / Multi-Region,2.0,1.0,0.6,0.3
NCT06347705,A Study of 2141-V11 in Combination With Standard Treatments in People With Prostate Cancer,Recruiting,Phase 2,['Prostate Cancer'],['2141-V11 Antibody'],['United States'],Memorial Sloan Kettering Cancer Center,Memorial Sloan Kettering Cancer Center,Global / Multi-Region,2.0,1.0,0.6,0.3
NCT06348264,"Adjuvant Rezvilutamide in Combination With Androgen Deprivation Therapy in Androgen Receptor-positive, High-risk Salivary Duct Carcinoma",Recruiting,Phase 2,['Salivary Gland Neoplasm Duct'],['Rezvilutamide' 'Leuprolide Acetate'],['China'],Peking University First Hospital,Peking University First Hospital,Global / Multi-Region,2.0,1.0,0.6,0.3
NCT06348927,Sunvozertinib Plus Anlotinib as 1L Treatment in EGFR-Sensitive Mutations Combined With Co-Mutations Advanced NSCLC,Recruiting,Phase 2,['Non-Small Cell Lung Cancer'],['sunvozertinib in combination with Anlotinib'],['China'],Hunan Province Tumor Hospital,Hunan Province Tumor Hospital,Global / Multi-Region,2.0,1.0,0.6,0.3
NCT06349317,Neoadjuvant IMRT Combined With Camrelizumab and Apatinib for Resectable HCC With PVTT,Recruiting,Phase 2,['Hepatocellular Carcinoma'],['Neoadjuvant intensity-modulated radiotherapy combined with perioperative camrelizumab and apatinib'],['China'],Yongyi Zeng,Yongyi Zeng,Global / Multi-Region,2.0,1.0,0.6,0.3
NCT06349889,Adebrelimab and Chemoradiotherapy in High-risk LANPC,Recruiting,Phase 2,['Nasopharyngeal Carcinoma' 'Nasopharyngeal Cancer'],['Adebrelimab'],['China'],Sun Yat-sen University,Sun Yat-sen University,Global / Multi-Region,2.0,1.0,0.6,0.3
NCT06355531,"A Study to Assess the Efficacy, Safety, and Pharmacokinetics of FNP-223 to Slow Progression of Progressive Supranuclear Palsy (PSP)","Active, not recruiting",Phase 2,['Progressive Supranuclear Palsy'],['FNP-223' 'Placebo'],"['France' 'Germany' 'Hungary' 'Italy' 'Poland' 'Portugal' 'Spain'
 'United Kingdom' 'United States']",Ferrer Internacional S.A.,Ferrer Internacional S.A.,Global / Multi-Region,2.0,1.0,0.6,0.3
NCT06355583,Intestinal Microbiota Transplant Prior to Allogeneic Stem Cell Transplant (MAST) Trial,Recruiting,Phase 2,"['Acute Lymphoblastic Leukaemia' 'Acute Leukemia of Ambiguous Lineage'
 'Chronic Myeloid Leukemia' 'Chronic Myelomonocytic Leukemia'
 'Myelodysplastic Syndrome' 'Acute Myeloid Leukemia']",['EBX-102' 'Placebo'],['United Kingdom'],Imperial College London,Imperial College London,Global / Multi-Region,2.0,1.0,0.6,0.3
NCT06355609,Sunvozertinib Plus Anlotinib as 1L Treatment in EGFR Mutant Advanced NSCLC-RW,Recruiting,Phase 2,['Non-small Cell Lung Cancer'],['sunvozertinib in combination with Anlotinib'],['China'],Hunan Province Tumor Hospital,Hunan Province Tumor Hospital,Global / Multi-Region,2.0,1.0,0.6,0.3
NCT06363825,A Study of TAE+HAIC Combined With Camrelizumab and Apatinib in the Treatment of Advanced Hepatocellular Carcinoma,Recruiting,Phase 2,['Advanced Hepatocellular Carcinoma'],['camrelizumab'],['China'],Fujian Medical University,Fujian Medical University,Global / Multi-Region,2.0,1.0,0.6,0.3
NCT06361940,Molecular Analyses to Predict Pathways of Endocrine Resistance Following Short Term Neoadjuvant Endocrine Treatment in Patients With Hormone Receptor-Positive HER2-negative Breast Cancer,Recruiting,Phase 2,['Breast Cancer'],['Aromatase inhibitors or tamoxifen'],['United States'],Medical College of Wisconsin,Medical College of Wisconsin,Global / Multi-Region,2.0,1.0,0.6,0.3
NCT06362317,Toripalimab With or Without Lenvatinib or Chemotherapy in First-Line Treatment of Advanced Biliary Tract Cancer,Recruiting,Phase 2,['Biliary Tract Neoplasms Immunotherapy'],['Toripalimab' 'Lenvatinib' 'Gemox Chemotherapy（Gemox or GC）'],['China'],Peking Union Medical College Hospital,Peking Union Medical College Hospital,Global / Multi-Region,2.0,1.0,0.6,0.3
NCT06362694,Study of the Rechallenge Concept in Patients With BRAF-positive Anaplastic Thyroid Cancer After Progression on Anti-BRAF Therapy,Recruiting,Phase 2,['Anaplastic Thyroid Cancer'],['Dabrafenib + Trametinib'],['Russia'],"Saint Petersburg State University, Russia","Saint Petersburg State University, Russia",Global / Multi-Region,2.0,1.0,0.6,0.3
NCT06362707,Fasudil Trial for Treatment of Early Alzheimer's Disease (FEAD),Recruiting,Phase 2,"['Cognitive Decline, Mild' 'Alzheimer Disease']",['Fasudil' 'Placebo'],['Norway'],Helse Stavanger HF,Helse Stavanger HF,Global / Multi-Region,2.0,1.0,0.6,0.3
NCT06362759,A Study to Evaluate TOUR006 in Patients With Chronic Kidney Disease and Elevated Hs-CRP,"Active, not recruiting",Phase 2,"['Chronic Kidney Diseases' 'Chronic Kidney Insufficiency'
 'Chronic Renal Diseases' 'Chronic Renal Insufficiency'
 'Kidney Insufficiency, Chronic' 'C-Reactive Protein'
 'High Sensitivity C-Reactive Protein' 'Hs-CRP' 'hsCRP']",['TOUR006 - 50 MG' 'TOUR006 - 25 MG' 'TOUR006 - 15 MG' 'Placebo'],['United States'],"Tourmaline Bio, Inc.","Tourmaline Bio, Inc.",Global / Multi-Region,2.0,1.0,0.6,0.3
NCT06362967,The Efficacy and Safety of Desensitation Regimen for Patients With High Titers of Anti-HLA Antibodies Prior to Allo-HSCT,Recruiting,Phase 2,['High Titers of Anti-HLA Antibody (MFI ≥5000)'],"['Immunoadsorption or plasma exchange combined with rituximab, high-dose IVIG']",['China'],Anhui Provincial Hospital,Anhui Provincial Hospital,Global / Multi-Region,2.0,1.0,0.6,0.3
NCT06363734,"Osimertinib Plus Dalpiciclib in Patients With EGFR-mutant, CDK4/6 Pathway Aberrant, Advanced Non-small Cell Lung Cancer Following Acquired Resistance to Third-generation EGFR TKI: a Phase II Trial",Recruiting,Phase 2,"['Non-small Cell Lung Cancer' 'EGFR Activating Mutation'
 'Cell Cycle Deregulation' 'EGFR-TKI Resistant Mutation']",['Osimertinib plus Dalpiciclib'],['China'],Tianjin Medical University Cancer Institute and Hospital,Tianjin Medical University Cancer Institute and Hospital,Global / Multi-Region,2.0,1.0,0.6,0.3
NCT06364007,HAIC Combined With Durvalumab and Tremelimumab and Lenvatinib in uHCC,Recruiting,Phase 2,['Hepatocellular Carcinoma'],['HAIC+STRIDE+Len'],['China'],Sulai Liu,Sulai Liu,Global / Multi-Region,2.0,1.0,0.6,0.3
NCT06360588,Testing Copanlisib as Potentially Targeting Treatment in Cancers With PTEN Loss (MATCH - Subprotocol Z1G),"Active, not recruiting",Phase 2,['Malignant Solid Neoplasm'],"['Biopsy Procedure' 'Biospecimen Collection' 'Copanlisib'
 'Radiologic Examination']",['United States'],National Cancer Institute (NCI),National Cancer Institute (NCI),Global / Multi-Region,2.0,1.0,0.6,0.3
NCT06364176,Targeting Inflammation With Losartan to Improve Response to Modulator Therapy in Cystic Fibrosis.,Recruiting,Phase 2,['Cystic Fibrosis'],['Losartan' 'Placebo'],['United States'],University of Kansas Medical Center,University of Kansas Medical Center,Global / Multi-Region,2.0,1.0,0.6,0.3
NCT06364228,Intranasal Oxytocin Intervention for Caregivers to Persons With Dementia,Recruiting,Phase 2,['Stress'],"['Placebo' 'Oxytocin Intranasal Spray 12 International Unit (12IU)'
 'Oxytocin Intranasal Spray 24 International Unit (24IU)' 'Functional MRI']",['United States'],University of Nebraska,University of Nebraska,Global / Multi-Region,2.0,1.0,0.6,0.3
NCT06364384,Radical Concurrent Chemoradiotherapy With DDP/5-FU and PD-1 Antibody for Non-metastatic Rectal Squamous Cell Carcinoma,Recruiting,Phase 2,['Rectal Squamous Cell Carcinoma'],['PD-1 and CRT'],['China'],"Sixth Affiliated Hospital, Sun Yat-sen University","Sixth Affiliated Hospital, Sun Yat-sen University",Global / Multi-Region,2.0,1.0,0.6,0.3
NCT06364917,DISCERN: Dual Versus Single ICB in PDL-1 Negative NSCLC,Recruiting,Phase 2,['Non Small Cell Lung Cancer'],"['Pembrolizumab' 'Carboplatin' 'Paclitaxel' 'Pemetrexed' 'Nivolumab'
 'Ipilimumab']",['United States'],University of Alabama at Birmingham,University of Alabama at Birmingham,Global / Multi-Region,2.0,1.0,0.6,0.3
NCT06365008,Sintilimab Plus FOLFIRI as Salvage Therapy for Patients With Advanced Gastric Cancer,Recruiting,Phase 2,['Unresectable/Metastatic Gastric Cancer'],['Sintilimab+irinotecan+leucovorin folinate+fluorouracil'],['China'],Sun Yat-Sen Memorial Hospital of Sun Yat-Sen University,Sun Yat-Sen Memorial Hospital of Sun Yat-Sen University,Global / Multi-Region,2.0,1.0,0.6,0.3
NCT06365216,ALS Phase II Study of NX210c,Recruiting,Phase 2,['Amyotrophic Lateral Sclerosis'],['NX210c' 'Placebo'],['France'],Axoltis Pharma,Axoltis Pharma,Global / Multi-Region,2.0,1.0,0.6,0.3
NCT06365619,"Neoadjuvant Ipilimumab/Nivolumab for Patients With Recurrent, High Risk, Resectable Melanoma",Recruiting,Phase 2,['Melanoma'],['Ipilimumab' 'Nivolumab'],['United States'],University of Utah,University of Utah,Global / Multi-Region,2.0,1.0,0.6,0.3
NCT06361927,A Phase II Study of SSGJ-707 Monotherapy in First-line PD-L1 Positive Advanced NSCLC Patients,Recruiting,Phase 2,['NSCLC'],['SSGJ-707'],['China'],"Sunshine Guojian Pharmaceutical (Shanghai) Co., Ltd.","Sunshine Guojian Pharmaceutical (Shanghai) Co., Ltd.",Global / Multi-Region,2.0,1.0,0.6,0.3
NCT06360575,Testing Crizotinib as Potentially Targeted Treatment in Cancers With MET Exon 14 Deletion Genetic Changes (MATCH - Subprotocol C2),"Active, not recruiting",Phase 2,"['Advanced Lymphoma' 'Advanced Malignant Solid Neoplasm'
 'Refractory Lymphoma' 'Refractory Malignant Solid Neoplasm'
 'Refractory Multiple Myeloma']","['Biopsy Procedure' 'Biospecimen Collection' 'Crizotinib'
 'Radiologic Examination']",['United States'],National Cancer Institute (NCI),National Cancer Institute (NCI),Global / Multi-Region,2.0,1.0,0.6,0.3
NCT06356155,Study of Neoadjuvant Enfortumab Vedotin and Pembrolizumab in Cisplatin-eligible Upper Tract Urothelial Cancer,Recruiting,Phase 2,['Urothelial Carcinoma'],['Enfortumab vedotin' 'Pembrolizumab'],['United States'],University of Michigan Rogel Cancer Center,University of Michigan Rogel Cancer Center,Global / Multi-Region,2.0,1.0,0.6,0.3
NCT06357975,Testing Crizotinib as Potentially Targeted Treatment in Cancers With MET Genetic Changes (MATCH - Subprotocol C1),"Active, not recruiting",Phase 2,"['Advanced Lymphoma' 'Advanced Malignant Solid Neoplasm'
 'Refractory Lymphoma' 'Refractory Malignant Solid Neoplasm'
 'Refractory Multiple Myeloma']","['Biopsy Procedure' 'Biospecimen Collection' 'Crizotinib'
 'Radiologic Examination']",['United States'],National Cancer Institute (NCI),National Cancer Institute (NCI),Global / Multi-Region,2.0,1.0,0.6,0.3
